2025.10.03 23:12:11 INFO  Started: Metals version 1.6.2 in folders 'C:\Users\alexm\OneDrive\Documentos\ProyectosGit\git-integrator-1' for client Visual Studio Code 1.104.3.
2025.10.03 23:12:11 INFO  no build target found for C:\Users\alexm\OneDrive\Documentos\ProyectosGit\git-integrator-1\src\main\java\Integrador\Pasteleria\service\ProductoService.java. Using fallback presentation compiler.
2025.10.03 23:12:13 INFO  no build target found for C:\Users\alexm\OneDrive\Documentos\ProyectosGit\git-integrator-1\src\main\java\Integrador\Pasteleria\service\ProductoService.java. Using fallback presentation compiler.
2025.10.03 23:12:14 INFO  no build target found for C:\Users\alexm\OneDrive\Documentos\ProyectosGit\git-integrator-1\src\main\java\Integrador\Pasteleria\service\ProductoService.java. Using fallback presentation compiler.
2025.10.03 23:12:14 INFO  no build target found for C:\Users\alexm\OneDrive\Documentos\ProyectosGit\git-integrator-1\src\main\java\Integrador\Pasteleria\service\ProductoService.java. Using fallback presentation compiler.
2025.10.03 23:12:28 WARN  no build target for: C:\Users\alexm\OneDrive\Documentos\ProyectosGit\git-integrator-1\src\main\java\Integrador\Pasteleria\Repositorio\DetallePedidoRepositorio.java
2025.10.03 23:12:28 WARN  no build target for: C:\Users\alexm\OneDrive\Documentos\ProyectosGit\git-integrator-1\src\main\java\Integrador\Pasteleria\resource\ProveedorResource.java
2025.10.03 23:12:28 WARN  no build target for: C:\Users\alexm\OneDrive\Documentos\ProyectosGit\git-integrator-1\src\main\java\Integrador\Pasteleria\Repositorio\PedidoRepositorio.java
2025.10.03 23:12:28 WARN  no build target for: C:\Users\alexm\OneDrive\Documentos\ProyectosGit\git-integrator-1\src\main\java\Integrador\Pasteleria\dto\ProveedorDTO.java
2025.10.03 23:12:28 WARN  no build target for: C:\Users\alexm\OneDrive\Documentos\ProyectosGit\git-integrator-1\src\main\java\Integrador\Pasteleria\Repositorio\ProductoRepositorio.java
2025.10.03 23:12:28 WARN  no build target for: C:\Users\alexm\OneDrive\Documentos\ProyectosGit\git-integrator-1\src\main\java\Integrador\Pasteleria\service\ProductoService.java
2025.10.03 23:12:28 WARN  no build target for: C:\Users\alexm\OneDrive\Documentos\ProyectosGit\git-integrator-1\src\main\java\Integrador\Pasteleria\dto\DatosPedidoDTO.java
2025.10.03 23:12:28 WARN  no build target for: C:\Users\alexm\OneDrive\Documentos\ProyectosGit\git-integrator-1\src\main\java\Integrador\Pasteleria\Repositorio\ProveedorRepositorio.java
2025.10.03 23:12:28 WARN  no build target for: C:\Users\alexm\OneDrive\Documentos\ProyectosGit\git-integrator-1\src\main\java\Integrador\Pasteleria\dto\DetallePedidoDTO.java
2025.10.03 23:12:28 WARN  no build target for: C:\Users\alexm\OneDrive\Documentos\ProyectosGit\git-integrator-1\src\main\java\Integrador\Pasteleria\service\PedidoService.java
2025.10.03 23:12:28 WARN  no build target for: C:\Users\alexm\OneDrive\Documentos\ProyectosGit\git-integrator-1\src\main\java\Integrador\Pasteleria\resource\PedidoResource.java
2025.10.03 23:12:28 WARN  no build target for: C:\Users\alexm\OneDrive\Documentos\ProyectosGit\git-integrator-1\src\main\java\Integrador\Pasteleria\dto\ProductoDTO.java
2025.10.03 23:12:28 WARN  no build target for: C:\Users\alexm\OneDrive\Documentos\ProyectosGit\git-integrator-1\src\main\java\Integrador\Pasteleria\resource\ProductoResource.java
2025.10.03 23:12:28 WARN  no build target for: C:\Users\alexm\OneDrive\Documentos\ProyectosGit\git-integrator-1\src\main\java\Integrador\Pasteleria\service\ProveedorService.java
2025.10.03 23:12:28 WARN  no build target for: C:\Users\alexm\OneDrive\Documentos\ProyectosGit\git-integrator-1\src\main\java\Integrador\Pasteleria\dto\CrearPedidoRequestDTO.java
2025.10.03 23:12:28 WARN  no build target for: C:\Users\alexm\OneDrive\Documentos\ProyectosGit\git-integrator-1\src\main\java\Integrador\Pasteleria\resource\DetallePedidoResource.java
2025.10.03 23:12:28 WARN  no build target for: C:\Users\alexm\OneDrive\Documentos\ProyectosGit\git-integrator-1\src\main\java\Integrador\Pasteleria\dto\PedidoDTO.java
2025.10.03 23:12:28 WARN  no build target for: C:\Users\alexm\OneDrive\Documentos\ProyectosGit\git-integrator-1\src\main\java\Integrador\Pasteleria\entity\Proveedor.java
2025.10.03 23:12:28 WARN  no build target for: C:\Users\alexm\OneDrive\Documentos\ProyectosGit\git-integrator-1\src\main\java\Integrador\Pasteleria\entity\DetallePedido.java
2025.10.03 23:12:28 WARN  no build target for: C:\Users\alexm\OneDrive\Documentos\ProyectosGit\git-integrator-1\src\main\java\Integrador\Pasteleria\service\DetallePedidoService.java
2025.10.03 23:12:28 WARN  no build target for: C:\Users\alexm\OneDrive\Documentos\ProyectosGit\git-integrator-1\src\main\java\Integrador\Pasteleria\entity\Pedido.java
2025.10.03 23:12:28 INFO  no build target found for C:\Users\alexm\OneDrive\Documentos\ProyectosGit\git-integrator-1\src\main\java\Integrador\Pasteleria\service\ProductoService.java. Using fallback presentation compiler.
2025.10.03 23:12:28 INFO  no build target found for C:\Users\alexm\OneDrive\Documentos\ProyectosGit\git-integrator-1\src\main\java\Integrador\Pasteleria\service\ProductoService.java. Using fallback presentation compiler.
2025.10.03 23:12:29 INFO  no build target found for C:\Users\alexm\OneDrive\Documentos\ProyectosGit\git-integrator-1\src\main\java\Integrador\Pasteleria\service\ProductoService.java. Using fallback presentation compiler.
2025.10.03 23:12:30 INFO  time: code lens generation in 1.99s
2025.10.03 23:12:30 INFO  no build target found for C:\Users\alexm\OneDrive\Documentos\ProyectosGit\git-integrator-1\src\main\java\Integrador\Pasteleria\service\ProductoService.java. Using fallback presentation compiler.
2025.10.03 23:12:30 INFO  no build target found for C:\Users\alexm\OneDrive\Documentos\ProyectosGit\git-integrator-1\src\main\java\Integrador\Pasteleria\service\ProductoService.java. Using fallback presentation compiler.
2025.10.03 23:12:32 INFO  no build target found for C:\Users\alexm\OneDrive\Documentos\ProyectosGit\git-integrator-1\src\main\java\Integrador\Pasteleria\service\ProductoService.java. Using fallback presentation compiler.
2025.10.03 23:12:32 INFO  no build target found for C:\Users\alexm\OneDrive\Documentos\ProyectosGit\git-integrator-1\src\main\java\Integrador\Pasteleria\service\ProductoService.java. Using fallback presentation compiler.
2025.10.03 23:12:32 INFO  no build target found for C:\Users\alexm\OneDrive\Documentos\ProyectosGit\git-integrator-1\src\main\java\Integrador\Pasteleria\service\ProductoService.java. Using fallback presentation compiler.
2025.10.03 23:12:32 INFO  no build target found for C:\Users\alexm\OneDrive\Documentos\ProyectosGit\git-integrator-1\src\main\java\Integrador\Pasteleria\service\ProductoService.java. Using fallback presentation compiler.
2025.10.03 23:12:32 INFO  no build target found for C:\Users\alexm\OneDrive\Documentos\ProyectosGit\git-integrator-1\src\main\java\Integrador\Pasteleria\service\ProductoService.java. Using fallback presentation compiler.
2025.10.03 23:12:32 INFO  no build target found for C:\Users\alexm\OneDrive\Documentos\ProyectosGit\git-integrator-1\src\main\java\Integrador\Pasteleria\service\ProductoService.java. Using fallback presentation compiler.
2025.10.03 23:12:32 INFO  no build target found for C:\Users\alexm\OneDrive\Documentos\ProyectosGit\git-integrator-1\src\main\java\Integrador\Pasteleria\service\ProductoService.java. Using fallback presentation compiler.
2025.10.03 23:12:33 INFO  no build target found for C:\Users\alexm\OneDrive\Documentos\ProyectosGit\git-integrator-1\src\main\java\Integrador\Pasteleria\service\ProductoService.java. Using fallback presentation compiler.
2025.10.03 23:12:33 INFO  no build target found for C:\Users\alexm\OneDrive\Documentos\ProyectosGit\git-integrator-1\src\main\java\Integrador\Pasteleria\service\ProductoService.java. Using fallback presentation compiler.
2025.10.03 23:12:33 INFO  no build target found for C:\Users\alexm\OneDrive\Documentos\ProyectosGit\git-integrator-1\src\main\java\Integrador\Pasteleria\service\ProductoService.java. Using fallback presentation compiler.
2025.10.03 23:12:34 INFO  no build target found for C:\Users\alexm\OneDrive\Documentos\ProyectosGit\git-integrator-1\src\main\java\Integrador\Pasteleria\service\ProductoService.java. Using fallback presentation compiler.
2025.10.03 23:12:50 INFO  no build target found for C:\Users\alexm\OneDrive\Documentos\ProyectosGit\git-integrator-1\src\main\java\Integrador\Pasteleria\service\ProductoService.java. Using fallback presentation compiler.
2025.10.03 23:12:50 INFO  no build target found for C:\Users\alexm\OneDrive\Documentos\ProyectosGit\git-integrator-1\src\main\java\Integrador\Pasteleria\service\ProductoService.java. Using fallback presentation compiler.
2025.10.03 23:12:50 INFO  no build target found for C:\Users\alexm\OneDrive\Documentos\ProyectosGit\git-integrator-1\src\main\java\Integrador\Pasteleria\service\ProductoService.java. Using fallback presentation compiler.
2025.10.03 23:12:50 INFO  no build target found for C:\Users\alexm\OneDrive\Documentos\ProyectosGit\git-integrator-1\src\main\java\Integrador\Pasteleria\service\ProductoService.java. Using fallback presentation compiler.
2025.10.03 23:12:52 WARN  no build target for: C:\Users\alexm\OneDrive\Documentos\ProyectosGit\git-integrator-1\src\main\java\Integrador\Pasteleria\service\ProductoService.java
2025.10.03 23:12:52 INFO  no build target found for C:\Users\alexm\OneDrive\Documentos\ProyectosGit\git-integrator-1\src\main\java\Integrador\Pasteleria\service\ProductoService.java. Using fallback presentation compiler.
2025.10.03 23:12:54 INFO  no build target found for C:\Users\alexm\OneDrive\Documentos\ProyectosGit\git-integrator-1\src\main\java\Integrador\Pasteleria\service\ProductoService.java. Using fallback presentation compiler.
2025.10.03 23:12:58 INFO  no build target found for C:\Users\alexm\OneDrive\Documentos\ProyectosGit\git-integrator-1\src\main\java\Integrador\Pasteleria\service\ProductoService.java. Using fallback presentation compiler.
2025.10.03 23:13:11 INFO  no build target found for C:\Users\alexm\OneDrive\Documentos\ProyectosGit\git-integrator-1\src\main\java\Integrador\Pasteleria\service\ProductoService.java. Using fallback presentation compiler.
2025.10.03 23:13:23 INFO  no build target found for C:\Users\alexm\OneDrive\Documentos\ProyectosGit\git-integrator-1\src\main\java\Integrador\Pasteleria\service\ProductoService.java. Using fallback presentation compiler.
2025.10.03 23:13:39 INFO  no build target found for C:\Users\alexm\OneDrive\Documentos\ProyectosGit\git-integrator-1\src\main\java\Integrador\Pasteleria\service\ProductoService.java. Using fallback presentation compiler.
2025.10.03 23:13:39 INFO  no build target found for C:\Users\alexm\OneDrive\Documentos\ProyectosGit\git-integrator-1\src\main\java\Integrador\Pasteleria\service\ProductoService.java. Using fallback presentation compiler.
2025.10.03 23:13:40 INFO  no build target found for C:\Users\alexm\OneDrive\Documentos\ProyectosGit\git-integrator-1\src\main\java\Integrador\Pasteleria\service\ProductoService.java. Using fallback presentation compiler.
2025.10.03 23:13:42 INFO  no build target found for C:\Users\alexm\OneDrive\Documentos\ProyectosGit\git-integrator-1\src\main\java\Integrador\Pasteleria\service\ProductoService.java. Using fallback presentation compiler.
2025.10.03 23:13:43 INFO  no build target found for C:\Users\alexm\OneDrive\Documentos\ProyectosGit\git-integrator-1\src\main\java\Integrador\Pasteleria\service\ProductoService.java. Using fallback presentation compiler.
2025.10.03 23:13:43 INFO  no build target found for C:\Users\alexm\OneDrive\Documentos\ProyectosGit\git-integrator-1\src\main\java\Integrador\Pasteleria\service\ProductoService.java. Using fallback presentation compiler.
2025.10.03 23:13:43 INFO  no build target found for C:\Users\alexm\OneDrive\Documentos\ProyectosGit\git-integrator-1\src\main\java\Integrador\Pasteleria\service\ProductoService.java. Using fallback presentation compiler.
2025.10.03 23:13:44 INFO  no build target found for C:\Users\alexm\OneDrive\Documentos\ProyectosGit\git-integrator-1\src\main\java\Integrador\Pasteleria\service\ProductoService.java. Using fallback presentation compiler.
2025.10.03 23:13:49 INFO  no build target found for C:\Users\alexm\OneDrive\Documentos\ProyectosGit\git-integrator-1\src\main\java\Integrador\Pasteleria\service\ProductoService.java. Using fallback presentation compiler.
2025.10.03 23:13:49 INFO  no build target found for C:\Users\alexm\OneDrive\Documentos\ProyectosGit\git-integrator-1\src\main\java\Integrador\Pasteleria\service\ProductoService.java. Using fallback presentation compiler.
2025.10.03 23:13:49 INFO  no build target found for C:\Users\alexm\OneDrive\Documentos\ProyectosGit\git-integrator-1\src\main\java\Integrador\Pasteleria\service\ProductoService.java. Using fallback presentation compiler.
2025.10.03 23:13:49 INFO  no build target found for C:\Users\alexm\OneDrive\Documentos\ProyectosGit\git-integrator-1\src\main\java\Integrador\Pasteleria\service\ProductoService.java. Using fallback presentation compiler.
2025.10.03 23:13:51 INFO  no build target found for C:\Users\alexm\OneDrive\Documentos\ProyectosGit\git-integrator-1\src\main\java\Integrador\Pasteleria\service\ProductoService.java. Using fallback presentation compiler.
2025.10.03 23:13:51 INFO  no build target found for C:\Users\alexm\OneDrive\Documentos\ProyectosGit\git-integrator-1\src\main\java\Integrador\Pasteleria\service\ProductoService.java. Using fallback presentation compiler.
2025.10.03 23:13:51 INFO  no build target found for C:\Users\alexm\OneDrive\Documentos\ProyectosGit\git-integrator-1\src\main\java\Integrador\Pasteleria\service\ProductoService.java. Using fallback presentation compiler.
2025.10.03 23:13:51 INFO  no build target found for C:\Users\alexm\OneDrive\Documentos\ProyectosGit\git-integrator-1\src\main\java\Integrador\Pasteleria\service\ProductoService.java. Using fallback presentation compiler.
2025.10.03 23:13:51 INFO  no build target found for C:\Users\alexm\OneDrive\Documentos\ProyectosGit\git-integrator-1\src\main\java\Integrador\Pasteleria\service\ProductoService.java. Using fallback presentation compiler.
2025.10.03 23:13:51 INFO  no build target found for C:\Users\alexm\OneDrive\Documentos\ProyectosGit\git-integrator-1\src\main\java\Integrador\Pasteleria\service\ProductoService.java. Using fallback presentation compiler.
2025.10.03 23:13:52 INFO  no build target found for C:\Users\alexm\OneDrive\Documentos\ProyectosGit\git-integrator-1\src\main\java\Integrador\Pasteleria\service\ProductoService.java. Using fallback presentation compiler.
2025.10.03 23:13:52 INFO  no build target found for C:\Users\alexm\OneDrive\Documentos\ProyectosGit\git-integrator-1\src\main\java\Integrador\Pasteleria\service\ProductoService.java. Using fallback presentation compiler.
2025.10.03 23:13:52 INFO  no build target found for C:\Users\alexm\OneDrive\Documentos\ProyectosGit\git-integrator-1\src\main\java\Integrador\Pasteleria\service\ProductoService.java. Using fallback presentation compiler.
2025.10.03 23:13:52 INFO  no build target found for C:\Users\alexm\OneDrive\Documentos\ProyectosGit\git-integrator-1\src\main\java\Integrador\Pasteleria\service\ProductoService.java. Using fallback presentation compiler.
2025.10.03 23:13:52 INFO  no build target found for C:\Users\alexm\OneDrive\Documentos\ProyectosGit\git-integrator-1\src\main\java\Integrador\Pasteleria\service\ProductoService.java. Using fallback presentation compiler.
2025.10.03 23:13:59 INFO  no build target found for C:\Users\alexm\OneDrive\Documentos\ProyectosGit\git-integrator-1\src\main\java\Integrador\Pasteleria\service\ProductoService.java. Using fallback presentation compiler.
2025.10.03 23:13:59 INFO  no build target found for C:\Users\alexm\OneDrive\Documentos\ProyectosGit\git-integrator-1\src\main\java\Integrador\Pasteleria\service\ProductoService.java. Using fallback presentation compiler.
2025.10.03 23:13:59 INFO  no build target found for C:\Users\alexm\OneDrive\Documentos\ProyectosGit\git-integrator-1\src\main\java\Integrador\Pasteleria\service\ProductoService.java. Using fallback presentation compiler.
2025.10.03 23:13:59 INFO  no build target found for C:\Users\alexm\OneDrive\Documentos\ProyectosGit\git-integrator-1\src\main\java\Integrador\Pasteleria\service\ProductoService.java. Using fallback presentation compiler.
2025.10.03 23:14:08 INFO  no build target found for C:\Users\alexm\OneDrive\Documentos\ProyectosGit\git-integrator-1\src\main\java\Integrador\Pasteleria\service\ProductoService.java. Using fallback presentation compiler.
2025.10.03 23:14:08 INFO  no build target found for C:\Users\alexm\OneDrive\Documentos\ProyectosGit\git-integrator-1\src\main\java\Integrador\Pasteleria\service\ProductoService.java. Using fallback presentation compiler.
2025.10.03 23:14:08 INFO  no build target found for C:\Users\alexm\OneDrive\Documentos\ProyectosGit\git-integrator-1\src\main\java\Integrador\Pasteleria\service\ProductoService.java. Using fallback presentation compiler.
2025.10.03 23:14:08 INFO  no build target found for C:\Users\alexm\OneDrive\Documentos\ProyectosGit\git-integrator-1\src\main\java\Integrador\Pasteleria\service\ProductoService.java. Using fallback presentation compiler.
2025.10.03 23:14:10 WARN  no build target for: C:\Users\alexm\OneDrive\Documentos\ProyectosGit\git-integrator-1\src\main\java\Integrador\Pasteleria\service\ProductoService.java
2025.10.03 23:14:10 INFO  no build target found for C:\Users\alexm\OneDrive\Documentos\ProyectosGit\git-integrator-1\src\main\java\Integrador\Pasteleria\service\ProductoService.java. Using fallback presentation compiler.
2025.10.03 23:14:12 INFO  no build target found for C:\Users\alexm\OneDrive\Documentos\ProyectosGit\git-integrator-1\src\main\java\Integrador\Pasteleria\service\ProductoService.java. Using fallback presentation compiler.
2025.10.03 23:14:12 INFO  no build target found for C:\Users\alexm\OneDrive\Documentos\ProyectosGit\git-integrator-1\src\main\java\Integrador\Pasteleria\service\ProductoService.java. Using fallback presentation compiler.
2025.10.03 23:14:16 INFO  no build target found for C:\Users\alexm\OneDrive\Documentos\ProyectosGit\git-integrator-1\src\main\java\Integrador\Pasteleria\service\ProductoService.java. Using fallback presentation compiler.
2025.10.03 23:14:20 INFO  no build target found for C:\Users\alexm\OneDrive\Documentos\ProyectosGit\git-integrator-1\src\main\java\Integrador\Pasteleria\service\ProductoService.java. Using fallback presentation compiler.
2025.10.03 23:14:20 INFO  no build target found for C:\Users\alexm\OneDrive\Documentos\ProyectosGit\git-integrator-1\src\main\java\Integrador\Pasteleria\service\ProductoService.java. Using fallback presentation compiler.
2025.10.03 23:14:23 INFO  no build target found for C:\Users\alexm\OneDrive\Documentos\ProyectosGit\git-integrator-1\src\main\java\Integrador\Pasteleria\service\ProductoService.java. Using fallback presentation compiler.
2025.10.03 23:14:23 INFO  no build target found for C:\Users\alexm\OneDrive\Documentos\ProyectosGit\git-integrator-1\src\main\java\Integrador\Pasteleria\service\ProductoService.java. Using fallback presentation compiler.
2025.10.03 23:14:23 INFO  no build target found for C:\Users\alexm\OneDrive\Documentos\ProyectosGit\git-integrator-1\src\main\java\Integrador\Pasteleria\service\ProductoService.java. Using fallback presentation compiler.
2025.10.03 23:14:28 INFO  no build target found for C:\Users\alexm\OneDrive\Documentos\ProyectosGit\git-integrator-1\src\main\java\Integrador\Pasteleria\service\ProductoService.java. Using fallback presentation compiler.
2025.10.03 23:15:11 INFO  no build target found for C:\Users\alexm\OneDrive\Documentos\ProyectosGit\git-integrator-1\src\main\java\Integrador\Pasteleria\service\ProductoService.java. Using fallback presentation compiler.
2025.10.03 23:15:11 INFO  no build target found for C:\Users\alexm\OneDrive\Documentos\ProyectosGit\git-integrator-1\src\main\java\Integrador\Pasteleria\service\ProductoService.java. Using fallback presentation compiler.
2025.10.03 23:15:33 INFO  no build target found for C:\Users\alexm\OneDrive\Documentos\ProyectosGit\git-integrator-1\src\main\java\Integrador\Pasteleria\service\ProductoService.java. Using fallback presentation compiler.
2025.10.03 23:15:33 INFO  no build target found for C:\Users\alexm\OneDrive\Documentos\ProyectosGit\git-integrator-1\src\main\java\Integrador\Pasteleria\service\ProductoService.java. Using fallback presentation compiler.
2025.10.03 23:15:33 INFO  no build target found for C:\Users\alexm\OneDrive\Documentos\ProyectosGit\git-integrator-1\src\main\java\Integrador\Pasteleria\service\ProductoService.java. Using fallback presentation compiler.
2025.10.03 23:15:34 INFO  no build target found for C:\Users\alexm\OneDrive\Documentos\ProyectosGit\git-integrator-1\src\main\java\Integrador\Pasteleria\service\ProductoService.java. Using fallback presentation compiler.
2025.10.03 23:15:34 INFO  no build target found for C:\Users\alexm\OneDrive\Documentos\ProyectosGit\git-integrator-1\src\main\java\Integrador\Pasteleria\service\ProductoService.java. Using fallback presentation compiler.
2025.10.03 23:15:34 INFO  no build target found for C:\Users\alexm\OneDrive\Documentos\ProyectosGit\git-integrator-1\src\main\java\Integrador\Pasteleria\service\ProductoService.java. Using fallback presentation compiler.
2025.10.03 23:15:35 INFO  no build target found for C:\Users\alexm\OneDrive\Documentos\ProyectosGit\git-integrator-1\src\main\java\Integrador\Pasteleria\service\ProductoService.java. Using fallback presentation compiler.
2025.10.03 23:15:35 INFO  no build target found for C:\Users\alexm\OneDrive\Documentos\ProyectosGit\git-integrator-1\src\main\java\Integrador\Pasteleria\service\ProductoService.java. Using fallback presentation compiler.
2025.10.03 23:15:38 INFO  no build target found for C:\Users\alexm\OneDrive\Documentos\ProyectosGit\git-integrator-1\src\main\java\Integrador\Pasteleria\service\ProductoService.java. Using fallback presentation compiler.
2025.10.03 23:15:38 INFO  no build target found for C:\Users\alexm\OneDrive\Documentos\ProyectosGit\git-integrator-1\src\main\java\Integrador\Pasteleria\service\ProductoService.java. Using fallback presentation compiler.
2025.10.03 23:15:38 INFO  no build target found for C:\Users\alexm\OneDrive\Documentos\ProyectosGit\git-integrator-1\src\main\java\Integrador\Pasteleria\service\ProductoService.java. Using fallback presentation compiler.
2025.10.03 23:15:38 INFO  no build target found for C:\Users\alexm\OneDrive\Documentos\ProyectosGit\git-integrator-1\src\main\java\Integrador\Pasteleria\service\ProductoService.java. Using fallback presentation compiler.
2025.10.03 23:15:38 INFO  no build target found for C:\Users\alexm\OneDrive\Documentos\ProyectosGit\git-integrator-1\src\main\java\Integrador\Pasteleria\service\ProductoService.java. Using fallback presentation compiler.
2025.10.03 23:15:38 INFO  no build target found for C:\Users\alexm\OneDrive\Documentos\ProyectosGit\git-integrator-1\src\main\java\Integrador\Pasteleria\service\ProductoService.java. Using fallback presentation compiler.
2025.10.03 23:15:39 INFO  no build target found for C:\Users\alexm\OneDrive\Documentos\ProyectosGit\git-integrator-1\src\main\java\Integrador\Pasteleria\service\ProductoService.java. Using fallback presentation compiler.
2025.10.03 23:15:38 INFO  no build target found for C:\Users\alexm\OneDrive\Documentos\ProyectosGit\git-integrator-1\src\main\java\Integrador\Pasteleria\service\ProductoService.java. Using fallback presentation compiler.
2025.10.03 23:15:39 INFO  no build target found for C:\Users\alexm\OneDrive\Documentos\ProyectosGit\git-integrator-1\src\main\java\Integrador\Pasteleria\service\ProductoService.java. Using fallback presentation compiler.
2025.10.03 23:15:39 INFO  no build target found for C:\Users\alexm\OneDrive\Documentos\ProyectosGit\git-integrator-1\src\main\java\Integrador\Pasteleria\service\ProductoService.java. Using fallback presentation compiler.
2025.10.03 23:15:39 INFO  no build target found for C:\Users\alexm\OneDrive\Documentos\ProyectosGit\git-integrator-1\src\main\java\Integrador\Pasteleria\service\ProductoService.java. Using fallback presentation compiler.
2025.10.03 23:15:39 INFO  no build target found for C:\Users\alexm\OneDrive\Documentos\ProyectosGit\git-integrator-1\src\main\java\Integrador\Pasteleria\service\ProductoService.java. Using fallback presentation compiler.
2025.10.03 23:15:39 INFO  no build target found for C:\Users\alexm\OneDrive\Documentos\ProyectosGit\git-integrator-1\src\main\java\Integrador\Pasteleria\service\ProductoService.java. Using fallback presentation compiler.
2025.10.03 23:15:40 INFO  no build target found for C:\Users\alexm\OneDrive\Documentos\ProyectosGit\git-integrator-1\src\main\java\Integrador\Pasteleria\service\ProductoService.java. Using fallback presentation compiler.
2025.10.03 23:15:39 INFO  no build target found for C:\Users\alexm\OneDrive\Documentos\ProyectosGit\git-integrator-1\src\main\java\Integrador\Pasteleria\service\ProductoService.java. Using fallback presentation compiler.
2025.10.03 23:15:39 INFO  no build target found for C:\Users\alexm\OneDrive\Documentos\ProyectosGit\git-integrator-1\src\main\java\Integrador\Pasteleria\service\ProductoService.java. Using fallback presentation compiler.
2025.10.03 23:15:39 INFO  no build target found for C:\Users\alexm\OneDrive\Documentos\ProyectosGit\git-integrator-1\src\main\java\Integrador\Pasteleria\service\ProductoService.java. Using fallback presentation compiler.
2025.10.03 23:15:40 INFO  no build target found for C:\Users\alexm\OneDrive\Documentos\ProyectosGit\git-integrator-1\src\main\java\Integrador\Pasteleria\service\ProductoService.java. Using fallback presentation compiler.
2025.10.03 23:15:40 INFO  no build target found for C:\Users\alexm\OneDrive\Documentos\ProyectosGit\git-integrator-1\src\main\java\Integrador\Pasteleria\service\ProductoService.java. Using fallback presentation compiler.
2025.10.03 23:15:40 INFO  no build target found for C:\Users\alexm\OneDrive\Documentos\ProyectosGit\git-integrator-1\src\main\java\Integrador\Pasteleria\service\ProductoService.java. Using fallback presentation compiler.
2025.10.03 23:15:40 INFO  no build target found for C:\Users\alexm\OneDrive\Documentos\ProyectosGit\git-integrator-1\src\main\java\Integrador\Pasteleria\service\ProductoService.java. Using fallback presentation compiler.
2025.10.03 23:15:40 INFO  no build target found for C:\Users\alexm\OneDrive\Documentos\ProyectosGit\git-integrator-1\src\main\java\Integrador\Pasteleria\service\ProductoService.java. Using fallback presentation compiler.
2025.10.03 23:15:40 INFO  no build target found for C:\Users\alexm\OneDrive\Documentos\ProyectosGit\git-integrator-1\src\main\java\Integrador\Pasteleria\service\ProductoService.java. Using fallback presentation compiler.
2025.10.03 23:15:41 INFO  no build target found for C:\Users\alexm\OneDrive\Documentos\ProyectosGit\git-integrator-1\src\main\java\Integrador\Pasteleria\service\ProductoService.java. Using fallback presentation compiler.
2025.10.03 23:15:40 INFO  no build target found for C:\Users\alexm\OneDrive\Documentos\ProyectosGit\git-integrator-1\src\main\java\Integrador\Pasteleria\service\ProductoService.java. Using fallback presentation compiler.
2025.10.03 23:15:40 INFO  no build target found for C:\Users\alexm\OneDrive\Documentos\ProyectosGit\git-integrator-1\src\main\java\Integrador\Pasteleria\service\ProductoService.java. Using fallback presentation compiler.
2025.10.03 23:15:40 INFO  no build target found for C:\Users\alexm\OneDrive\Documentos\ProyectosGit\git-integrator-1\src\main\java\Integrador\Pasteleria\service\ProductoService.java. Using fallback presentation compiler.
2025.10.03 23:15:41 INFO  no build target found for C:\Users\alexm\OneDrive\Documentos\ProyectosGit\git-integrator-1\src\main\java\Integrador\Pasteleria\service\ProductoService.java. Using fallback presentation compiler.
2025.10.03 23:15:41 INFO  no build target found for C:\Users\alexm\OneDrive\Documentos\ProyectosGit\git-integrator-1\src\main\java\Integrador\Pasteleria\service\ProductoService.java. Using fallback presentation compiler.
2025.10.03 23:15:41 INFO  no build target found for C:\Users\alexm\OneDrive\Documentos\ProyectosGit\git-integrator-1\src\main\java\Integrador\Pasteleria\service\ProductoService.java. Using fallback presentation compiler.
2025.10.03 23:15:41 INFO  no build target found for C:\Users\alexm\OneDrive\Documentos\ProyectosGit\git-integrator-1\src\main\java\Integrador\Pasteleria\service\ProductoService.java. Using fallback presentation compiler.
2025.10.03 23:15:41 INFO  no build target found for C:\Users\alexm\OneDrive\Documentos\ProyectosGit\git-integrator-1\src\main\java\Integrador\Pasteleria\service\ProductoService.java. Using fallback presentation compiler.
2025.10.03 23:15:42 INFO  no build target found for C:\Users\alexm\OneDrive\Documentos\ProyectosGit\git-integrator-1\src\main\java\Integrador\Pasteleria\service\ProductoService.java. Using fallback presentation compiler.
2025.10.03 23:15:41 INFO  no build target found for C:\Users\alexm\OneDrive\Documentos\ProyectosGit\git-integrator-1\src\main\java\Integrador\Pasteleria\service\ProductoService.java. Using fallback presentation compiler.
2025.10.03 23:15:44 WARN  no build target for: C:\Users\alexm\OneDrive\Documentos\ProyectosGit\git-integrator-1\src\main\java\Integrador\Pasteleria\service\ProductoService.java
2025.10.03 23:15:44 INFO  no build target found for C:\Users\alexm\OneDrive\Documentos\ProyectosGit\git-integrator-1\src\main\java\Integrador\Pasteleria\service\ProductoService.java. Using fallback presentation compiler.
2025.10.03 23:15:53 INFO  no build target found for C:\Users\alexm\OneDrive\Documentos\ProyectosGit\git-integrator-1\src\main\java\Integrador\Pasteleria\service\ProductoService.java. Using fallback presentation compiler.
2025.10.03 23:15:54 INFO  no build target found for C:\Users\alexm\OneDrive\Documentos\ProyectosGit\git-integrator-1\src\main\java\Integrador\Pasteleria\service\ProductoService.java. Using fallback presentation compiler.
2025.10.03 23:15:55 INFO  no build target found for C:\Users\alexm\OneDrive\Documentos\ProyectosGit\git-integrator-1\src\main\java\Integrador\Pasteleria\service\ProductoService.java. Using fallback presentation compiler.
2025.10.03 23:15:55 INFO  no build target found for C:\Users\alexm\OneDrive\Documentos\ProyectosGit\git-integrator-1\src\main\java\Integrador\Pasteleria\service\ProductoService.java. Using fallback presentation compiler.
2025.10.03 23:15:57 INFO  no build target found for C:\Users\alexm\OneDrive\Documentos\ProyectosGit\git-integrator-1\src\main\java\Integrador\Pasteleria\service\ProductoService.java. Using fallback presentation compiler.
2025.10.03 23:15:57 INFO  no build target found for C:\Users\alexm\OneDrive\Documentos\ProyectosGit\git-integrator-1\src\main\java\Integrador\Pasteleria\service\ProductoService.java. Using fallback presentation compiler.
2025.10.03 23:15:59 INFO  no build target found for C:\Users\alexm\OneDrive\Documentos\ProyectosGit\git-integrator-1\src\main\java\Integrador\Pasteleria\service\ProductoService.java. Using fallback presentation compiler.
2025.10.03 23:16:03 INFO  no build target found for C:\Users\alexm\OneDrive\Documentos\ProyectosGit\git-integrator-1\src\main\java\Integrador\Pasteleria\service\ProductoService.java. Using fallback presentation compiler.
2025.10.03 23:16:04 INFO  no build target found for C:\Users\alexm\OneDrive\Documentos\ProyectosGit\git-integrator-1\src\main\java\Integrador\Pasteleria\service\ProductoService.java. Using fallback presentation compiler.
2025.10.03 23:16:04 INFO  no build target found for C:\Users\alexm\OneDrive\Documentos\ProyectosGit\git-integrator-1\src\main\java\Integrador\Pasteleria\service\ProductoService.java. Using fallback presentation compiler.
2025.10.03 23:16:04 INFO  no build target found for C:\Users\alexm\OneDrive\Documentos\ProyectosGit\git-integrator-1\src\main\java\Integrador\Pasteleria\service\ProductoService.java. Using fallback presentation compiler.
2025.10.03 23:16:05 INFO  no build target found for C:\Users\alexm\OneDrive\Documentos\ProyectosGit\git-integrator-1\src\main\java\Integrador\Pasteleria\service\ProductoService.java. Using fallback presentation compiler.
2025.10.03 23:16:05 INFO  no build target found for C:\Users\alexm\OneDrive\Documentos\ProyectosGit\git-integrator-1\src\main\java\Integrador\Pasteleria\service\ProductoService.java. Using fallback presentation compiler.
2025.10.03 23:16:10 INFO  no build target found for C:\Users\alexm\OneDrive\Documentos\ProyectosGit\git-integrator-1\src\main\java\Integrador\Pasteleria\service\ProductoService.java. Using fallback presentation compiler.
2025.10.03 23:16:10 INFO  no build target found for C:\Users\alexm\OneDrive\Documentos\ProyectosGit\git-integrator-1\src\main\java\Integrador\Pasteleria\service\ProductoService.java. Using fallback presentation compiler.
2025.10.03 23:16:10 INFO  no build target found for C:\Users\alexm\OneDrive\Documentos\ProyectosGit\git-integrator-1\src\main\java\Integrador\Pasteleria\service\ProductoService.java. Using fallback presentation compiler.
2025.10.03 23:16:12 INFO  no build target found for C:\Users\alexm\OneDrive\Documentos\ProyectosGit\git-integrator-1\src\main\java\Integrador\Pasteleria\service\ProductoService.java. Using fallback presentation compiler.
2025.10.03 23:16:22 INFO  no build target found for C:\Users\alexm\OneDrive\Documentos\ProyectosGit\git-integrator-1\src\main\java\Integrador\Pasteleria\service\ProductoService.java. Using fallback presentation compiler.
2025.10.03 23:16:24 INFO  no build target found for C:\Users\alexm\OneDrive\Documentos\ProyectosGit\git-integrator-1\src\main\java\Integrador\Pasteleria\service\ProductoService.java. Using fallback presentation compiler.
2025.10.03 23:16:30 INFO  no build target found for C:\Users\alexm\OneDrive\Documentos\ProyectosGit\git-integrator-1\src\main\java\Integrador\Pasteleria\service\ProductoService.java. Using fallback presentation compiler.
2025.10.03 23:16:32 INFO  no build target found for C:\Users\alexm\OneDrive\Documentos\ProyectosGit\git-integrator-1\src\main\java\Integrador\Pasteleria\service\ProductoService.java. Using fallback presentation compiler.
2025.10.03 23:16:32 INFO  no build target found for C:\Users\alexm\OneDrive\Documentos\ProyectosGit\git-integrator-1\src\main\java\Integrador\Pasteleria\service\ProductoService.java. Using fallback presentation compiler.
2025.10.03 23:16:32 INFO  no build target found for C:\Users\alexm\OneDrive\Documentos\ProyectosGit\git-integrator-1\src\main\java\Integrador\Pasteleria\service\ProductoService.java. Using fallback presentation compiler.
2025.10.03 23:16:32 INFO  no build target found for C:\Users\alexm\OneDrive\Documentos\ProyectosGit\git-integrator-1\src\main\java\Integrador\Pasteleria\service\ProductoService.java. Using fallback presentation compiler.
2025.10.03 23:16:34 INFO  no build target found for C:\Users\alexm\OneDrive\Documentos\ProyectosGit\git-integrator-1\src\main\java\Integrador\Pasteleria\service\ProductoService.java. Using fallback presentation compiler.
2025.10.03 23:16:34 INFO  no build target found for C:\Users\alexm\OneDrive\Documentos\ProyectosGit\git-integrator-1\src\main\java\Integrador\Pasteleria\service\ProductoService.java. Using fallback presentation compiler.
2025.10.03 23:16:34 INFO  no build target found for C:\Users\alexm\OneDrive\Documentos\ProyectosGit\git-integrator-1\src\main\java\Integrador\Pasteleria\service\ProductoService.java. Using fallback presentation compiler.
2025.10.03 23:16:34 INFO  no build target found for C:\Users\alexm\OneDrive\Documentos\ProyectosGit\git-integrator-1\src\main\java\Integrador\Pasteleria\service\ProductoService.java. Using fallback presentation compiler.
2025.10.03 23:16:34 INFO  no build target found for C:\Users\alexm\OneDrive\Documentos\ProyectosGit\git-integrator-1\src\main\java\Integrador\Pasteleria\service\ProductoService.java. Using fallback presentation compiler.
2025.10.03 23:16:35 INFO  no build target found for C:\Users\alexm\OneDrive\Documentos\ProyectosGit\git-integrator-1\src\main\java\Integrador\Pasteleria\service\ProductoService.java. Using fallback presentation compiler.
oct 03, 2025 11:16:35 P. M. org.eclipse.lsp4j.jsonrpc.RemoteEndpoint handleCancellation
WARNING: Unmatched cancel notification for request id 431
2025.10.03 23:16:35 INFO  no build target found for C:\Users\alexm\OneDrive\Documentos\ProyectosGit\git-integrator-1\src\main\java\Integrador\Pasteleria\service\ProductoService.java. Using fallback presentation compiler.
2025.10.03 23:16:35 INFO  no build target found for C:\Users\alexm\OneDrive\Documentos\ProyectosGit\git-integrator-1\src\main\java\Integrador\Pasteleria\service\ProductoService.java. Using fallback presentation compiler.
2025.10.03 23:16:35 INFO  no build target found for C:\Users\alexm\OneDrive\Documentos\ProyectosGit\git-integrator-1\src\main\java\Integrador\Pasteleria\service\ProductoService.java. Using fallback presentation compiler.
2025.10.03 23:16:35 INFO  no build target found for C:\Users\alexm\OneDrive\Documentos\ProyectosGit\git-integrator-1\src\main\java\Integrador\Pasteleria\service\ProductoService.java. Using fallback presentation compiler.
2025.10.03 23:16:35 INFO  no build target found for C:\Users\alexm\OneDrive\Documentos\ProyectosGit\git-integrator-1\src\main\java\Integrador\Pasteleria\service\ProductoService.java. Using fallback presentation compiler.
2025.10.03 23:16:35 INFO  no build target found for C:\Users\alexm\OneDrive\Documentos\ProyectosGit\git-integrator-1\src\main\java\Integrador\Pasteleria\service\ProductoService.java. Using fallback presentation compiler.
2025.10.03 23:16:35 INFO  no build target found for C:\Users\alexm\OneDrive\Documentos\ProyectosGit\git-integrator-1\src\main\java\Integrador\Pasteleria\service\ProductoService.java. Using fallback presentation compiler.
2025.10.03 23:16:38 INFO  no build target found for C:\Users\alexm\OneDrive\Documentos\ProyectosGit\git-integrator-1\src\main\java\Integrador\Pasteleria\service\ProductoService.java. Using fallback presentation compiler.
2025.10.03 23:16:38 INFO  no build target found for C:\Users\alexm\OneDrive\Documentos\ProyectosGit\git-integrator-1\src\main\java\Integrador\Pasteleria\service\ProductoService.java. Using fallback presentation compiler.
2025.10.03 23:16:38 INFO  no build target found for C:\Users\alexm\OneDrive\Documentos\ProyectosGit\git-integrator-1\src\main\java\Integrador\Pasteleria\service\ProductoService.java. Using fallback presentation compiler.
2025.10.03 23:16:38 INFO  no build target found for C:\Users\alexm\OneDrive\Documentos\ProyectosGit\git-integrator-1\src\main\java\Integrador\Pasteleria\service\ProductoService.java. Using fallback presentation compiler.
2025.10.03 23:16:38 INFO  no build target found for C:\Users\alexm\OneDrive\Documentos\ProyectosGit\git-integrator-1\src\main\java\Integrador\Pasteleria\service\ProductoService.java. Using fallback presentation compiler.
2025.10.03 23:16:38 INFO  no build target found for C:\Users\alexm\OneDrive\Documentos\ProyectosGit\git-integrator-1\src\main\java\Integrador\Pasteleria\service\ProductoService.java. Using fallback presentation compiler.
2025.10.03 23:16:38 INFO  no build target found for C:\Users\alexm\OneDrive\Documentos\ProyectosGit\git-integrator-1\src\main\java\Integrador\Pasteleria\service\ProductoService.java. Using fallback presentation compiler.
2025.10.03 23:16:39 INFO  no build target found for C:\Users\alexm\OneDrive\Documentos\ProyectosGit\git-integrator-1\src\main\java\Integrador\Pasteleria\service\ProductoService.java. Using fallback presentation compiler.
2025.10.03 23:16:39 INFO  no build target found for C:\Users\alexm\OneDrive\Documentos\ProyectosGit\git-integrator-1\src\main\java\Integrador\Pasteleria\service\ProductoService.java. Using fallback presentation compiler.
2025.10.03 23:16:39 INFO  no build target found for C:\Users\alexm\OneDrive\Documentos\ProyectosGit\git-integrator-1\src\main\java\Integrador\Pasteleria\service\ProductoService.java. Using fallback presentation compiler.
2025.10.03 23:16:39 INFO  no build target found for C:\Users\alexm\OneDrive\Documentos\ProyectosGit\git-integrator-1\src\main\java\Integrador\Pasteleria\service\ProductoService.java. Using fallback presentation compiler.
2025.10.03 23:16:39 INFO  no build target found for C:\Users\alexm\OneDrive\Documentos\ProyectosGit\git-integrator-1\src\main\java\Integrador\Pasteleria\service\ProductoService.java. Using fallback presentation compiler.
2025.10.03 23:16:39 INFO  no build target found for C:\Users\alexm\OneDrive\Documentos\ProyectosGit\git-integrator-1\src\main\java\Integrador\Pasteleria\service\ProductoService.java. Using fallback presentation compiler.
2025.10.03 23:17:05 INFO  no build target found for C:\Users\alexm\OneDrive\Documentos\ProyectosGit\git-integrator-1\src\main\java\Integrador\Pasteleria\service\ProductoService.java. Using fallback presentation compiler.
2025.10.03 23:17:05 INFO  no build target found for C:\Users\alexm\OneDrive\Documentos\ProyectosGit\git-integrator-1\src\main\java\Integrador\Pasteleria\service\ProductoService.java. Using fallback presentation compiler.
2025.10.03 23:17:07 INFO  no build target found for C:\Users\alexm\OneDrive\Documentos\ProyectosGit\git-integrator-1\src\main\java\Integrador\Pasteleria\service\ProductoService.java. Using fallback presentation compiler.
2025.10.03 23:17:08 INFO  no build target found for C:\Users\alexm\OneDrive\Documentos\ProyectosGit\git-integrator-1\src\main\java\Integrador\Pasteleria\service\ProductoService.java. Using fallback presentation compiler.
2025.10.03 23:17:08 INFO  no build target found for C:\Users\alexm\OneDrive\Documentos\ProyectosGit\git-integrator-1\src\main\java\Integrador\Pasteleria\service\ProductoService.java. Using fallback presentation compiler.
2025.10.03 23:17:10 INFO  no build target found for C:\Users\alexm\OneDrive\Documentos\ProyectosGit\git-integrator-1\src\main\java\Integrador\Pasteleria\service\ProductoService.java. Using fallback presentation compiler.
2025.10.03 23:17:10 INFO  no build target found for C:\Users\alexm\OneDrive\Documentos\ProyectosGit\git-integrator-1\src\main\java\Integrador\Pasteleria\service\ProductoService.java. Using fallback presentation compiler.
2025.10.03 23:17:11 INFO  no build target found for C:\Users\alexm\OneDrive\Documentos\ProyectosGit\git-integrator-1\src\main\java\Integrador\Pasteleria\service\ProductoService.java. Using fallback presentation compiler.
2025.10.03 23:17:12 INFO  no build target found for C:\Users\alexm\OneDrive\Documentos\ProyectosGit\git-integrator-1\src\main\java\Integrador\Pasteleria\service\ProductoService.java. Using fallback presentation compiler.
2025.10.03 23:17:15 INFO  no build target found for C:\Users\alexm\OneDrive\Documentos\ProyectosGit\git-integrator-1\src\main\java\Integrador\Pasteleria\service\ProductoService.java. Using fallback presentation compiler.
2025.10.03 23:17:15 INFO  no build target found for C:\Users\alexm\OneDrive\Documentos\ProyectosGit\git-integrator-1\src\main\java\Integrador\Pasteleria\service\ProductoService.java. Using fallback presentation compiler.
2025.10.03 23:17:15 INFO  no build target found for C:\Users\alexm\OneDrive\Documentos\ProyectosGit\git-integrator-1\src\main\java\Integrador\Pasteleria\service\ProductoService.java. Using fallback presentation compiler.
2025.10.03 23:17:15 INFO  no build target found for C:\Users\alexm\OneDrive\Documentos\ProyectosGit\git-integrator-1\src\main\java\Integrador\Pasteleria\service\ProductoService.java. Using fallback presentation compiler.
2025.10.03 23:17:16 INFO  no build target found for C:\Users\alexm\OneDrive\Documentos\ProyectosGit\git-integrator-1\src\main\java\Integrador\Pasteleria\service\ProductoService.java. Using fallback presentation compiler.
2025.10.03 23:17:16 INFO  no build target found for C:\Users\alexm\OneDrive\Documentos\ProyectosGit\git-integrator-1\src\main\java\Integrador\Pasteleria\service\ProductoService.java. Using fallback presentation compiler.
2025.10.03 23:17:18 INFO  no build target found for C:\Users\alexm\OneDrive\Documentos\ProyectosGit\git-integrator-1\src\main\java\Integrador\Pasteleria\service\ProductoService.java. Using fallback presentation compiler.
2025.10.03 23:17:18 INFO  no build target found for C:\Users\alexm\OneDrive\Documentos\ProyectosGit\git-integrator-1\src\main\java\Integrador\Pasteleria\service\ProductoService.java. Using fallback presentation compiler.
2025.10.03 23:17:18 INFO  no build target found for C:\Users\alexm\OneDrive\Documentos\ProyectosGit\git-integrator-1\src\main\java\Integrador\Pasteleria\service\ProductoService.java. Using fallback presentation compiler.
2025.10.03 23:17:19 INFO  no build target found for C:\Users\alexm\OneDrive\Documentos\ProyectosGit\git-integrator-1\src\main\java\Integrador\Pasteleria\service\ProductoService.java. Using fallback presentation compiler.
2025.10.03 23:17:19 INFO  no build target found for C:\Users\alexm\OneDrive\Documentos\ProyectosGit\git-integrator-1\src\main\java\Integrador\Pasteleria\service\ProductoService.java. Using fallback presentation compiler.
2025.10.03 23:17:21 WARN  no build target for: C:\Users\alexm\OneDrive\Documentos\ProyectosGit\git-integrator-1\src\main\java\Integrador\Pasteleria\service\ProductoService.java
2025.10.03 23:17:21 INFO  no build target found for C:\Users\alexm\OneDrive\Documentos\ProyectosGit\git-integrator-1\src\main\java\Integrador\Pasteleria\service\ProductoService.java. Using fallback presentation compiler.
2025.10.03 23:17:21 WARN  no build target for: C:\Users\alexm\OneDrive\Documentos\ProyectosGit\git-integrator-1\src\main\java\Integrador\Pasteleria\service\ProductoService.java
2025.10.03 23:17:21 INFO  no build target found for C:\Users\alexm\OneDrive\Documentos\ProyectosGit\git-integrator-1\src\main\java\Integrador\Pasteleria\service\ProductoService.java. Using fallback presentation compiler.
2025.10.03 23:17:21 WARN  no build target for: C:\Users\alexm\OneDrive\Documentos\ProyectosGit\git-integrator-1\src\main\java\Integrador\Pasteleria\service\ProductoService.java
2025.10.03 23:17:21 WARN  no build target for: C:\Users\alexm\OneDrive\Documentos\ProyectosGit\git-integrator-1\src\main\java\Integrador\Pasteleria\service\ProductoService.java
2025.10.03 23:17:21 INFO  no build target found for C:\Users\alexm\OneDrive\Documentos\ProyectosGit\git-integrator-1\src\main\java\Integrador\Pasteleria\service\ProductoService.java. Using fallback presentation compiler.
2025.10.03 23:17:21 WARN  no build target for: C:\Users\alexm\OneDrive\Documentos\ProyectosGit\git-integrator-1\src\main\java\Integrador\Pasteleria\service\ProductoService.java
2025.10.03 23:17:21 INFO  no build target found for C:\Users\alexm\OneDrive\Documentos\ProyectosGit\git-integrator-1\src\main\java\Integrador\Pasteleria\service\ProductoService.java. Using fallback presentation compiler.
2025.10.03 23:17:21 WARN  no build target for: C:\Users\alexm\OneDrive\Documentos\ProyectosGit\git-integrator-1\src\main\java\Integrador\Pasteleria\service\ProductoService.java
2025.10.03 23:17:21 INFO  no build target found for C:\Users\alexm\OneDrive\Documentos\ProyectosGit\git-integrator-1\src\main\java\Integrador\Pasteleria\service\ProductoService.java. Using fallback presentation compiler.
2025.10.03 23:17:21 WARN  no build target for: C:\Users\alexm\OneDrive\Documentos\ProyectosGit\git-integrator-1\src\main\java\Integrador\Pasteleria\service\ProductoService.java
2025.10.03 23:17:22 INFO  no build target found for C:\Users\alexm\OneDrive\Documentos\ProyectosGit\git-integrator-1\src\main\java\Integrador\Pasteleria\service\ProductoService.java. Using fallback presentation compiler.
2025.10.03 23:17:22 WARN  no build target for: C:\Users\alexm\OneDrive\Documentos\ProyectosGit\git-integrator-1\src\main\java\Integrador\Pasteleria\service\ProductoService.java
2025.10.03 23:17:23 INFO  no build target found for C:\Users\alexm\OneDrive\Documentos\ProyectosGit\git-integrator-1\src\main\java\Integrador\Pasteleria\service\ProductoService.java. Using fallback presentation compiler.
2025.10.03 23:17:23 WARN  no build target for: C:\Users\alexm\OneDrive\Documentos\ProyectosGit\git-integrator-1\src\main\java\Integrador\Pasteleria\service\ProductoService.java
2025.10.03 23:17:23 INFO  no build target found for C:\Users\alexm\OneDrive\Documentos\ProyectosGit\git-integrator-1\src\main\java\Integrador\Pasteleria\service\ProductoService.java. Using fallback presentation compiler.
2025.10.03 23:17:22 WARN  no build target for: C:\Users\alexm\OneDrive\Documentos\ProyectosGit\git-integrator-1\src\main\java\Integrador\Pasteleria\service\ProductoService.java
2025.10.03 23:17:23 INFO  no build target found for C:\Users\alexm\OneDrive\Documentos\ProyectosGit\git-integrator-1\src\main\java\Integrador\Pasteleria\service\ProductoService.java. Using fallback presentation compiler.
2025.10.03 23:17:23 WARN  no build target for: C:\Users\alexm\OneDrive\Documentos\ProyectosGit\git-integrator-1\src\main\java\Integrador\Pasteleria\service\ProductoService.java
2025.10.03 23:17:23 INFO  no build target found for C:\Users\alexm\OneDrive\Documentos\ProyectosGit\git-integrator-1\src\main\java\Integrador\Pasteleria\service\ProductoService.java. Using fallback presentation compiler.
2025.10.03 23:17:23 WARN  no build target for: C:\Users\alexm\OneDrive\Documentos\ProyectosGit\git-integrator-1\src\main\java\Integrador\Pasteleria\service\ProductoService.java
2025.10.03 23:17:23 INFO  no build target found for C:\Users\alexm\OneDrive\Documentos\ProyectosGit\git-integrator-1\src\main\java\Integrador\Pasteleria\service\ProductoService.java. Using fallback presentation compiler.
2025.10.03 23:17:23 WARN  no build target for: C:\Users\alexm\OneDrive\Documentos\ProyectosGit\git-integrator-1\src\main\java\Integrador\Pasteleria\service\ProductoService.java
2025.10.03 23:17:23 INFO  no build target found for C:\Users\alexm\OneDrive\Documentos\ProyectosGit\git-integrator-1\src\main\java\Integrador\Pasteleria\service\ProductoService.java. Using fallback presentation compiler.
2025.10.03 23:17:24 WARN  no build target for: C:\Users\alexm\OneDrive\Documentos\ProyectosGit\git-integrator-1\src\main\java\Integrador\Pasteleria\service\ProductoService.java
2025.10.03 23:17:24 INFO  no build target found for C:\Users\alexm\OneDrive\Documentos\ProyectosGit\git-integrator-1\src\main\java\Integrador\Pasteleria\service\ProductoService.java. Using fallback presentation compiler.
2025.10.03 23:17:23 WARN  no build target for: C:\Users\alexm\OneDrive\Documentos\ProyectosGit\git-integrator-1\src\main\java\Integrador\Pasteleria\service\ProductoService.java
2025.10.03 23:17:23 INFO  no build target found for C:\Users\alexm\OneDrive\Documentos\ProyectosGit\git-integrator-1\src\main\java\Integrador\Pasteleria\service\ProductoService.java. Using fallback presentation compiler.
2025.10.03 23:17:24 WARN  no build target for: C:\Users\alexm\OneDrive\Documentos\ProyectosGit\git-integrator-1\src\main\java\Integrador\Pasteleria\service\ProductoService.java
2025.10.03 23:17:24 INFO  no build target found for C:\Users\alexm\OneDrive\Documentos\ProyectosGit\git-integrator-1\src\main\java\Integrador\Pasteleria\service\ProductoService.java. Using fallback presentation compiler.
2025.10.03 23:17:25 WARN  no build target for: C:\Users\alexm\OneDrive\Documentos\ProyectosGit\git-integrator-1\src\main\java\Integrador\Pasteleria\service\ProductoService.java
2025.10.03 23:17:25 INFO  no build target found for C:\Users\alexm\OneDrive\Documentos\ProyectosGit\git-integrator-1\src\main\java\Integrador\Pasteleria\service\ProductoService.java. Using fallback presentation compiler.
2025.10.03 23:17:25 WARN  no build target for: C:\Users\alexm\OneDrive\Documentos\ProyectosGit\git-integrator-1\src\main\java\Integrador\Pasteleria\service\ProductoService.java
2025.10.03 23:17:25 INFO  no build target found for C:\Users\alexm\OneDrive\Documentos\ProyectosGit\git-integrator-1\src\main\java\Integrador\Pasteleria\service\ProductoService.java. Using fallback presentation compiler.
2025.10.03 23:17:25 WARN  no build target for: C:\Users\alexm\OneDrive\Documentos\ProyectosGit\git-integrator-1\src\main\java\Integrador\Pasteleria\service\ProductoService.java
2025.10.03 23:17:25 INFO  no build target found for C:\Users\alexm\OneDrive\Documentos\ProyectosGit\git-integrator-1\src\main\java\Integrador\Pasteleria\service\ProductoService.java. Using fallback presentation compiler.
2025.10.03 23:17:26 INFO  no build target found for C:\Users\alexm\OneDrive\Documentos\ProyectosGit\git-integrator-1\src\main\java\Integrador\Pasteleria\service\PedidoService.java. Using fallback presentation compiler.
2025.10.03 23:17:26 WARN  no build target for: C:\Users\alexm\OneDrive\Documentos\ProyectosGit\git-integrator-1\src\main\java\Integrador\Pasteleria\service\PedidoService.java
2025.10.03 23:17:26 INFO  no build target found for C:\Users\alexm\OneDrive\Documentos\ProyectosGit\git-integrator-1\src\main\java\Integrador\Pasteleria\service\PedidoService.java. Using fallback presentation compiler.
2025.10.03 23:17:26 INFO  no build target found for C:\Users\alexm\OneDrive\Documentos\ProyectosGit\git-integrator-1\src\main\java\Integrador\Pasteleria\service\PedidoService.java. Using fallback presentation compiler.
2025.10.03 23:17:26 INFO  no build target found for C:\Users\alexm\OneDrive\Documentos\ProyectosGit\git-integrator-1\src\main\java\Integrador\Pasteleria\service\PedidoService.java. Using fallback presentation compiler.
2025.10.03 23:17:26 INFO  no build target found for C:\Users\alexm\OneDrive\Documentos\ProyectosGit\git-integrator-1\src\main\java\Integrador\Pasteleria\service\PedidoService.java. Using fallback presentation compiler.
2025.10.03 23:17:28 INFO  no build target found for C:\Users\alexm\OneDrive\Documentos\ProyectosGit\git-integrator-1\src\main\java\Integrador\Pasteleria\service\PedidoService.java. Using fallback presentation compiler.
2025.10.03 23:17:44 INFO  no build target found for C:\Users\alexm\OneDrive\Documentos\ProyectosGit\git-integrator-1\src\main\java\Integrador\Pasteleria\service\PedidoService.java. Using fallback presentation compiler.
2025.10.03 23:17:45 INFO  no build target found for C:\Users\alexm\OneDrive\Documentos\ProyectosGit\git-integrator-1\src\main\java\Integrador\Pasteleria\service\PedidoService.java. Using fallback presentation compiler.
2025.10.03 23:17:45 INFO  no build target found for C:\Users\alexm\OneDrive\Documentos\ProyectosGit\git-integrator-1\src\main\java\Integrador\Pasteleria\service\PedidoService.java. Using fallback presentation compiler.
2025.10.03 23:17:45 INFO  no build target found for C:\Users\alexm\OneDrive\Documentos\ProyectosGit\git-integrator-1\src\main\java\Integrador\Pasteleria\service\PedidoService.java. Using fallback presentation compiler.
2025.10.03 23:17:46 INFO  no build target found for C:\Users\alexm\OneDrive\Documentos\ProyectosGit\git-integrator-1\src\main\java\Integrador\Pasteleria\service\PedidoService.java. Using fallback presentation compiler.
2025.10.03 23:17:47 INFO  no build target found for C:\Users\alexm\OneDrive\Documentos\ProyectosGit\git-integrator-1\src\main\java\Integrador\Pasteleria\service\PedidoService.java. Using fallback presentation compiler.
2025.10.03 23:17:49 INFO  no build target found for C:\Users\alexm\OneDrive\Documentos\ProyectosGit\git-integrator-1\src\main\java\Integrador\Pasteleria\service\PedidoService.java. Using fallback presentation compiler.
2025.10.03 23:17:50 INFO  no build target found for C:\Users\alexm\OneDrive\Documentos\ProyectosGit\git-integrator-1\src\main\java\Integrador\Pasteleria\service\PedidoService.java. Using fallback presentation compiler.
2025.10.03 23:17:50 INFO  no build target found for C:\Users\alexm\OneDrive\Documentos\ProyectosGit\git-integrator-1\src\main\java\Integrador\Pasteleria\service\PedidoService.java. Using fallback presentation compiler.
2025.10.03 23:17:50 INFO  no build target found for C:\Users\alexm\OneDrive\Documentos\ProyectosGit\git-integrator-1\src\main\java\Integrador\Pasteleria\service\PedidoService.java. Using fallback presentation compiler.
2025.10.03 23:17:50 INFO  no build target found for C:\Users\alexm\OneDrive\Documentos\ProyectosGit\git-integrator-1\src\main\java\Integrador\Pasteleria\service\PedidoService.java. Using fallback presentation compiler.
2025.10.03 23:17:50 INFO  no build target found for C:\Users\alexm\OneDrive\Documentos\ProyectosGit\git-integrator-1\src\main\java\Integrador\Pasteleria\service\PedidoService.java. Using fallback presentation compiler.
2025.10.03 23:17:51 INFO  no build target found for C:\Users\alexm\OneDrive\Documentos\ProyectosGit\git-integrator-1\src\main\java\Integrador\Pasteleria\service\PedidoService.java. Using fallback presentation compiler.
2025.10.03 23:17:51 INFO  no build target found for C:\Users\alexm\OneDrive\Documentos\ProyectosGit\git-integrator-1\src\main\java\Integrador\Pasteleria\service\PedidoService.java. Using fallback presentation compiler.
2025.10.03 23:17:51 INFO  no build target found for C:\Users\alexm\OneDrive\Documentos\ProyectosGit\git-integrator-1\src\main\java\Integrador\Pasteleria\service\PedidoService.java. Using fallback presentation compiler.
2025.10.03 23:17:51 INFO  no build target found for C:\Users\alexm\OneDrive\Documentos\ProyectosGit\git-integrator-1\src\main\java\Integrador\Pasteleria\service\PedidoService.java. Using fallback presentation compiler.
2025.10.03 23:17:51 INFO  no build target found for C:\Users\alexm\OneDrive\Documentos\ProyectosGit\git-integrator-1\src\main\java\Integrador\Pasteleria\service\PedidoService.java. Using fallback presentation compiler.
2025.10.03 23:17:52 INFO  no build target found for C:\Users\alexm\OneDrive\Documentos\ProyectosGit\git-integrator-1\src\main\java\Integrador\Pasteleria\service\PedidoService.java. Using fallback presentation compiler.
2025.10.03 23:17:53 INFO  no build target found for C:\Users\alexm\OneDrive\Documentos\ProyectosGit\git-integrator-1\src\main\java\Integrador\Pasteleria\service\PedidoService.java. Using fallback presentation compiler.
2025.10.03 23:17:58 INFO  no build target found for C:\Users\alexm\OneDrive\Documentos\ProyectosGit\git-integrator-1\src\main\java\Integrador\Pasteleria\service\PedidoService.java. Using fallback presentation compiler.
2025.10.03 23:17:58 INFO  no build target found for C:\Users\alexm\OneDrive\Documentos\ProyectosGit\git-integrator-1\src\main\java\Integrador\Pasteleria\service\PedidoService.java. Using fallback presentation compiler.
2025.10.03 23:17:58 INFO  no build target found for C:\Users\alexm\OneDrive\Documentos\ProyectosGit\git-integrator-1\src\main\java\Integrador\Pasteleria\service\PedidoService.java. Using fallback presentation compiler.
2025.10.03 23:17:58 INFO  no build target found for C:\Users\alexm\OneDrive\Documentos\ProyectosGit\git-integrator-1\src\main\java\Integrador\Pasteleria\service\PedidoService.java. Using fallback presentation compiler.
2025.10.03 23:18:02 INFO  no build target found for C:\Users\alexm\OneDrive\Documentos\ProyectosGit\git-integrator-1\src\main\java\Integrador\Pasteleria\service\PedidoService.java. Using fallback presentation compiler.
2025.10.03 23:18:02 INFO  no build target found for C:\Users\alexm\OneDrive\Documentos\ProyectosGit\git-integrator-1\src\main\java\Integrador\Pasteleria\service\PedidoService.java. Using fallback presentation compiler.
2025.10.03 23:18:02 INFO  no build target found for C:\Users\alexm\OneDrive\Documentos\ProyectosGit\git-integrator-1\src\main\java\Integrador\Pasteleria\service\PedidoService.java. Using fallback presentation compiler.
2025.10.03 23:18:02 INFO  no build target found for C:\Users\alexm\OneDrive\Documentos\ProyectosGit\git-integrator-1\src\main\java\Integrador\Pasteleria\service\PedidoService.java. Using fallback presentation compiler.
2025.10.03 23:18:02 INFO  no build target found for C:\Users\alexm\OneDrive\Documentos\ProyectosGit\git-integrator-1\src\main\java\Integrador\Pasteleria\service\PedidoService.java. Using fallback presentation compiler.
2025.10.03 23:18:05 INFO  no build target found for C:\Users\alexm\OneDrive\Documentos\ProyectosGit\git-integrator-1\src\main\java\Integrador\Pasteleria\service\PedidoService.java. Using fallback presentation compiler.
2025.10.03 23:18:08 INFO  no build target found for C:\Users\alexm\OneDrive\Documentos\ProyectosGit\git-integrator-1\src\main\java\Integrador\Pasteleria\service\PedidoService.java. Using fallback presentation compiler.
2025.10.03 23:18:08 INFO  no build target found for C:\Users\alexm\OneDrive\Documentos\ProyectosGit\git-integrator-1\src\main\java\Integrador\Pasteleria\service\PedidoService.java. Using fallback presentation compiler.
2025.10.03 23:18:14 INFO  no build target found for C:\Users\alexm\OneDrive\Documentos\ProyectosGit\git-integrator-1\src\main\java\Integrador\Pasteleria\service\PedidoService.java. Using fallback presentation compiler.
2025.10.03 23:18:14 INFO  no build target found for C:\Users\alexm\OneDrive\Documentos\ProyectosGit\git-integrator-1\src\main\java\Integrador\Pasteleria\service\PedidoService.java. Using fallback presentation compiler.
2025.10.03 23:18:14 INFO  no build target found for C:\Users\alexm\OneDrive\Documentos\ProyectosGit\git-integrator-1\src\main\java\Integrador\Pasteleria\service\PedidoService.java. Using fallback presentation compiler.
2025.10.03 23:18:14 INFO  no build target found for C:\Users\alexm\OneDrive\Documentos\ProyectosGit\git-integrator-1\src\main\java\Integrador\Pasteleria\service\PedidoService.java. Using fallback presentation compiler.
2025.10.03 23:18:14 INFO  no build target found for C:\Users\alexm\OneDrive\Documentos\ProyectosGit\git-integrator-1\src\main\java\Integrador\Pasteleria\service\PedidoService.java. Using fallback presentation compiler.
2025.10.03 23:18:14 INFO  no build target found for C:\Users\alexm\OneDrive\Documentos\ProyectosGit\git-integrator-1\src\main\java\Integrador\Pasteleria\service\PedidoService.java. Using fallback presentation compiler.
2025.10.03 23:18:14 INFO  no build target found for C:\Users\alexm\OneDrive\Documentos\ProyectosGit\git-integrator-1\src\main\java\Integrador\Pasteleria\service\PedidoService.java. Using fallback presentation compiler.
2025.10.03 23:18:15 INFO  no build target found for C:\Users\alexm\OneDrive\Documentos\ProyectosGit\git-integrator-1\src\main\java\Integrador\Pasteleria\service\PedidoService.java. Using fallback presentation compiler.
2025.10.03 23:18:15 INFO  no build target found for C:\Users\alexm\OneDrive\Documentos\ProyectosGit\git-integrator-1\src\main\java\Integrador\Pasteleria\service\PedidoService.java. Using fallback presentation compiler.
2025.10.03 23:18:15 INFO  no build target found for C:\Users\alexm\OneDrive\Documentos\ProyectosGit\git-integrator-1\src\main\java\Integrador\Pasteleria\service\PedidoService.java. Using fallback presentation compiler.
2025.10.03 23:18:16 INFO  no build target found for C:\Users\alexm\OneDrive\Documentos\ProyectosGit\git-integrator-1\src\main\java\Integrador\Pasteleria\service\PedidoService.java. Using fallback presentation compiler.
2025.10.03 23:18:16 INFO  no build target found for C:\Users\alexm\OneDrive\Documentos\ProyectosGit\git-integrator-1\src\main\java\Integrador\Pasteleria\service\PedidoService.java. Using fallback presentation compiler.
2025.10.03 23:18:19 INFO  no build target found for C:\Users\alexm\OneDrive\Documentos\ProyectosGit\git-integrator-1\src\main\java\Integrador\Pasteleria\service\PedidoService.java. Using fallback presentation compiler.
2025.10.03 23:18:19 INFO  no build target found for C:\Users\alexm\OneDrive\Documentos\ProyectosGit\git-integrator-1\src\main\java\Integrador\Pasteleria\service\PedidoService.java. Using fallback presentation compiler.
2025.10.03 23:18:19 INFO  no build target found for C:\Users\alexm\OneDrive\Documentos\ProyectosGit\git-integrator-1\src\main\java\Integrador\Pasteleria\service\PedidoService.java. Using fallback presentation compiler.
2025.10.03 23:18:19 INFO  no build target found for C:\Users\alexm\OneDrive\Documentos\ProyectosGit\git-integrator-1\src\main\java\Integrador\Pasteleria\service\PedidoService.java. Using fallback presentation compiler.
2025.10.03 23:18:20 INFO  no build target found for C:\Users\alexm\OneDrive\Documentos\ProyectosGit\git-integrator-1\src\main\java\Integrador\Pasteleria\service\PedidoService.java. Using fallback presentation compiler.
2025.10.03 23:18:22 INFO  no build target found for C:\Users\alexm\OneDrive\Documentos\ProyectosGit\git-integrator-1\src\main\java\Integrador\Pasteleria\service\PedidoService.java. Using fallback presentation compiler.
2025.10.03 23:18:22 INFO  no build target found for C:\Users\alexm\OneDrive\Documentos\ProyectosGit\git-integrator-1\src\main\java\Integrador\Pasteleria\service\PedidoService.java. Using fallback presentation compiler.
2025.10.03 23:18:22 INFO  no build target found for C:\Users\alexm\OneDrive\Documentos\ProyectosGit\git-integrator-1\src\main\java\Integrador\Pasteleria\service\PedidoService.java. Using fallback presentation compiler.
2025.10.03 23:18:22 INFO  no build target found for C:\Users\alexm\OneDrive\Documentos\ProyectosGit\git-integrator-1\src\main\java\Integrador\Pasteleria\service\PedidoService.java. Using fallback presentation compiler.
2025.10.03 23:18:22 INFO  no build target found for C:\Users\alexm\OneDrive\Documentos\ProyectosGit\git-integrator-1\src\main\java\Integrador\Pasteleria\service\PedidoService.java. Using fallback presentation compiler.
2025.10.03 23:18:25 INFO  no build target found for C:\Users\alexm\OneDrive\Documentos\ProyectosGit\git-integrator-1\src\main\java\Integrador\Pasteleria\service\PedidoService.java. Using fallback presentation compiler.
2025.10.03 23:18:25 INFO  no build target found for C:\Users\alexm\OneDrive\Documentos\ProyectosGit\git-integrator-1\src\main\java\Integrador\Pasteleria\service\PedidoService.java. Using fallback presentation compiler.
2025.10.03 23:18:25 INFO  no build target found for C:\Users\alexm\OneDrive\Documentos\ProyectosGit\git-integrator-1\src\main\java\Integrador\Pasteleria\service\PedidoService.java. Using fallback presentation compiler.
2025.10.03 23:18:25 INFO  no build target found for C:\Users\alexm\OneDrive\Documentos\ProyectosGit\git-integrator-1\src\main\java\Integrador\Pasteleria\service\PedidoService.java. Using fallback presentation compiler.
2025.10.03 23:18:25 INFO  no build target found for C:\Users\alexm\OneDrive\Documentos\ProyectosGit\git-integrator-1\src\main\java\Integrador\Pasteleria\service\PedidoService.java. Using fallback presentation compiler.
2025.10.03 23:18:26 INFO  no build target found for C:\Users\alexm\OneDrive\Documentos\ProyectosGit\git-integrator-1\src\main\java\Integrador\Pasteleria\service\PedidoService.java. Using fallback presentation compiler.
2025.10.03 23:18:26 INFO  no build target found for C:\Users\alexm\OneDrive\Documentos\ProyectosGit\git-integrator-1\src\main\java\Integrador\Pasteleria\service\PedidoService.java. Using fallback presentation compiler.
2025.10.03 23:18:26 INFO  no build target found for C:\Users\alexm\OneDrive\Documentos\ProyectosGit\git-integrator-1\src\main\java\Integrador\Pasteleria\service\PedidoService.java. Using fallback presentation compiler.
2025.10.03 23:18:27 INFO  no build target found for C:\Users\alexm\OneDrive\Documentos\ProyectosGit\git-integrator-1\src\main\java\Integrador\Pasteleria\service\PedidoService.java. Using fallback presentation compiler.
2025.10.03 23:18:26 INFO  no build target found for C:\Users\alexm\OneDrive\Documentos\ProyectosGit\git-integrator-1\src\main\java\Integrador\Pasteleria\service\PedidoService.java. Using fallback presentation compiler.
2025.10.03 23:18:29 INFO  no build target found for C:\Users\alexm\OneDrive\Documentos\ProyectosGit\git-integrator-1\src\main\java\Integrador\Pasteleria\service\PedidoService.java. Using fallback presentation compiler.
2025.10.03 23:18:29 INFO  no build target found for C:\Users\alexm\OneDrive\Documentos\ProyectosGit\git-integrator-1\src\main\java\Integrador\Pasteleria\service\PedidoService.java. Using fallback presentation compiler.
2025.10.03 23:18:29 INFO  no build target found for C:\Users\alexm\OneDrive\Documentos\ProyectosGit\git-integrator-1\src\main\java\Integrador\Pasteleria\service\PedidoService.java. Using fallback presentation compiler.
2025.10.03 23:18:29 INFO  no build target found for C:\Users\alexm\OneDrive\Documentos\ProyectosGit\git-integrator-1\src\main\java\Integrador\Pasteleria\service\PedidoService.java. Using fallback presentation compiler.
2025.10.03 23:18:29 INFO  no build target found for C:\Users\alexm\OneDrive\Documentos\ProyectosGit\git-integrator-1\src\main\java\Integrador\Pasteleria\service\PedidoService.java. Using fallback presentation compiler.
2025.10.03 23:18:31 INFO  no build target found for C:\Users\alexm\OneDrive\Documentos\ProyectosGit\git-integrator-1\src\main\java\Integrador\Pasteleria\service\PedidoService.java. Using fallback presentation compiler.
2025.10.03 23:18:31 INFO  no build target found for C:\Users\alexm\OneDrive\Documentos\ProyectosGit\git-integrator-1\src\main\java\Integrador\Pasteleria\service\PedidoService.java. Using fallback presentation compiler.
2025.10.03 23:18:31 INFO  no build target found for C:\Users\alexm\OneDrive\Documentos\ProyectosGit\git-integrator-1\src\main\java\Integrador\Pasteleria\service\PedidoService.java. Using fallback presentation compiler.
2025.10.03 23:18:31 INFO  no build target found for C:\Users\alexm\OneDrive\Documentos\ProyectosGit\git-integrator-1\src\main\java\Integrador\Pasteleria\service\PedidoService.java. Using fallback presentation compiler.
2025.10.03 23:18:31 INFO  no build target found for C:\Users\alexm\OneDrive\Documentos\ProyectosGit\git-integrator-1\src\main\java\Integrador\Pasteleria\service\PedidoService.java. Using fallback presentation compiler.
2025.10.03 23:18:32 INFO  no build target found for C:\Users\alexm\OneDrive\Documentos\ProyectosGit\git-integrator-1\src\main\java\Integrador\Pasteleria\service\PedidoService.java. Using fallback presentation compiler.
2025.10.03 23:18:32 INFO  no build target found for C:\Users\alexm\OneDrive\Documentos\ProyectosGit\git-integrator-1\src\main\java\Integrador\Pasteleria\service\PedidoService.java. Using fallback presentation compiler.
2025.10.03 23:18:32 INFO  no build target found for C:\Users\alexm\OneDrive\Documentos\ProyectosGit\git-integrator-1\src\main\java\Integrador\Pasteleria\service\PedidoService.java. Using fallback presentation compiler.
2025.10.03 23:18:32 INFO  no build target found for C:\Users\alexm\OneDrive\Documentos\ProyectosGit\git-integrator-1\src\main\java\Integrador\Pasteleria\service\PedidoService.java. Using fallback presentation compiler.
2025.10.03 23:18:32 INFO  no build target found for C:\Users\alexm\OneDrive\Documentos\ProyectosGit\git-integrator-1\src\main\java\Integrador\Pasteleria\service\PedidoService.java. Using fallback presentation compiler.
2025.10.03 23:18:32 INFO  no build target found for C:\Users\alexm\OneDrive\Documentos\ProyectosGit\git-integrator-1\src\main\java\Integrador\Pasteleria\service\PedidoService.java. Using fallback presentation compiler.
2025.10.03 23:18:33 INFO  no build target found for C:\Users\alexm\OneDrive\Documentos\ProyectosGit\git-integrator-1\src\main\java\Integrador\Pasteleria\service\PedidoService.java. Using fallback presentation compiler.
2025.10.03 23:18:33 INFO  no build target found for C:\Users\alexm\OneDrive\Documentos\ProyectosGit\git-integrator-1\src\main\java\Integrador\Pasteleria\service\PedidoService.java. Using fallback presentation compiler.
2025.10.03 23:18:33 INFO  no build target found for C:\Users\alexm\OneDrive\Documentos\ProyectosGit\git-integrator-1\src\main\java\Integrador\Pasteleria\service\PedidoService.java. Using fallback presentation compiler.
2025.10.03 23:18:33 INFO  no build target found for C:\Users\alexm\OneDrive\Documentos\ProyectosGit\git-integrator-1\src\main\java\Integrador\Pasteleria\service\PedidoService.java. Using fallback presentation compiler.
2025.10.03 23:18:33 INFO  no build target found for C:\Users\alexm\OneDrive\Documentos\ProyectosGit\git-integrator-1\src\main\java\Integrador\Pasteleria\service\PedidoService.java. Using fallback presentation compiler.
2025.10.03 23:18:33 INFO  no build target found for C:\Users\alexm\OneDrive\Documentos\ProyectosGit\git-integrator-1\src\main\java\Integrador\Pasteleria\service\PedidoService.java. Using fallback presentation compiler.
2025.10.03 23:18:33 INFO  no build target found for C:\Users\alexm\OneDrive\Documentos\ProyectosGit\git-integrator-1\src\main\java\Integrador\Pasteleria\service\PedidoService.java. Using fallback presentation compiler.
2025.10.03 23:18:34 INFO  no build target found for C:\Users\alexm\OneDrive\Documentos\ProyectosGit\git-integrator-1\src\main\java\Integrador\Pasteleria\service\PedidoService.java. Using fallback presentation compiler.
2025.10.03 23:18:34 INFO  no build target found for C:\Users\alexm\OneDrive\Documentos\ProyectosGit\git-integrator-1\src\main\java\Integrador\Pasteleria\service\PedidoService.java. Using fallback presentation compiler.
2025.10.03 23:18:34 INFO  no build target found for C:\Users\alexm\OneDrive\Documentos\ProyectosGit\git-integrator-1\src\main\java\Integrador\Pasteleria\service\PedidoService.java. Using fallback presentation compiler.
2025.10.03 23:18:34 INFO  no build target found for C:\Users\alexm\OneDrive\Documentos\ProyectosGit\git-integrator-1\src\main\java\Integrador\Pasteleria\service\PedidoService.java. Using fallback presentation compiler.
2025.10.03 23:18:34 INFO  no build target found for C:\Users\alexm\OneDrive\Documentos\ProyectosGit\git-integrator-1\src\main\java\Integrador\Pasteleria\service\PedidoService.java. Using fallback presentation compiler.
2025.10.03 23:18:34 INFO  no build target found for C:\Users\alexm\OneDrive\Documentos\ProyectosGit\git-integrator-1\src\main\java\Integrador\Pasteleria\service\PedidoService.java. Using fallback presentation compiler.
2025.10.03 23:18:34 INFO  no build target found for C:\Users\alexm\OneDrive\Documentos\ProyectosGit\git-integrator-1\src\main\java\Integrador\Pasteleria\service\PedidoService.java. Using fallback presentation compiler.
2025.10.03 23:18:35 INFO  no build target found for C:\Users\alexm\OneDrive\Documentos\ProyectosGit\git-integrator-1\src\main\java\Integrador\Pasteleria\service\PedidoService.java. Using fallback presentation compiler.
2025.10.03 23:18:35 INFO  no build target found for C:\Users\alexm\OneDrive\Documentos\ProyectosGit\git-integrator-1\src\main\java\Integrador\Pasteleria\service\PedidoService.java. Using fallback presentation compiler.
2025.10.03 23:18:35 INFO  no build target found for C:\Users\alexm\OneDrive\Documentos\ProyectosGit\git-integrator-1\src\main\java\Integrador\Pasteleria\service\PedidoService.java. Using fallback presentation compiler.
2025.10.03 23:18:35 INFO  no build target found for C:\Users\alexm\OneDrive\Documentos\ProyectosGit\git-integrator-1\src\main\java\Integrador\Pasteleria\service\PedidoService.java. Using fallback presentation compiler.
2025.10.03 23:18:35 INFO  no build target found for C:\Users\alexm\OneDrive\Documentos\ProyectosGit\git-integrator-1\src\main\java\Integrador\Pasteleria\service\PedidoService.java. Using fallback presentation compiler.
2025.10.03 23:18:35 INFO  no build target found for C:\Users\alexm\OneDrive\Documentos\ProyectosGit\git-integrator-1\src\main\java\Integrador\Pasteleria\service\PedidoService.java. Using fallback presentation compiler.
2025.10.03 23:18:36 INFO  no build target found for C:\Users\alexm\OneDrive\Documentos\ProyectosGit\git-integrator-1\src\main\java\Integrador\Pasteleria\service\PedidoService.java. Using fallback presentation compiler.
2025.10.03 23:18:35 INFO  no build target found for C:\Users\alexm\OneDrive\Documentos\ProyectosGit\git-integrator-1\src\main\java\Integrador\Pasteleria\service\PedidoService.java. Using fallback presentation compiler.
2025.10.03 23:18:37 INFO  no build target found for C:\Users\alexm\OneDrive\Documentos\ProyectosGit\git-integrator-1\src\main\java\Integrador\Pasteleria\service\PedidoService.java. Using fallback presentation compiler.
2025.10.03 23:18:37 INFO  no build target found for C:\Users\alexm\OneDrive\Documentos\ProyectosGit\git-integrator-1\src\main\java\Integrador\Pasteleria\service\PedidoService.java. Using fallback presentation compiler.
2025.10.03 23:18:37 INFO  no build target found for C:\Users\alexm\OneDrive\Documentos\ProyectosGit\git-integrator-1\src\main\java\Integrador\Pasteleria\service\PedidoService.java. Using fallback presentation compiler.
2025.10.03 23:18:38 INFO  no build target found for C:\Users\alexm\OneDrive\Documentos\ProyectosGit\git-integrator-1\src\main\java\Integrador\Pasteleria\service\PedidoService.java. Using fallback presentation compiler.
2025.10.03 23:18:38 INFO  no build target found for C:\Users\alexm\OneDrive\Documentos\ProyectosGit\git-integrator-1\src\main\java\Integrador\Pasteleria\service\PedidoService.java. Using fallback presentation compiler.
2025.10.03 23:18:38 INFO  no build target found for C:\Users\alexm\OneDrive\Documentos\ProyectosGit\git-integrator-1\src\main\java\Integrador\Pasteleria\service\PedidoService.java. Using fallback presentation compiler.
2025.10.03 23:18:39 WARN  no build target for: C:\Users\alexm\OneDrive\Documentos\ProyectosGit\git-integrator-1\src\main\java\Integrador\Pasteleria\service\PedidoService.java
2025.10.03 23:18:39 INFO  no build target found for C:\Users\alexm\OneDrive\Documentos\ProyectosGit\git-integrator-1\src\main\java\Integrador\Pasteleria\service\PedidoService.java. Using fallback presentation compiler.
2025.10.03 23:18:40 WARN  no build target for: C:\Users\alexm\OneDrive\Documentos\ProyectosGit\git-integrator-1\src\main\java\Integrador\Pasteleria\service\PedidoService.java
2025.10.03 23:18:40 INFO  no build target found for C:\Users\alexm\OneDrive\Documentos\ProyectosGit\git-integrator-1\src\main\java\Integrador\Pasteleria\service\PedidoService.java. Using fallback presentation compiler.
2025.10.03 23:18:40 WARN  no build target for: C:\Users\alexm\OneDrive\Documentos\ProyectosGit\git-integrator-1\src\main\java\Integrador\Pasteleria\service\PedidoService.java
2025.10.03 23:18:40 INFO  no build target found for C:\Users\alexm\OneDrive\Documentos\ProyectosGit\git-integrator-1\src\main\java\Integrador\Pasteleria\service\PedidoService.java. Using fallback presentation compiler.
2025.10.03 23:18:39 WARN  no build target for: C:\Users\alexm\OneDrive\Documentos\ProyectosGit\git-integrator-1\src\main\java\Integrador\Pasteleria\service\PedidoService.java
2025.10.03 23:18:40 INFO  no build target found for C:\Users\alexm\OneDrive\Documentos\ProyectosGit\git-integrator-1\src\main\java\Integrador\Pasteleria\service\PedidoService.java. Using fallback presentation compiler.
2025.10.03 23:18:40 WARN  no build target for: C:\Users\alexm\OneDrive\Documentos\ProyectosGit\git-integrator-1\src\main\java\Integrador\Pasteleria\service\PedidoService.java
2025.10.03 23:18:40 INFO  no build target found for C:\Users\alexm\OneDrive\Documentos\ProyectosGit\git-integrator-1\src\main\java\Integrador\Pasteleria\service\PedidoService.java. Using fallback presentation compiler.
2025.10.03 23:18:40 WARN  no build target for: C:\Users\alexm\OneDrive\Documentos\ProyectosGit\git-integrator-1\src\main\java\Integrador\Pasteleria\service\PedidoService.java
2025.10.03 23:18:40 INFO  no build target found for C:\Users\alexm\OneDrive\Documentos\ProyectosGit\git-integrator-1\src\main\java\Integrador\Pasteleria\service\PedidoService.java. Using fallback presentation compiler.
2025.10.03 23:18:40 INFO  no build target found for C:\Users\alexm\OneDrive\Documentos\ProyectosGit\git-integrator-1\src\main\java\Integrador\Pasteleria\service\PedidoService.java. Using fallback presentation compiler.
2025.10.03 23:18:40 WARN  no build target for: C:\Users\alexm\OneDrive\Documentos\ProyectosGit\git-integrator-1\src\main\java\Integrador\Pasteleria\service\PedidoService.java
2025.10.03 23:18:40 INFO  no build target found for C:\Users\alexm\OneDrive\Documentos\ProyectosGit\git-integrator-1\src\main\java\Integrador\Pasteleria\service\PedidoService.java. Using fallback presentation compiler.
2025.10.03 23:18:41 WARN  no build target for: C:\Users\alexm\OneDrive\Documentos\ProyectosGit\git-integrator-1\src\main\java\Integrador\Pasteleria\service\PedidoService.java
2025.10.03 23:18:40 INFO  no build target found for C:\Users\alexm\OneDrive\Documentos\ProyectosGit\git-integrator-1\src\main\java\Integrador\Pasteleria\service\PedidoService.java. Using fallback presentation compiler.
2025.10.03 23:18:42 INFO  no build target found for C:\Users\alexm\OneDrive\Documentos\ProyectosGit\git-integrator-1\src\main\java\Integrador\Pasteleria\service\PedidoService.java. Using fallback presentation compiler.
2025.10.03 23:18:48 INFO  no build target found for C:\Users\alexm\OneDrive\Documentos\ProyectosGit\git-integrator-1\src\main\java\Integrador\Pasteleria\service\PedidoService.java. Using fallback presentation compiler.
2025.10.03 23:18:55 INFO  no build target found for C:\Users\alexm\OneDrive\Documentos\ProyectosGit\git-integrator-1\src\main\java\Integrador\Pasteleria\service\PedidoService.java. Using fallback presentation compiler.
2025.10.03 23:18:55 INFO  no build target found for C:\Users\alexm\OneDrive\Documentos\ProyectosGit\git-integrator-1\src\main\java\Integrador\Pasteleria\service\PedidoService.java. Using fallback presentation compiler.
oct 03, 2025 11:18:56 P. M. org.eclipse.lsp4j.jsonrpc.RemoteEndpoint handleCancellation
WARNING: Unmatched cancel notification for request id 801
2025.10.03 23:18:56 INFO  no build target found for C:\Users\alexm\OneDrive\Documentos\ProyectosGit\git-integrator-1\src\main\java\Integrador\Pasteleria\service\PedidoService.java. Using fallback presentation compiler.
2025.10.03 23:19:00 INFO  no build target found for C:\Users\alexm\OneDrive\Documentos\ProyectosGit\git-integrator-1\src\main\java\Integrador\Pasteleria\service\PedidoService.java. Using fallback presentation compiler.
2025.10.03 23:19:01 INFO  no build target found for C:\Users\alexm\OneDrive\Documentos\ProyectosGit\git-integrator-1\src\main\java\Integrador\Pasteleria\service\PedidoService.java. Using fallback presentation compiler.
2025.10.03 23:19:04 INFO  no build target found for C:\Users\alexm\OneDrive\Documentos\ProyectosGit\git-integrator-1\src\main\java\Integrador\Pasteleria\service\PedidoService.java. Using fallback presentation compiler.
2025.10.03 23:19:05 INFO  no build target found for C:\Users\alexm\OneDrive\Documentos\ProyectosGit\git-integrator-1\src\main\java\Integrador\Pasteleria\service\PedidoService.java. Using fallback presentation compiler.
2025.10.03 23:19:05 INFO  no build target found for C:\Users\alexm\OneDrive\Documentos\ProyectosGit\git-integrator-1\src\main\java\Integrador\Pasteleria\service\PedidoService.java. Using fallback presentation compiler.
2025.10.03 23:19:05 INFO  no build target found for C:\Users\alexm\OneDrive\Documentos\ProyectosGit\git-integrator-1\src\main\java\Integrador\Pasteleria\service\PedidoService.java. Using fallback presentation compiler.
2025.10.03 23:19:05 INFO  no build target found for C:\Users\alexm\OneDrive\Documentos\ProyectosGit\git-integrator-1\src\main\java\Integrador\Pasteleria\service\PedidoService.java. Using fallback presentation compiler.
2025.10.03 23:19:07 INFO  no build target found for C:\Users\alexm\OneDrive\Documentos\ProyectosGit\git-integrator-1\src\main\java\Integrador\Pasteleria\service\PedidoService.java. Using fallback presentation compiler.
2025.10.03 23:19:10 INFO  no build target found for C:\Users\alexm\OneDrive\Documentos\ProyectosGit\git-integrator-1\src\main\java\Integrador\Pasteleria\service\PedidoService.java. Using fallback presentation compiler.
2025.10.03 23:19:10 INFO  no build target found for C:\Users\alexm\OneDrive\Documentos\ProyectosGit\git-integrator-1\src\main\java\Integrador\Pasteleria\service\PedidoService.java. Using fallback presentation compiler.
2025.10.03 23:19:10 INFO  no build target found for C:\Users\alexm\OneDrive\Documentos\ProyectosGit\git-integrator-1\src\main\java\Integrador\Pasteleria\service\PedidoService.java. Using fallback presentation compiler.
2025.10.03 23:19:10 INFO  no build target found for C:\Users\alexm\OneDrive\Documentos\ProyectosGit\git-integrator-1\src\main\java\Integrador\Pasteleria\service\PedidoService.java. Using fallback presentation compiler.
2025.10.03 23:19:12 INFO  no build target found for C:\Users\alexm\OneDrive\Documentos\ProyectosGit\git-integrator-1\src\main\java\Integrador\Pasteleria\service\PedidoService.java. Using fallback presentation compiler.
2025.10.03 23:19:12 INFO  no build target found for C:\Users\alexm\OneDrive\Documentos\ProyectosGit\git-integrator-1\src\main\java\Integrador\Pasteleria\service\PedidoService.java. Using fallback presentation compiler.
2025.10.03 23:19:13 INFO  no build target found for C:\Users\alexm\OneDrive\Documentos\ProyectosGit\git-integrator-1\src\main\java\Integrador\Pasteleria\service\PedidoService.java. Using fallback presentation compiler.
2025.10.03 23:19:13 INFO  no build target found for C:\Users\alexm\OneDrive\Documentos\ProyectosGit\git-integrator-1\src\main\java\Integrador\Pasteleria\service\PedidoService.java. Using fallback presentation compiler.
2025.10.03 23:19:14 INFO  no build target found for C:\Users\alexm\OneDrive\Documentos\ProyectosGit\git-integrator-1\src\main\java\Integrador\Pasteleria\service\PedidoService.java. Using fallback presentation compiler.
2025.10.03 23:19:14 INFO  no build target found for C:\Users\alexm\OneDrive\Documentos\ProyectosGit\git-integrator-1\src\main\java\Integrador\Pasteleria\service\PedidoService.java. Using fallback presentation compiler.
2025.10.03 23:19:21 INFO  no build target found for C:\Users\alexm\OneDrive\Documentos\ProyectosGit\git-integrator-1\src\main\java\Integrador\Pasteleria\service\PedidoService.java. Using fallback presentation compiler.
2025.10.03 23:19:21 INFO  no build target found for C:\Users\alexm\OneDrive\Documentos\ProyectosGit\git-integrator-1\src\main\java\Integrador\Pasteleria\service\PedidoService.java. Using fallback presentation compiler.
2025.10.03 23:19:21 INFO  no build target found for C:\Users\alexm\OneDrive\Documentos\ProyectosGit\git-integrator-1\src\main\java\Integrador\Pasteleria\service\PedidoService.java. Using fallback presentation compiler.
2025.10.03 23:19:21 INFO  no build target found for C:\Users\alexm\OneDrive\Documentos\ProyectosGit\git-integrator-1\src\main\java\Integrador\Pasteleria\service\PedidoService.java. Using fallback presentation compiler.
2025.10.03 23:19:21 INFO  no build target found for C:\Users\alexm\OneDrive\Documentos\ProyectosGit\git-integrator-1\src\main\java\Integrador\Pasteleria\service\PedidoService.java. Using fallback presentation compiler.
2025.10.03 23:19:21 INFO  no build target found for C:\Users\alexm\OneDrive\Documentos\ProyectosGit\git-integrator-1\src\main\java\Integrador\Pasteleria\service\PedidoService.java. Using fallback presentation compiler.
2025.10.03 23:19:21 INFO  no build target found for C:\Users\alexm\OneDrive\Documentos\ProyectosGit\git-integrator-1\src\main\java\Integrador\Pasteleria\service\PedidoService.java. Using fallback presentation compiler.
2025.10.03 23:19:22 INFO  no build target found for C:\Users\alexm\OneDrive\Documentos\ProyectosGit\git-integrator-1\src\main\java\Integrador\Pasteleria\service\PedidoService.java. Using fallback presentation compiler.
2025.10.03 23:19:21 INFO  no build target found for C:\Users\alexm\OneDrive\Documentos\ProyectosGit\git-integrator-1\src\main\java\Integrador\Pasteleria\service\PedidoService.java. Using fallback presentation compiler.
2025.10.03 23:19:22 INFO  no build target found for C:\Users\alexm\OneDrive\Documentos\ProyectosGit\git-integrator-1\src\main\java\Integrador\Pasteleria\service\PedidoService.java. Using fallback presentation compiler.
2025.10.03 23:19:22 INFO  no build target found for C:\Users\alexm\OneDrive\Documentos\ProyectosGit\git-integrator-1\src\main\java\Integrador\Pasteleria\service\PedidoService.java. Using fallback presentation compiler.
2025.10.03 23:19:22 INFO  no build target found for C:\Users\alexm\OneDrive\Documentos\ProyectosGit\git-integrator-1\src\main\java\Integrador\Pasteleria\service\PedidoService.java. Using fallback presentation compiler.
2025.10.03 23:19:23 INFO  no build target found for C:\Users\alexm\OneDrive\Documentos\ProyectosGit\git-integrator-1\src\main\java\Integrador\Pasteleria\service\PedidoService.java. Using fallback presentation compiler.
2025.10.03 23:19:23 INFO  no build target found for C:\Users\alexm\OneDrive\Documentos\ProyectosGit\git-integrator-1\src\main\java\Integrador\Pasteleria\service\PedidoService.java. Using fallback presentation compiler.
2025.10.03 23:19:23 INFO  no build target found for C:\Users\alexm\OneDrive\Documentos\ProyectosGit\git-integrator-1\src\main\java\Integrador\Pasteleria\service\PedidoService.java. Using fallback presentation compiler.
2025.10.03 23:19:23 INFO  no build target found for C:\Users\alexm\OneDrive\Documentos\ProyectosGit\git-integrator-1\src\main\java\Integrador\Pasteleria\service\PedidoService.java. Using fallback presentation compiler.
2025.10.03 23:19:23 INFO  no build target found for C:\Users\alexm\OneDrive\Documentos\ProyectosGit\git-integrator-1\src\main\java\Integrador\Pasteleria\service\PedidoService.java. Using fallback presentation compiler.
2025.10.03 23:19:24 INFO  no build target found for C:\Users\alexm\OneDrive\Documentos\ProyectosGit\git-integrator-1\src\main\java\Integrador\Pasteleria\service\PedidoService.java. Using fallback presentation compiler.
2025.10.03 23:19:24 INFO  no build target found for C:\Users\alexm\OneDrive\Documentos\ProyectosGit\git-integrator-1\src\main\java\Integrador\Pasteleria\service\PedidoService.java. Using fallback presentation compiler.
2025.10.03 23:19:25 INFO  no build target found for C:\Users\alexm\OneDrive\Documentos\ProyectosGit\git-integrator-1\src\main\java\Integrador\Pasteleria\service\PedidoService.java. Using fallback presentation compiler.
2025.10.03 23:19:24 INFO  no build target found for C:\Users\alexm\OneDrive\Documentos\ProyectosGit\git-integrator-1\src\main\java\Integrador\Pasteleria\service\PedidoService.java. Using fallback presentation compiler.
2025.10.03 23:19:29 INFO  no build target found for C:\Users\alexm\OneDrive\Documentos\ProyectosGit\git-integrator-1\src\main\java\Integrador\Pasteleria\service\PedidoService.java. Using fallback presentation compiler.
2025.10.03 23:19:29 INFO  no build target found for C:\Users\alexm\OneDrive\Documentos\ProyectosGit\git-integrator-1\src\main\java\Integrador\Pasteleria\service\PedidoService.java. Using fallback presentation compiler.
2025.10.03 23:19:29 INFO  no build target found for C:\Users\alexm\OneDrive\Documentos\ProyectosGit\git-integrator-1\src\main\java\Integrador\Pasteleria\service\PedidoService.java. Using fallback presentation compiler.
2025.10.03 23:19:29 INFO  no build target found for C:\Users\alexm\OneDrive\Documentos\ProyectosGit\git-integrator-1\src\main\java\Integrador\Pasteleria\service\PedidoService.java. Using fallback presentation compiler.
2025.10.03 23:19:29 INFO  no build target found for C:\Users\alexm\OneDrive\Documentos\ProyectosGit\git-integrator-1\src\main\java\Integrador\Pasteleria\service\PedidoService.java. Using fallback presentation compiler.
2025.10.03 23:19:31 INFO  no build target found for C:\Users\alexm\OneDrive\Documentos\ProyectosGit\git-integrator-1\src\main\java\Integrador\Pasteleria\service\PedidoService.java. Using fallback presentation compiler.
2025.10.03 23:19:31 INFO  no build target found for C:\Users\alexm\OneDrive\Documentos\ProyectosGit\git-integrator-1\src\main\java\Integrador\Pasteleria\service\PedidoService.java. Using fallback presentation compiler.
2025.10.03 23:19:32 INFO  no build target found for C:\Users\alexm\OneDrive\Documentos\ProyectosGit\git-integrator-1\src\main\java\Integrador\Pasteleria\service\PedidoService.java. Using fallback presentation compiler.
2025.10.03 23:19:31 INFO  no build target found for C:\Users\alexm\OneDrive\Documentos\ProyectosGit\git-integrator-1\src\main\java\Integrador\Pasteleria\service\PedidoService.java. Using fallback presentation compiler.
2025.10.03 23:19:31 INFO  no build target found for C:\Users\alexm\OneDrive\Documentos\ProyectosGit\git-integrator-1\src\main\java\Integrador\Pasteleria\service\PedidoService.java. Using fallback presentation compiler.
2025.10.03 23:19:33 INFO  no build target found for C:\Users\alexm\OneDrive\Documentos\ProyectosGit\git-integrator-1\src\main\java\Integrador\Pasteleria\service\PedidoService.java. Using fallback presentation compiler.
2025.10.03 23:19:33 INFO  no build target found for C:\Users\alexm\OneDrive\Documentos\ProyectosGit\git-integrator-1\src\main\java\Integrador\Pasteleria\service\PedidoService.java. Using fallback presentation compiler.
2025.10.03 23:19:33 INFO  no build target found for C:\Users\alexm\OneDrive\Documentos\ProyectosGit\git-integrator-1\src\main\java\Integrador\Pasteleria\service\PedidoService.java. Using fallback presentation compiler.
2025.10.03 23:19:33 INFO  no build target found for C:\Users\alexm\OneDrive\Documentos\ProyectosGit\git-integrator-1\src\main\java\Integrador\Pasteleria\service\PedidoService.java. Using fallback presentation compiler.
2025.10.03 23:19:37 INFO  no build target found for C:\Users\alexm\OneDrive\Documentos\ProyectosGit\git-integrator-1\src\main\java\Integrador\Pasteleria\service\PedidoService.java. Using fallback presentation compiler.
2025.10.03 23:19:37 INFO  no build target found for C:\Users\alexm\OneDrive\Documentos\ProyectosGit\git-integrator-1\src\main\java\Integrador\Pasteleria\service\PedidoService.java. Using fallback presentation compiler.
2025.10.03 23:19:37 INFO  no build target found for C:\Users\alexm\OneDrive\Documentos\ProyectosGit\git-integrator-1\src\main\java\Integrador\Pasteleria\service\PedidoService.java. Using fallback presentation compiler.
2025.10.03 23:19:37 INFO  no build target found for C:\Users\alexm\OneDrive\Documentos\ProyectosGit\git-integrator-1\src\main\java\Integrador\Pasteleria\service\PedidoService.java. Using fallback presentation compiler.
2025.10.03 23:19:37 INFO  no build target found for C:\Users\alexm\OneDrive\Documentos\ProyectosGit\git-integrator-1\src\main\java\Integrador\Pasteleria\service\PedidoService.java. Using fallback presentation compiler.
2025.10.03 23:19:37 INFO  no build target found for C:\Users\alexm\OneDrive\Documentos\ProyectosGit\git-integrator-1\src\main\java\Integrador\Pasteleria\service\PedidoService.java. Using fallback presentation compiler.
2025.10.03 23:19:37 INFO  no build target found for C:\Users\alexm\OneDrive\Documentos\ProyectosGit\git-integrator-1\src\main\java\Integrador\Pasteleria\service\PedidoService.java. Using fallback presentation compiler.
2025.10.03 23:19:37 INFO  no build target found for C:\Users\alexm\OneDrive\Documentos\ProyectosGit\git-integrator-1\src\main\java\Integrador\Pasteleria\service\PedidoService.java. Using fallback presentation compiler.
2025.10.03 23:19:37 INFO  no build target found for C:\Users\alexm\OneDrive\Documentos\ProyectosGit\git-integrator-1\src\main\java\Integrador\Pasteleria\service\PedidoService.java. Using fallback presentation compiler.
2025.10.03 23:19:38 INFO  no build target found for C:\Users\alexm\OneDrive\Documentos\ProyectosGit\git-integrator-1\src\main\java\Integrador\Pasteleria\service\PedidoService.java. Using fallback presentation compiler.
2025.10.03 23:19:38 INFO  no build target found for C:\Users\alexm\OneDrive\Documentos\ProyectosGit\git-integrator-1\src\main\java\Integrador\Pasteleria\service\PedidoService.java. Using fallback presentation compiler.
2025.10.03 23:19:38 INFO  no build target found for C:\Users\alexm\OneDrive\Documentos\ProyectosGit\git-integrator-1\src\main\java\Integrador\Pasteleria\service\PedidoService.java. Using fallback presentation compiler.
2025.10.03 23:19:38 INFO  no build target found for C:\Users\alexm\OneDrive\Documentos\ProyectosGit\git-integrator-1\src\main\java\Integrador\Pasteleria\service\PedidoService.java. Using fallback presentation compiler.
2025.10.03 23:19:38 INFO  no build target found for C:\Users\alexm\OneDrive\Documentos\ProyectosGit\git-integrator-1\src\main\java\Integrador\Pasteleria\service\PedidoService.java. Using fallback presentation compiler.
2025.10.03 23:19:38 INFO  no build target found for C:\Users\alexm\OneDrive\Documentos\ProyectosGit\git-integrator-1\src\main\java\Integrador\Pasteleria\service\PedidoService.java. Using fallback presentation compiler.
2025.10.03 23:19:39 INFO  no build target found for C:\Users\alexm\OneDrive\Documentos\ProyectosGit\git-integrator-1\src\main\java\Integrador\Pasteleria\service\PedidoService.java. Using fallback presentation compiler.
2025.10.03 23:19:41 INFO  no build target found for C:\Users\alexm\OneDrive\Documentos\ProyectosGit\git-integrator-1\src\main\java\Integrador\Pasteleria\service\PedidoService.java. Using fallback presentation compiler.
2025.10.03 23:19:41 INFO  no build target found for C:\Users\alexm\OneDrive\Documentos\ProyectosGit\git-integrator-1\src\main\java\Integrador\Pasteleria\service\PedidoService.java. Using fallback presentation compiler.
2025.10.03 23:19:42 INFO  no build target found for C:\Users\alexm\OneDrive\Documentos\ProyectosGit\git-integrator-1\src\main\java\Integrador\Pasteleria\service\PedidoService.java. Using fallback presentation compiler.
2025.10.03 23:19:41 INFO  no build target found for C:\Users\alexm\OneDrive\Documentos\ProyectosGit\git-integrator-1\src\main\java\Integrador\Pasteleria\service\PedidoService.java. Using fallback presentation compiler.
2025.10.03 23:19:41 INFO  no build target found for C:\Users\alexm\OneDrive\Documentos\ProyectosGit\git-integrator-1\src\main\java\Integrador\Pasteleria\service\PedidoService.java. Using fallback presentation compiler.
2025.10.03 23:19:41 INFO  no build target found for C:\Users\alexm\OneDrive\Documentos\ProyectosGit\git-integrator-1\src\main\java\Integrador\Pasteleria\service\PedidoService.java. Using fallback presentation compiler.
2025.10.03 23:19:42 INFO  no build target found for C:\Users\alexm\OneDrive\Documentos\ProyectosGit\git-integrator-1\src\main\java\Integrador\Pasteleria\service\PedidoService.java. Using fallback presentation compiler.
2025.10.03 23:19:43 INFO  no build target found for C:\Users\alexm\OneDrive\Documentos\ProyectosGit\git-integrator-1\src\main\java\Integrador\Pasteleria\service\PedidoService.java. Using fallback presentation compiler.
2025.10.03 23:19:44 INFO  no build target found for C:\Users\alexm\OneDrive\Documentos\ProyectosGit\git-integrator-1\src\main\java\Integrador\Pasteleria\service\PedidoService.java. Using fallback presentation compiler.
2025.10.03 23:19:44 INFO  no build target found for C:\Users\alexm\OneDrive\Documentos\ProyectosGit\git-integrator-1\src\main\java\Integrador\Pasteleria\service\PedidoService.java. Using fallback presentation compiler.
2025.10.03 23:19:44 INFO  no build target found for C:\Users\alexm\OneDrive\Documentos\ProyectosGit\git-integrator-1\src\main\java\Integrador\Pasteleria\service\PedidoService.java. Using fallback presentation compiler.
2025.10.03 23:19:45 INFO  no build target found for C:\Users\alexm\OneDrive\Documentos\ProyectosGit\git-integrator-1\src\main\java\Integrador\Pasteleria\service\PedidoService.java. Using fallback presentation compiler.
2025.10.03 23:19:44 INFO  no build target found for C:\Users\alexm\OneDrive\Documentos\ProyectosGit\git-integrator-1\src\main\java\Integrador\Pasteleria\service\PedidoService.java. Using fallback presentation compiler.
2025.10.03 23:19:46 INFO  no build target found for C:\Users\alexm\OneDrive\Documentos\ProyectosGit\git-integrator-1\src\main\java\Integrador\Pasteleria\service\PedidoService.java. Using fallback presentation compiler.
2025.10.03 23:19:46 INFO  no build target found for C:\Users\alexm\OneDrive\Documentos\ProyectosGit\git-integrator-1\src\main\java\Integrador\Pasteleria\service\PedidoService.java. Using fallback presentation compiler.
2025.10.03 23:19:46 INFO  no build target found for C:\Users\alexm\OneDrive\Documentos\ProyectosGit\git-integrator-1\src\main\java\Integrador\Pasteleria\service\PedidoService.java. Using fallback presentation compiler.
2025.10.03 23:19:46 INFO  no build target found for C:\Users\alexm\OneDrive\Documentos\ProyectosGit\git-integrator-1\src\main\java\Integrador\Pasteleria\service\PedidoService.java. Using fallback presentation compiler.
2025.10.03 23:19:46 INFO  no build target found for C:\Users\alexm\OneDrive\Documentos\ProyectosGit\git-integrator-1\src\main\java\Integrador\Pasteleria\service\PedidoService.java. Using fallback presentation compiler.
2025.10.03 23:19:47 INFO  no build target found for C:\Users\alexm\OneDrive\Documentos\ProyectosGit\git-integrator-1\src\main\java\Integrador\Pasteleria\service\PedidoService.java. Using fallback presentation compiler.
2025.10.03 23:19:47 INFO  no build target found for C:\Users\alexm\OneDrive\Documentos\ProyectosGit\git-integrator-1\src\main\java\Integrador\Pasteleria\service\PedidoService.java. Using fallback presentation compiler.
2025.10.03 23:19:48 INFO  no build target found for C:\Users\alexm\OneDrive\Documentos\ProyectosGit\git-integrator-1\src\main\java\Integrador\Pasteleria\service\PedidoService.java. Using fallback presentation compiler.
2025.10.03 23:19:47 INFO  no build target found for C:\Users\alexm\OneDrive\Documentos\ProyectosGit\git-integrator-1\src\main\java\Integrador\Pasteleria\service\PedidoService.java. Using fallback presentation compiler.
2025.10.03 23:19:49 INFO  no build target found for C:\Users\alexm\OneDrive\Documentos\ProyectosGit\git-integrator-1\src\main\java\Integrador\Pasteleria\service\PedidoService.java. Using fallback presentation compiler.
2025.10.03 23:19:49 INFO  no build target found for C:\Users\alexm\OneDrive\Documentos\ProyectosGit\git-integrator-1\src\main\java\Integrador\Pasteleria\service\PedidoService.java. Using fallback presentation compiler.
2025.10.03 23:19:50 INFO  no build target found for C:\Users\alexm\OneDrive\Documentos\ProyectosGit\git-integrator-1\src\main\java\Integrador\Pasteleria\service\PedidoService.java. Using fallback presentation compiler.
2025.10.03 23:19:49 INFO  no build target found for C:\Users\alexm\OneDrive\Documentos\ProyectosGit\git-integrator-1\src\main\java\Integrador\Pasteleria\service\PedidoService.java. Using fallback presentation compiler.
2025.10.03 23:19:51 WARN  no build target for: C:\Users\alexm\OneDrive\Documentos\ProyectosGit\git-integrator-1\src\main\java\Integrador\Pasteleria\service\PedidoService.java
2025.10.03 23:19:51 INFO  no build target found for C:\Users\alexm\OneDrive\Documentos\ProyectosGit\git-integrator-1\src\main\java\Integrador\Pasteleria\service\PedidoService.java. Using fallback presentation compiler.
2025.10.03 23:19:51 WARN  no build target for: C:\Users\alexm\OneDrive\Documentos\ProyectosGit\git-integrator-1\src\main\java\Integrador\Pasteleria\service\PedidoService.java
2025.10.03 23:19:52 INFO  no build target found for C:\Users\alexm\OneDrive\Documentos\ProyectosGit\git-integrator-1\src\main\java\Integrador\Pasteleria\service\PedidoService.java. Using fallback presentation compiler.
2025.10.03 23:19:51 WARN  no build target for: C:\Users\alexm\OneDrive\Documentos\ProyectosGit\git-integrator-1\src\main\java\Integrador\Pasteleria\service\PedidoService.java
2025.10.03 23:19:52 INFO  no build target found for C:\Users\alexm\OneDrive\Documentos\ProyectosGit\git-integrator-1\src\main\java\Integrador\Pasteleria\service\PedidoService.java. Using fallback presentation compiler.
2025.10.03 23:19:51 WARN  no build target for: C:\Users\alexm\OneDrive\Documentos\ProyectosGit\git-integrator-1\src\main\java\Integrador\Pasteleria\service\PedidoService.java
2025.10.03 23:19:52 INFO  no build target found for C:\Users\alexm\OneDrive\Documentos\ProyectosGit\git-integrator-1\src\main\java\Integrador\Pasteleria\service\PedidoService.java. Using fallback presentation compiler.
2025.10.03 23:19:52 WARN  no build target for: C:\Users\alexm\OneDrive\Documentos\ProyectosGit\git-integrator-1\src\main\java\Integrador\Pasteleria\service\PedidoService.java
2025.10.03 23:19:52 INFO  no build target found for C:\Users\alexm\OneDrive\Documentos\ProyectosGit\git-integrator-1\src\main\java\Integrador\Pasteleria\service\PedidoService.java. Using fallback presentation compiler.
2025.10.03 23:19:52 WARN  no build target for: C:\Users\alexm\OneDrive\Documentos\ProyectosGit\git-integrator-1\src\main\java\Integrador\Pasteleria\service\PedidoService.java
2025.10.03 23:19:52 INFO  no build target found for C:\Users\alexm\OneDrive\Documentos\ProyectosGit\git-integrator-1\src\main\java\Integrador\Pasteleria\service\PedidoService.java. Using fallback presentation compiler.
2025.10.03 23:19:52 INFO  no build target found for C:\Users\alexm\OneDrive\Documentos\ProyectosGit\git-integrator-1\src\main\java\Integrador\Pasteleria\service\PedidoService.java. Using fallback presentation compiler.
2025.10.03 23:19:52 WARN  no build target for: C:\Users\alexm\OneDrive\Documentos\ProyectosGit\git-integrator-1\src\main\java\Integrador\Pasteleria\service\PedidoService.java
2025.10.03 23:19:52 INFO  no build target found for C:\Users\alexm\OneDrive\Documentos\ProyectosGit\git-integrator-1\src\main\java\Integrador\Pasteleria\service\PedidoService.java. Using fallback presentation compiler.
2025.10.03 23:19:53 WARN  no build target for: C:\Users\alexm\OneDrive\Documentos\ProyectosGit\git-integrator-1\src\main\java\Integrador\Pasteleria\service\PedidoService.java
2025.10.03 23:19:53 INFO  no build target found for C:\Users\alexm\OneDrive\Documentos\ProyectosGit\git-integrator-1\src\main\java\Integrador\Pasteleria\service\PedidoService.java. Using fallback presentation compiler.
2025.10.03 23:19:52 WARN  no build target for: C:\Users\alexm\OneDrive\Documentos\ProyectosGit\git-integrator-1\src\main\java\Integrador\Pasteleria\service\PedidoService.java
2025.10.03 23:19:52 INFO  no build target found for C:\Users\alexm\OneDrive\Documentos\ProyectosGit\git-integrator-1\src\main\java\Integrador\Pasteleria\service\PedidoService.java. Using fallback presentation compiler.
2025.10.03 23:19:54 INFO  no build target found for C:\Users\alexm\OneDrive\Documentos\ProyectosGit\git-integrator-1\src\main\java\Integrador\Pasteleria\service\PedidoService.java. Using fallback presentation compiler.
2025.10.03 23:19:56 INFO  no build target found for C:\Users\alexm\OneDrive\Documentos\ProyectosGit\git-integrator-1\src\main\java\Integrador\Pasteleria\service\PedidoService.java. Using fallback presentation compiler.
2025.10.03 23:19:56 INFO  no build target found for C:\Users\alexm\OneDrive\Documentos\ProyectosGit\git-integrator-1\src\main\java\Integrador\Pasteleria\service\PedidoService.java. Using fallback presentation compiler.
2025.10.03 23:19:56 INFO  no build target found for C:\Users\alexm\OneDrive\Documentos\ProyectosGit\git-integrator-1\src\main\java\Integrador\Pasteleria\service\PedidoService.java. Using fallback presentation compiler.
2025.10.03 23:19:57 INFO  no build target found for C:\Users\alexm\OneDrive\Documentos\ProyectosGit\git-integrator-1\src\main\java\Integrador\Pasteleria\service\PedidoService.java. Using fallback presentation compiler.
2025.10.03 23:20:16 INFO  no build target found for C:\Users\alexm\OneDrive\Documentos\ProyectosGit\git-integrator-1\src\main\java\Integrador\Pasteleria\service\PedidoService.java. Using fallback presentation compiler.
2025.10.03 23:20:16 INFO  no build target found for C:\Users\alexm\OneDrive\Documentos\ProyectosGit\git-integrator-1\src\main\java\Integrador\Pasteleria\service\PedidoService.java. Using fallback presentation compiler.
2025.10.03 23:20:17 INFO  no build target found for C:\Users\alexm\OneDrive\Documentos\ProyectosGit\git-integrator-1\src\main\java\Integrador\Pasteleria\service\PedidoService.java. Using fallback presentation compiler.
2025.10.03 23:20:17 INFO  no build target found for C:\Users\alexm\OneDrive\Documentos\ProyectosGit\git-integrator-1\src\main\java\Integrador\Pasteleria\service\PedidoService.java. Using fallback presentation compiler.
2025.10.03 23:20:17 INFO  no build target found for C:\Users\alexm\OneDrive\Documentos\ProyectosGit\git-integrator-1\src\main\java\Integrador\Pasteleria\service\PedidoService.java. Using fallback presentation compiler.
2025.10.03 23:20:17 INFO  no build target found for C:\Users\alexm\OneDrive\Documentos\ProyectosGit\git-integrator-1\src\main\java\Integrador\Pasteleria\service\PedidoService.java. Using fallback presentation compiler.
2025.10.03 23:20:19 INFO  no build target found for C:\Users\alexm\OneDrive\Documentos\ProyectosGit\git-integrator-1\src\main\java\Integrador\Pasteleria\service\PedidoService.java. Using fallback presentation compiler.
2025.10.03 23:20:19 INFO  no build target found for C:\Users\alexm\OneDrive\Documentos\ProyectosGit\git-integrator-1\src\main\java\Integrador\Pasteleria\service\PedidoService.java. Using fallback presentation compiler.
2025.10.03 23:20:19 INFO  no build target found for C:\Users\alexm\OneDrive\Documentos\ProyectosGit\git-integrator-1\src\main\java\Integrador\Pasteleria\service\PedidoService.java. Using fallback presentation compiler.
2025.10.03 23:20:19 INFO  no build target found for C:\Users\alexm\OneDrive\Documentos\ProyectosGit\git-integrator-1\src\main\java\Integrador\Pasteleria\service\PedidoService.java. Using fallback presentation compiler.
2025.10.03 23:20:19 INFO  no build target found for C:\Users\alexm\OneDrive\Documentos\ProyectosGit\git-integrator-1\src\main\java\Integrador\Pasteleria\service\PedidoService.java. Using fallback presentation compiler.
2025.10.03 23:20:19 INFO  no build target found for C:\Users\alexm\OneDrive\Documentos\ProyectosGit\git-integrator-1\src\main\java\Integrador\Pasteleria\service\PedidoService.java. Using fallback presentation compiler.
2025.10.03 23:20:20 INFO  no build target found for C:\Users\alexm\OneDrive\Documentos\ProyectosGit\git-integrator-1\src\main\java\Integrador\Pasteleria\service\PedidoService.java. Using fallback presentation compiler.
2025.10.03 23:20:22 INFO  no build target found for C:\Users\alexm\OneDrive\Documentos\ProyectosGit\git-integrator-1\src\main\java\Integrador\Pasteleria\service\PedidoService.java. Using fallback presentation compiler.
2025.10.03 23:20:22 INFO  no build target found for C:\Users\alexm\OneDrive\Documentos\ProyectosGit\git-integrator-1\src\main\java\Integrador\Pasteleria\service\PedidoService.java. Using fallback presentation compiler.
2025.10.03 23:20:22 INFO  no build target found for C:\Users\alexm\OneDrive\Documentos\ProyectosGit\git-integrator-1\src\main\java\Integrador\Pasteleria\service\PedidoService.java. Using fallback presentation compiler.
2025.10.03 23:20:24 INFO  no build target found for C:\Users\alexm\OneDrive\Documentos\ProyectosGit\git-integrator-1\src\main\java\Integrador\Pasteleria\service\PedidoService.java. Using fallback presentation compiler.
2025.10.03 23:20:26 INFO  no build target found for C:\Users\alexm\OneDrive\Documentos\ProyectosGit\git-integrator-1\src\main\java\Integrador\Pasteleria\service\PedidoService.java. Using fallback presentation compiler.
2025.10.03 23:20:26 INFO  no build target found for C:\Users\alexm\OneDrive\Documentos\ProyectosGit\git-integrator-1\src\main\java\Integrador\Pasteleria\service\PedidoService.java. Using fallback presentation compiler.
2025.10.03 23:20:26 INFO  no build target found for C:\Users\alexm\OneDrive\Documentos\ProyectosGit\git-integrator-1\src\main\java\Integrador\Pasteleria\service\PedidoService.java. Using fallback presentation compiler.
2025.10.03 23:20:28 INFO  no build target found for C:\Users\alexm\OneDrive\Documentos\ProyectosGit\git-integrator-1\src\main\java\Integrador\Pasteleria\service\PedidoService.java. Using fallback presentation compiler.
2025.10.03 23:20:28 INFO  no build target found for C:\Users\alexm\OneDrive\Documentos\ProyectosGit\git-integrator-1\src\main\java\Integrador\Pasteleria\service\PedidoService.java. Using fallback presentation compiler.
2025.10.03 23:20:29 INFO  no build target found for C:\Users\alexm\OneDrive\Documentos\ProyectosGit\git-integrator-1\src\main\java\Integrador\Pasteleria\service\PedidoService.java. Using fallback presentation compiler.
2025.10.03 23:20:33 INFO  no build target found for C:\Users\alexm\OneDrive\Documentos\ProyectosGit\git-integrator-1\src\main\java\Integrador\Pasteleria\service\PedidoService.java. Using fallback presentation compiler.
2025.10.03 23:20:33 INFO  no build target found for C:\Users\alexm\OneDrive\Documentos\ProyectosGit\git-integrator-1\src\main\java\Integrador\Pasteleria\service\PedidoService.java. Using fallback presentation compiler.
2025.10.03 23:20:34 INFO  no build target found for C:\Users\alexm\OneDrive\Documentos\ProyectosGit\git-integrator-1\src\main\java\Integrador\Pasteleria\service\PedidoService.java. Using fallback presentation compiler.
2025.10.03 23:20:33 INFO  no build target found for C:\Users\alexm\OneDrive\Documentos\ProyectosGit\git-integrator-1\src\main\java\Integrador\Pasteleria\service\PedidoService.java. Using fallback presentation compiler.
2025.10.03 23:20:35 INFO  no build target found for C:\Users\alexm\OneDrive\Documentos\ProyectosGit\git-integrator-1\src\main\java\Integrador\Pasteleria\service\PedidoService.java. Using fallback presentation compiler.
2025.10.03 23:20:35 INFO  no build target found for C:\Users\alexm\OneDrive\Documentos\ProyectosGit\git-integrator-1\src\main\java\Integrador\Pasteleria\service\PedidoService.java. Using fallback presentation compiler.
2025.10.03 23:20:39 INFO  no build target found for C:\Users\alexm\OneDrive\Documentos\ProyectosGit\git-integrator-1\src\main\java\Integrador\Pasteleria\service\PedidoService.java. Using fallback presentation compiler.
2025.10.03 23:20:39 INFO  no build target found for C:\Users\alexm\OneDrive\Documentos\ProyectosGit\git-integrator-1\src\main\java\Integrador\Pasteleria\service\PedidoService.java. Using fallback presentation compiler.
2025.10.03 23:20:41 INFO  no build target found for C:\Users\alexm\OneDrive\Documentos\ProyectosGit\git-integrator-1\src\main\java\Integrador\Pasteleria\service\PedidoService.java. Using fallback presentation compiler.
2025.10.03 23:20:45 INFO  no build target found for C:\Users\alexm\OneDrive\Documentos\ProyectosGit\git-integrator-1\src\main\java\Integrador\Pasteleria\service\PedidoService.java. Using fallback presentation compiler.
2025.10.03 23:20:45 INFO  no build target found for C:\Users\alexm\OneDrive\Documentos\ProyectosGit\git-integrator-1\src\main\java\Integrador\Pasteleria\service\PedidoService.java. Using fallback presentation compiler.
2025.10.03 23:20:47 INFO  no build target found for C:\Users\alexm\OneDrive\Documentos\ProyectosGit\git-integrator-1\src\main\java\Integrador\Pasteleria\service\PedidoService.java. Using fallback presentation compiler.
2025.10.03 23:20:48 INFO  no build target found for C:\Users\alexm\OneDrive\Documentos\ProyectosGit\git-integrator-1\src\main\java\Integrador\Pasteleria\service\PedidoService.java. Using fallback presentation compiler.
2025.10.03 23:20:48 INFO  no build target found for C:\Users\alexm\OneDrive\Documentos\ProyectosGit\git-integrator-1\src\main\java\Integrador\Pasteleria\service\PedidoService.java. Using fallback presentation compiler.
2025.10.03 23:20:50 INFO  no build target found for C:\Users\alexm\OneDrive\Documentos\ProyectosGit\git-integrator-1\src\main\java\Integrador\Pasteleria\service\PedidoService.java. Using fallback presentation compiler.
2025.10.03 23:20:50 INFO  no build target found for C:\Users\alexm\OneDrive\Documentos\ProyectosGit\git-integrator-1\src\main\java\Integrador\Pasteleria\service\PedidoService.java. Using fallback presentation compiler.
2025.10.03 23:20:50 INFO  no build target found for C:\Users\alexm\OneDrive\Documentos\ProyectosGit\git-integrator-1\src\main\java\Integrador\Pasteleria\service\PedidoService.java. Using fallback presentation compiler.
2025.10.03 23:20:50 INFO  no build target found for C:\Users\alexm\OneDrive\Documentos\ProyectosGit\git-integrator-1\src\main\java\Integrador\Pasteleria\service\PedidoService.java. Using fallback presentation compiler.
2025.10.03 23:20:53 INFO  no build target found for C:\Users\alexm\OneDrive\Documentos\ProyectosGit\git-integrator-1\src\main\java\Integrador\Pasteleria\service\PedidoService.java. Using fallback presentation compiler.
2025.10.03 23:20:53 INFO  no build target found for C:\Users\alexm\OneDrive\Documentos\ProyectosGit\git-integrator-1\src\main\java\Integrador\Pasteleria\service\PedidoService.java. Using fallback presentation compiler.
2025.10.03 23:20:53 INFO  no build target found for C:\Users\alexm\OneDrive\Documentos\ProyectosGit\git-integrator-1\src\main\java\Integrador\Pasteleria\service\PedidoService.java. Using fallback presentation compiler.
2025.10.03 23:20:53 INFO  no build target found for C:\Users\alexm\OneDrive\Documentos\ProyectosGit\git-integrator-1\src\main\java\Integrador\Pasteleria\service\PedidoService.java. Using fallback presentation compiler.
2025.10.03 23:20:54 INFO  no build target found for C:\Users\alexm\OneDrive\Documentos\ProyectosGit\git-integrator-1\src\main\java\Integrador\Pasteleria\service\PedidoService.java. Using fallback presentation compiler.
2025.10.03 23:20:54 INFO  no build target found for C:\Users\alexm\OneDrive\Documentos\ProyectosGit\git-integrator-1\src\main\java\Integrador\Pasteleria\service\PedidoService.java. Using fallback presentation compiler.
2025.10.03 23:20:55 INFO  no build target found for C:\Users\alexm\OneDrive\Documentos\ProyectosGit\git-integrator-1\src\main\java\Integrador\Pasteleria\service\PedidoService.java. Using fallback presentation compiler.
2025.10.03 23:20:54 INFO  no build target found for C:\Users\alexm\OneDrive\Documentos\ProyectosGit\git-integrator-1\src\main\java\Integrador\Pasteleria\service\PedidoService.java. Using fallback presentation compiler.
2025.10.03 23:20:58 INFO  no build target found for C:\Users\alexm\OneDrive\Documentos\ProyectosGit\git-integrator-1\src\main\java\Integrador\Pasteleria\service\PedidoService.java. Using fallback presentation compiler.
2025.10.03 23:20:58 INFO  no build target found for C:\Users\alexm\OneDrive\Documentos\ProyectosGit\git-integrator-1\src\main\java\Integrador\Pasteleria\service\PedidoService.java. Using fallback presentation compiler.
2025.10.03 23:20:59 INFO  no build target found for C:\Users\alexm\OneDrive\Documentos\ProyectosGit\git-integrator-1\src\main\java\Integrador\Pasteleria\service\PedidoService.java. Using fallback presentation compiler.
2025.10.03 23:20:58 INFO  no build target found for C:\Users\alexm\OneDrive\Documentos\ProyectosGit\git-integrator-1\src\main\java\Integrador\Pasteleria\service\PedidoService.java. Using fallback presentation compiler.
2025.10.03 23:20:58 INFO  no build target found for C:\Users\alexm\OneDrive\Documentos\ProyectosGit\git-integrator-1\src\main\java\Integrador\Pasteleria\service\PedidoService.java. Using fallback presentation compiler.
2025.10.03 23:20:59 INFO  no build target found for C:\Users\alexm\OneDrive\Documentos\ProyectosGit\git-integrator-1\src\main\java\Integrador\Pasteleria\service\PedidoService.java. Using fallback presentation compiler.
2025.10.03 23:21:00 INFO  no build target found for C:\Users\alexm\OneDrive\Documentos\ProyectosGit\git-integrator-1\src\main\java\Integrador\Pasteleria\service\PedidoService.java. Using fallback presentation compiler.
2025.10.03 23:21:00 INFO  no build target found for C:\Users\alexm\OneDrive\Documentos\ProyectosGit\git-integrator-1\src\main\java\Integrador\Pasteleria\service\PedidoService.java. Using fallback presentation compiler.
2025.10.03 23:21:00 INFO  no build target found for C:\Users\alexm\OneDrive\Documentos\ProyectosGit\git-integrator-1\src\main\java\Integrador\Pasteleria\service\PedidoService.java. Using fallback presentation compiler.
2025.10.03 23:21:00 INFO  no build target found for C:\Users\alexm\OneDrive\Documentos\ProyectosGit\git-integrator-1\src\main\java\Integrador\Pasteleria\service\PedidoService.java. Using fallback presentation compiler.
2025.10.03 23:21:00 INFO  no build target found for C:\Users\alexm\OneDrive\Documentos\ProyectosGit\git-integrator-1\src\main\java\Integrador\Pasteleria\service\PedidoService.java. Using fallback presentation compiler.
2025.10.03 23:21:00 INFO  no build target found for C:\Users\alexm\OneDrive\Documentos\ProyectosGit\git-integrator-1\src\main\java\Integrador\Pasteleria\service\PedidoService.java. Using fallback presentation compiler.
2025.10.03 23:21:02 INFO  no build target found for C:\Users\alexm\OneDrive\Documentos\ProyectosGit\git-integrator-1\src\main\java\Integrador\Pasteleria\service\PedidoService.java. Using fallback presentation compiler.
2025.10.03 23:21:02 INFO  no build target found for C:\Users\alexm\OneDrive\Documentos\ProyectosGit\git-integrator-1\src\main\java\Integrador\Pasteleria\service\PedidoService.java. Using fallback presentation compiler.
2025.10.03 23:21:02 INFO  no build target found for C:\Users\alexm\OneDrive\Documentos\ProyectosGit\git-integrator-1\src\main\java\Integrador\Pasteleria\service\PedidoService.java. Using fallback presentation compiler.
2025.10.03 23:21:02 INFO  no build target found for C:\Users\alexm\OneDrive\Documentos\ProyectosGit\git-integrator-1\src\main\java\Integrador\Pasteleria\service\PedidoService.java. Using fallback presentation compiler.
2025.10.03 23:21:03 INFO  no build target found for C:\Users\alexm\OneDrive\Documentos\ProyectosGit\git-integrator-1\src\main\java\Integrador\Pasteleria\service\PedidoService.java. Using fallback presentation compiler.
2025.10.03 23:21:03 INFO  no build target found for C:\Users\alexm\OneDrive\Documentos\ProyectosGit\git-integrator-1\src\main\java\Integrador\Pasteleria\service\PedidoService.java. Using fallback presentation compiler.
2025.10.03 23:21:03 INFO  no build target found for C:\Users\alexm\OneDrive\Documentos\ProyectosGit\git-integrator-1\src\main\java\Integrador\Pasteleria\service\PedidoService.java. Using fallback presentation compiler.
2025.10.03 23:21:03 INFO  no build target found for C:\Users\alexm\OneDrive\Documentos\ProyectosGit\git-integrator-1\src\main\java\Integrador\Pasteleria\service\PedidoService.java. Using fallback presentation compiler.
2025.10.03 23:21:03 INFO  no build target found for C:\Users\alexm\OneDrive\Documentos\ProyectosGit\git-integrator-1\src\main\java\Integrador\Pasteleria\service\PedidoService.java. Using fallback presentation compiler.
2025.10.03 23:21:05 INFO  no build target found for C:\Users\alexm\OneDrive\Documentos\ProyectosGit\git-integrator-1\src\main\java\Integrador\Pasteleria\service\PedidoService.java. Using fallback presentation compiler.
2025.10.03 23:21:05 INFO  no build target found for C:\Users\alexm\OneDrive\Documentos\ProyectosGit\git-integrator-1\src\main\java\Integrador\Pasteleria\service\PedidoService.java. Using fallback presentation compiler.
2025.10.03 23:21:05 INFO  no build target found for C:\Users\alexm\OneDrive\Documentos\ProyectosGit\git-integrator-1\src\main\java\Integrador\Pasteleria\service\PedidoService.java. Using fallback presentation compiler.
2025.10.03 23:21:05 INFO  no build target found for C:\Users\alexm\OneDrive\Documentos\ProyectosGit\git-integrator-1\src\main\java\Integrador\Pasteleria\service\PedidoService.java. Using fallback presentation compiler.
2025.10.03 23:21:06 WARN  no build target for: C:\Users\alexm\OneDrive\Documentos\ProyectosGit\git-integrator-1\src\main\java\Integrador\Pasteleria\service\PedidoService.java
2025.10.03 23:21:06 INFO  no build target found for C:\Users\alexm\OneDrive\Documentos\ProyectosGit\git-integrator-1\src\main\java\Integrador\Pasteleria\service\PedidoService.java. Using fallback presentation compiler.
2025.10.03 23:21:06 WARN  no build target for: C:\Users\alexm\OneDrive\Documentos\ProyectosGit\git-integrator-1\src\main\java\Integrador\Pasteleria\service\PedidoService.java
2025.10.03 23:21:07 INFO  no build target found for C:\Users\alexm\OneDrive\Documentos\ProyectosGit\git-integrator-1\src\main\java\Integrador\Pasteleria\service\PedidoService.java. Using fallback presentation compiler.
2025.10.03 23:21:06 WARN  no build target for: C:\Users\alexm\OneDrive\Documentos\ProyectosGit\git-integrator-1\src\main\java\Integrador\Pasteleria\service\PedidoService.java
2025.10.03 23:21:07 INFO  no build target found for C:\Users\alexm\OneDrive\Documentos\ProyectosGit\git-integrator-1\src\main\java\Integrador\Pasteleria\service\PedidoService.java. Using fallback presentation compiler.
2025.10.03 23:21:06 WARN  no build target for: C:\Users\alexm\OneDrive\Documentos\ProyectosGit\git-integrator-1\src\main\java\Integrador\Pasteleria\service\PedidoService.java
2025.10.03 23:21:07 INFO  no build target found for C:\Users\alexm\OneDrive\Documentos\ProyectosGit\git-integrator-1\src\main\java\Integrador\Pasteleria\service\PedidoService.java. Using fallback presentation compiler.
2025.10.03 23:21:06 WARN  no build target for: C:\Users\alexm\OneDrive\Documentos\ProyectosGit\git-integrator-1\src\main\java\Integrador\Pasteleria\service\PedidoService.java
2025.10.03 23:21:07 INFO  no build target found for C:\Users\alexm\OneDrive\Documentos\ProyectosGit\git-integrator-1\src\main\java\Integrador\Pasteleria\service\PedidoService.java. Using fallback presentation compiler.
2025.10.03 23:21:06 WARN  no build target for: C:\Users\alexm\OneDrive\Documentos\ProyectosGit\git-integrator-1\src\main\java\Integrador\Pasteleria\service\PedidoService.java
2025.10.03 23:21:06 INFO  no build target found for C:\Users\alexm\OneDrive\Documentos\ProyectosGit\git-integrator-1\src\main\java\Integrador\Pasteleria\service\PedidoService.java. Using fallback presentation compiler.
2025.10.03 23:21:07 INFO  no build target found for C:\Users\alexm\OneDrive\Documentos\ProyectosGit\git-integrator-1\src\main\java\Integrador\Pasteleria\service\PedidoService.java. Using fallback presentation compiler.
2025.10.03 23:21:08 WARN  no build target for: C:\Users\alexm\OneDrive\Documentos\ProyectosGit\git-integrator-1\src\main\java\Integrador\Pasteleria\service\PedidoService.java
2025.10.03 23:21:08 INFO  no build target found for C:\Users\alexm\OneDrive\Documentos\ProyectosGit\git-integrator-1\src\main\java\Integrador\Pasteleria\service\PedidoService.java. Using fallback presentation compiler.
2025.10.03 23:21:08 WARN  no build target for: C:\Users\alexm\OneDrive\Documentos\ProyectosGit\git-integrator-1\src\main\java\Integrador\Pasteleria\service\PedidoService.java
2025.10.03 23:21:08 INFO  no build target found for C:\Users\alexm\OneDrive\Documentos\ProyectosGit\git-integrator-1\src\main\java\Integrador\Pasteleria\service\PedidoService.java. Using fallback presentation compiler.
2025.10.03 23:21:08 WARN  no build target for: C:\Users\alexm\OneDrive\Documentos\ProyectosGit\git-integrator-1\src\main\java\Integrador\Pasteleria\service\PedidoService.java
2025.10.03 23:21:08 INFO  no build target found for C:\Users\alexm\OneDrive\Documentos\ProyectosGit\git-integrator-1\src\main\java\Integrador\Pasteleria\service\PedidoService.java. Using fallback presentation compiler.
2025.10.03 23:21:08 WARN  no build target for: C:\Users\alexm\OneDrive\Documentos\ProyectosGit\git-integrator-1\src\main\java\Integrador\Pasteleria\service\PedidoService.java
2025.10.03 23:21:08 INFO  no build target found for C:\Users\alexm\OneDrive\Documentos\ProyectosGit\git-integrator-1\src\main\java\Integrador\Pasteleria\service\PedidoService.java. Using fallback presentation compiler.
2025.10.03 23:21:09 INFO  no build target found for C:\Users\alexm\OneDrive\Documentos\ProyectosGit\git-integrator-1\src\main\java\Integrador\Pasteleria\service\PedidoService.java. Using fallback presentation compiler.
2025.10.03 23:21:09 INFO  no build target found for C:\Users\alexm\OneDrive\Documentos\ProyectosGit\git-integrator-1\src\main\java\Integrador\Pasteleria\service\PedidoService.java. Using fallback presentation compiler.
2025.10.03 23:21:10 INFO  no build target found for C:\Users\alexm\OneDrive\Documentos\ProyectosGit\git-integrator-1\src\main\java\Integrador\Pasteleria\service\PedidoService.java. Using fallback presentation compiler.
2025.10.03 23:21:10 INFO  no build target found for C:\Users\alexm\OneDrive\Documentos\ProyectosGit\git-integrator-1\src\main\java\Integrador\Pasteleria\service\PedidoService.java. Using fallback presentation compiler.
2025.10.03 23:21:10 INFO  no build target found for C:\Users\alexm\OneDrive\Documentos\ProyectosGit\git-integrator-1\src\main\java\Integrador\Pasteleria\service\PedidoService.java. Using fallback presentation compiler.
2025.10.03 23:21:23 INFO  no build target found for C:\Users\alexm\OneDrive\Documentos\ProyectosGit\git-integrator-1\src\main\java\Integrador\Pasteleria\service\PedidoService.java. Using fallback presentation compiler.
2025.10.03 23:21:23 INFO  no build target found for C:\Users\alexm\OneDrive\Documentos\ProyectosGit\git-integrator-1\src\main\java\Integrador\Pasteleria\service\PedidoService.java. Using fallback presentation compiler.
2025.10.03 23:21:23 INFO  no build target found for C:\Users\alexm\OneDrive\Documentos\ProyectosGit\git-integrator-1\src\main\java\Integrador\Pasteleria\service\PedidoService.java. Using fallback presentation compiler.
2025.10.03 23:21:23 INFO  no build target found for C:\Users\alexm\OneDrive\Documentos\ProyectosGit\git-integrator-1\src\main\java\Integrador\Pasteleria\service\PedidoService.java. Using fallback presentation compiler.
2025.10.03 23:21:25 WARN  no build target for: C:\Users\alexm\OneDrive\Documentos\ProyectosGit\git-integrator-1\src\main\java\Integrador\Pasteleria\service\PedidoService.java
2025.10.03 23:21:25 INFO  no build target found for C:\Users\alexm\OneDrive\Documentos\ProyectosGit\git-integrator-1\src\main\java\Integrador\Pasteleria\service\PedidoService.java. Using fallback presentation compiler.
2025.10.03 23:21:25 WARN  no build target for: C:\Users\alexm\OneDrive\Documentos\ProyectosGit\git-integrator-1\src\main\java\Integrador\Pasteleria\service\PedidoService.java
2025.10.03 23:21:25 INFO  no build target found for C:\Users\alexm\OneDrive\Documentos\ProyectosGit\git-integrator-1\src\main\java\Integrador\Pasteleria\service\PedidoService.java. Using fallback presentation compiler.
2025.10.03 23:21:26 WARN  no build target for: C:\Users\alexm\OneDrive\Documentos\ProyectosGit\git-integrator-1\src\main\java\Integrador\Pasteleria\service\PedidoService.java
2025.10.03 23:21:25 INFO  no build target found for C:\Users\alexm\OneDrive\Documentos\ProyectosGit\git-integrator-1\src\main\java\Integrador\Pasteleria\service\PedidoService.java. Using fallback presentation compiler.
2025.10.03 23:21:26 WARN  no build target for: C:\Users\alexm\OneDrive\Documentos\ProyectosGit\git-integrator-1\src\main\java\Integrador\Pasteleria\service\PedidoService.java
2025.10.03 23:21:26 INFO  no build target found for C:\Users\alexm\OneDrive\Documentos\ProyectosGit\git-integrator-1\src\main\java\Integrador\Pasteleria\service\PedidoService.java. Using fallback presentation compiler.
2025.10.03 23:21:26 WARN  no build target for: C:\Users\alexm\OneDrive\Documentos\ProyectosGit\git-integrator-1\src\main\java\Integrador\Pasteleria\service\PedidoService.java
2025.10.03 23:21:25 INFO  no build target found for C:\Users\alexm\OneDrive\Documentos\ProyectosGit\git-integrator-1\src\main\java\Integrador\Pasteleria\service\PedidoService.java. Using fallback presentation compiler.
2025.10.03 23:21:26 INFO  no build target found for C:\Users\alexm\OneDrive\Documentos\ProyectosGit\git-integrator-1\src\main\java\Integrador\Pasteleria\service\PedidoService.java. Using fallback presentation compiler.
2025.10.03 23:21:26 INFO  no build target found for C:\Users\alexm\OneDrive\Documentos\ProyectosGit\git-integrator-1\src\main\java\Integrador\Pasteleria\service\PedidoService.java. Using fallback presentation compiler.
2025.10.03 23:21:27 INFO  no build target found for C:\Users\alexm\OneDrive\Documentos\ProyectosGit\git-integrator-1\src\main\java\Integrador\Pasteleria\service\PedidoService.java. Using fallback presentation compiler.
2025.10.03 23:21:36 INFO  no build target found for C:\Users\alexm\OneDrive\Documentos\ProyectosGit\git-integrator-1\src\main\java\Integrador\Pasteleria\service\PedidoService.java. Using fallback presentation compiler.
2025.10.03 23:21:40 INFO  no build target found for C:\Users\alexm\OneDrive\Documentos\ProyectosGit\git-integrator-1\src\main\java\Integrador\Pasteleria\service\PedidoService.java. Using fallback presentation compiler.
2025.10.03 23:21:40 INFO  no build target found for C:\Users\alexm\OneDrive\Documentos\ProyectosGit\git-integrator-1\src\main\java\Integrador\Pasteleria\service\PedidoService.java. Using fallback presentation compiler.
2025.10.03 23:22:00 INFO  no build target found for C:\Users\alexm\OneDrive\Documentos\ProyectosGit\git-integrator-1\src\main\java\Integrador\Pasteleria\service\PedidoService.java. Using fallback presentation compiler.
2025.10.03 23:22:00 INFO  no build target found for C:\Users\alexm\OneDrive\Documentos\ProyectosGit\git-integrator-1\src\main\java\Integrador\Pasteleria\service\PedidoService.java. Using fallback presentation compiler.
2025.10.03 23:22:00 INFO  no build target found for C:\Users\alexm\OneDrive\Documentos\ProyectosGit\git-integrator-1\src\main\java\Integrador\Pasteleria\service\PedidoService.java. Using fallback presentation compiler.
2025.10.03 23:22:01 INFO  no build target found for C:\Users\alexm\OneDrive\Documentos\ProyectosGit\git-integrator-1\src\main\java\Integrador\Pasteleria\service\PedidoService.java. Using fallback presentation compiler.
2025.10.03 23:22:00 INFO  no build target found for C:\Users\alexm\OneDrive\Documentos\ProyectosGit\git-integrator-1\src\main\java\Integrador\Pasteleria\service\PedidoService.java. Using fallback presentation compiler.
2025.10.03 23:22:01 INFO  no build target found for C:\Users\alexm\OneDrive\Documentos\ProyectosGit\git-integrator-1\src\main\java\Integrador\Pasteleria\service\PedidoService.java. Using fallback presentation compiler.
2025.10.03 23:22:03 INFO  no build target found for C:\Users\alexm\OneDrive\Documentos\ProyectosGit\git-integrator-1\src\main\java\Integrador\Pasteleria\service\PedidoService.java. Using fallback presentation compiler.
2025.10.03 23:22:03 INFO  no build target found for C:\Users\alexm\OneDrive\Documentos\ProyectosGit\git-integrator-1\src\main\java\Integrador\Pasteleria\service\PedidoService.java. Using fallback presentation compiler.
2025.10.03 23:22:06 INFO  no build target found for C:\Users\alexm\OneDrive\Documentos\ProyectosGit\git-integrator-1\src\main\java\Integrador\Pasteleria\service\PedidoService.java. Using fallback presentation compiler.
2025.10.03 23:22:06 INFO  no build target found for C:\Users\alexm\OneDrive\Documentos\ProyectosGit\git-integrator-1\src\main\java\Integrador\Pasteleria\service\PedidoService.java. Using fallback presentation compiler.
2025.10.03 23:22:06 INFO  no build target found for C:\Users\alexm\OneDrive\Documentos\ProyectosGit\git-integrator-1\src\main\java\Integrador\Pasteleria\service\PedidoService.java. Using fallback presentation compiler.
2025.10.03 23:22:06 INFO  no build target found for C:\Users\alexm\OneDrive\Documentos\ProyectosGit\git-integrator-1\src\main\java\Integrador\Pasteleria\service\PedidoService.java. Using fallback presentation compiler.
2025.10.03 23:22:08 WARN  no build target for: C:\Users\alexm\OneDrive\Documentos\ProyectosGit\git-integrator-1\src\main\java\Integrador\Pasteleria\service\PedidoService.java
2025.10.03 23:22:08 INFO  no build target found for C:\Users\alexm\OneDrive\Documentos\ProyectosGit\git-integrator-1\src\main\java\Integrador\Pasteleria\service\PedidoService.java. Using fallback presentation compiler.
2025.10.03 23:22:08 WARN  no build target for: C:\Users\alexm\OneDrive\Documentos\ProyectosGit\git-integrator-1\src\main\java\Integrador\Pasteleria\service\PedidoService.java
2025.10.03 23:22:08 INFO  no build target found for C:\Users\alexm\OneDrive\Documentos\ProyectosGit\git-integrator-1\src\main\java\Integrador\Pasteleria\service\PedidoService.java. Using fallback presentation compiler.
2025.10.03 23:22:08 WARN  no build target for: C:\Users\alexm\OneDrive\Documentos\ProyectosGit\git-integrator-1\src\main\java\Integrador\Pasteleria\service\PedidoService.java
2025.10.03 23:22:08 INFO  no build target found for C:\Users\alexm\OneDrive\Documentos\ProyectosGit\git-integrator-1\src\main\java\Integrador\Pasteleria\service\PedidoService.java. Using fallback presentation compiler.
2025.10.03 23:22:08 WARN  no build target for: C:\Users\alexm\OneDrive\Documentos\ProyectosGit\git-integrator-1\src\main\java\Integrador\Pasteleria\service\PedidoService.java
2025.10.03 23:22:08 INFO  no build target found for C:\Users\alexm\OneDrive\Documentos\ProyectosGit\git-integrator-1\src\main\java\Integrador\Pasteleria\service\PedidoService.java. Using fallback presentation compiler.
2025.10.03 23:22:08 WARN  no build target for: C:\Users\alexm\OneDrive\Documentos\ProyectosGit\git-integrator-1\src\main\java\Integrador\Pasteleria\service\PedidoService.java
2025.10.03 23:22:08 INFO  no build target found for C:\Users\alexm\OneDrive\Documentos\ProyectosGit\git-integrator-1\src\main\java\Integrador\Pasteleria\service\PedidoService.java. Using fallback presentation compiler.
2025.10.03 23:22:09 WARN  no build target for: C:\Users\alexm\OneDrive\Documentos\ProyectosGit\git-integrator-1\src\main\java\Integrador\Pasteleria\service\PedidoService.java
2025.10.03 23:22:09 INFO  no build target found for C:\Users\alexm\OneDrive\Documentos\ProyectosGit\git-integrator-1\src\main\java\Integrador\Pasteleria\service\PedidoService.java. Using fallback presentation compiler.
2025.10.03 23:22:09 INFO  no build target found for C:\Users\alexm\OneDrive\Documentos\ProyectosGit\git-integrator-1\src\main\java\Integrador\Pasteleria\service\PedidoService.java. Using fallback presentation compiler.
2025.10.03 23:22:09 WARN  no build target for: C:\Users\alexm\OneDrive\Documentos\ProyectosGit\git-integrator-1\src\main\java\Integrador\Pasteleria\service\PedidoService.java
2025.10.03 23:22:09 INFO  no build target found for C:\Users\alexm\OneDrive\Documentos\ProyectosGit\git-integrator-1\src\main\java\Integrador\Pasteleria\service\PedidoService.java. Using fallback presentation compiler.
2025.10.03 23:22:09 WARN  no build target for: C:\Users\alexm\OneDrive\Documentos\ProyectosGit\git-integrator-1\src\main\java\Integrador\Pasteleria\service\PedidoService.java
2025.10.03 23:22:08 INFO  no build target found for C:\Users\alexm\OneDrive\Documentos\ProyectosGit\git-integrator-1\src\main\java\Integrador\Pasteleria\service\PedidoService.java. Using fallback presentation compiler.
2025.10.03 23:22:10 INFO  no build target found for C:\Users\alexm\OneDrive\Documentos\ProyectosGit\git-integrator-1\src\main\java\Integrador\Pasteleria\service\PedidoService.java. Using fallback presentation compiler.
2025.10.03 23:22:22 INFO  no build target found for C:\Users\alexm\OneDrive\Documentos\ProyectosGit\git-integrator-1\src\main\java\Integrador\Pasteleria\service\PedidoService.java. Using fallback presentation compiler.
2025.10.03 23:22:24 INFO  no build target found for C:\Users\alexm\OneDrive\Documentos\ProyectosGit\git-integrator-1\src\main\java\Integrador\Pasteleria\service\PedidoService.java. Using fallback presentation compiler.
2025.10.03 23:22:24 INFO  no build target found for C:\Users\alexm\OneDrive\Documentos\ProyectosGit\git-integrator-1\src\main\java\Integrador\Pasteleria\service\PedidoService.java. Using fallback presentation compiler.
2025.10.03 23:22:26 INFO  no build target found for C:\Users\alexm\OneDrive\Documentos\ProyectosGit\git-integrator-1\src\main\java\Integrador\Pasteleria\service\PedidoService.java. Using fallback presentation compiler.
2025.10.03 23:22:26 INFO  no build target found for C:\Users\alexm\OneDrive\Documentos\ProyectosGit\git-integrator-1\src\main\java\Integrador\Pasteleria\service\PedidoService.java. Using fallback presentation compiler.
2025.10.03 23:22:31 INFO  no build target found for C:\Users\alexm\OneDrive\Documentos\ProyectosGit\git-integrator-1\src\main\java\Integrador\Pasteleria\service\PedidoService.java. Using fallback presentation compiler.
2025.10.03 23:22:31 INFO  no build target found for C:\Users\alexm\OneDrive\Documentos\ProyectosGit\git-integrator-1\src\main\java\Integrador\Pasteleria\service\PedidoService.java. Using fallback presentation compiler.
2025.10.03 23:22:31 INFO  no build target found for C:\Users\alexm\OneDrive\Documentos\ProyectosGit\git-integrator-1\src\main\java\Integrador\Pasteleria\service\PedidoService.java. Using fallback presentation compiler.
2025.10.03 23:22:32 INFO  no build target found for C:\Users\alexm\OneDrive\Documentos\ProyectosGit\git-integrator-1\src\main\java\Integrador\Pasteleria\service\PedidoService.java. Using fallback presentation compiler.
2025.10.03 23:22:31 INFO  no build target found for C:\Users\alexm\OneDrive\Documentos\ProyectosGit\git-integrator-1\src\main\java\Integrador\Pasteleria\service\PedidoService.java. Using fallback presentation compiler.
2025.10.03 23:22:31 INFO  no build target found for C:\Users\alexm\OneDrive\Documentos\ProyectosGit\git-integrator-1\src\main\java\Integrador\Pasteleria\service\PedidoService.java. Using fallback presentation compiler.
2025.10.03 23:22:31 INFO  no build target found for C:\Users\alexm\OneDrive\Documentos\ProyectosGit\git-integrator-1\src\main\java\Integrador\Pasteleria\service\PedidoService.java. Using fallback presentation compiler.
2025.10.03 23:22:32 INFO  no build target found for C:\Users\alexm\OneDrive\Documentos\ProyectosGit\git-integrator-1\src\main\java\Integrador\Pasteleria\service\PedidoService.java. Using fallback presentation compiler.
2025.10.03 23:22:31 INFO  no build target found for C:\Users\alexm\OneDrive\Documentos\ProyectosGit\git-integrator-1\src\main\java\Integrador\Pasteleria\service\PedidoService.java. Using fallback presentation compiler.
2025.10.03 23:22:33 INFO  no build target found for C:\Users\alexm\OneDrive\Documentos\ProyectosGit\git-integrator-1\src\main\java\Integrador\Pasteleria\service\PedidoService.java. Using fallback presentation compiler.
2025.10.03 23:22:33 INFO  no build target found for C:\Users\alexm\OneDrive\Documentos\ProyectosGit\git-integrator-1\src\main\java\Integrador\Pasteleria\service\PedidoService.java. Using fallback presentation compiler.
2025.10.03 23:22:33 INFO  no build target found for C:\Users\alexm\OneDrive\Documentos\ProyectosGit\git-integrator-1\src\main\java\Integrador\Pasteleria\service\PedidoService.java. Using fallback presentation compiler.
2025.10.03 23:22:33 INFO  no build target found for C:\Users\alexm\OneDrive\Documentos\ProyectosGit\git-integrator-1\src\main\java\Integrador\Pasteleria\service\PedidoService.java. Using fallback presentation compiler.
2025.10.03 23:22:34 INFO  no build target found for C:\Users\alexm\OneDrive\Documentos\ProyectosGit\git-integrator-1\src\main\java\Integrador\Pasteleria\service\PedidoService.java. Using fallback presentation compiler.
2025.10.03 23:22:34 INFO  no build target found for C:\Users\alexm\OneDrive\Documentos\ProyectosGit\git-integrator-1\src\main\java\Integrador\Pasteleria\service\PedidoService.java. Using fallback presentation compiler.
2025.10.03 23:22:34 INFO  no build target found for C:\Users\alexm\OneDrive\Documentos\ProyectosGit\git-integrator-1\src\main\java\Integrador\Pasteleria\service\PedidoService.java. Using fallback presentation compiler.
2025.10.03 23:22:34 INFO  no build target found for C:\Users\alexm\OneDrive\Documentos\ProyectosGit\git-integrator-1\src\main\java\Integrador\Pasteleria\service\PedidoService.java. Using fallback presentation compiler.
2025.10.03 23:22:34 INFO  no build target found for C:\Users\alexm\OneDrive\Documentos\ProyectosGit\git-integrator-1\src\main\java\Integrador\Pasteleria\service\PedidoService.java. Using fallback presentation compiler.
2025.10.03 23:22:43 INFO  no build target found for C:\Users\alexm\OneDrive\Documentos\ProyectosGit\git-integrator-1\src\main\java\Integrador\Pasteleria\service\PedidoService.java. Using fallback presentation compiler.
2025.10.03 23:22:43 INFO  no build target found for C:\Users\alexm\OneDrive\Documentos\ProyectosGit\git-integrator-1\src\main\java\Integrador\Pasteleria\service\PedidoService.java. Using fallback presentation compiler.
2025.10.03 23:22:43 INFO  no build target found for C:\Users\alexm\OneDrive\Documentos\ProyectosGit\git-integrator-1\src\main\java\Integrador\Pasteleria\service\PedidoService.java. Using fallback presentation compiler.
2025.10.03 23:22:43 INFO  no build target found for C:\Users\alexm\OneDrive\Documentos\ProyectosGit\git-integrator-1\src\main\java\Integrador\Pasteleria\service\PedidoService.java. Using fallback presentation compiler.
2025.10.03 23:22:48 INFO  no build target found for C:\Users\alexm\OneDrive\Documentos\ProyectosGit\git-integrator-1\src\main\java\Integrador\Pasteleria\service\PedidoService.java. Using fallback presentation compiler.
2025.10.03 23:22:48 INFO  no build target found for C:\Users\alexm\OneDrive\Documentos\ProyectosGit\git-integrator-1\src\main\java\Integrador\Pasteleria\service\PedidoService.java. Using fallback presentation compiler.
2025.10.03 23:22:48 INFO  no build target found for C:\Users\alexm\OneDrive\Documentos\ProyectosGit\git-integrator-1\src\main\java\Integrador\Pasteleria\service\PedidoService.java. Using fallback presentation compiler.
2025.10.03 23:22:54 INFO  no build target found for C:\Users\alexm\OneDrive\Documentos\ProyectosGit\git-integrator-1\src\main\java\Integrador\Pasteleria\service\PedidoService.java. Using fallback presentation compiler.
2025.10.03 23:23:23 INFO  no build target found for C:\Users\alexm\OneDrive\Documentos\ProyectosGit\git-integrator-1\src\main\java\Integrador\Pasteleria\dto\CrearPedidoRequestDTO.java. Using fallback presentation compiler.
2025.10.03 23:23:23 WARN  no build target for: C:\Users\alexm\OneDrive\Documentos\ProyectosGit\git-integrator-1\src\main\java\Integrador\Pasteleria\dto\CrearPedidoRequestDTO.java
2025.10.03 23:23:23 INFO  no build target found for C:\Users\alexm\OneDrive\Documentos\ProyectosGit\git-integrator-1\src\main\java\Integrador\Pasteleria\dto\CrearPedidoRequestDTO.java. Using fallback presentation compiler.
2025.10.03 23:23:23 INFO  no build target found for C:\Users\alexm\OneDrive\Documentos\ProyectosGit\git-integrator-1\src\main\java\Integrador\Pasteleria\dto\CrearPedidoRequestDTO.java. Using fallback presentation compiler.
2025.10.03 23:23:26 INFO  no build target found for C:\Users\alexm\OneDrive\Documentos\ProyectosGit\git-integrator-1\src\main\java\Integrador\Pasteleria\dto\CrearPedidoRequestDTO.java. Using fallback presentation compiler.
2025.10.03 23:23:26 INFO  no build target found for C:\Users\alexm\OneDrive\Documentos\ProyectosGit\git-integrator-1\src\main\java\Integrador\Pasteleria\dto\CrearPedidoRequestDTO.java. Using fallback presentation compiler.
2025.10.03 23:23:26 INFO  no build target found for C:\Users\alexm\OneDrive\Documentos\ProyectosGit\git-integrator-1\src\main\java\Integrador\Pasteleria\dto\CrearPedidoRequestDTO.java. Using fallback presentation compiler.
2025.10.03 23:23:31 INFO  no build target found for C:\Users\alexm\OneDrive\Documentos\ProyectosGit\git-integrator-1\src\main\java\Integrador\Pasteleria\service\PedidoService.java. Using fallback presentation compiler.
2025.10.03 23:23:31 WARN  no build target for: C:\Users\alexm\OneDrive\Documentos\ProyectosGit\git-integrator-1\src\main\java\Integrador\Pasteleria\service\PedidoService.java
2025.10.03 23:23:31 INFO  no build target found for C:\Users\alexm\OneDrive\Documentos\ProyectosGit\git-integrator-1\src\main\java\Integrador\Pasteleria\service\PedidoService.java. Using fallback presentation compiler.
2025.10.03 23:23:31 INFO  no build target found for C:\Users\alexm\OneDrive\Documentos\ProyectosGit\git-integrator-1\src\main\java\Integrador\Pasteleria\service\PedidoService.java. Using fallback presentation compiler.
2025.10.03 23:23:31 INFO  no build target found for C:\Users\alexm\OneDrive\Documentos\ProyectosGit\git-integrator-1\src\main\java\Integrador\Pasteleria\service\PedidoService.java. Using fallback presentation compiler.
2025.10.03 23:23:31 INFO  no build target found for C:\Users\alexm\OneDrive\Documentos\ProyectosGit\git-integrator-1\src\main\java\Integrador\Pasteleria\service\PedidoService.java. Using fallback presentation compiler.
2025.10.03 23:23:44 INFO  no build target found for C:\Users\alexm\OneDrive\Documentos\ProyectosGit\git-integrator-1\src\main\java\Integrador\Pasteleria\service\PedidoService.java. Using fallback presentation compiler.
2025.10.03 23:23:45 INFO  no build target found for C:\Users\alexm\OneDrive\Documentos\ProyectosGit\git-integrator-1\src\main\java\Integrador\Pasteleria\service\PedidoService.java. Using fallback presentation compiler.
2025.10.03 23:23:48 INFO  no build target found for C:\Users\alexm\OneDrive\Documentos\ProyectosGit\git-integrator-1\src\main\java\Integrador\Pasteleria\service\PedidoService.java. Using fallback presentation compiler.
2025.10.03 23:23:49 INFO  no build target found for C:\Users\alexm\OneDrive\Documentos\ProyectosGit\git-integrator-1\src\main\java\Integrador\Pasteleria\service\PedidoService.java. Using fallback presentation compiler.
2025.10.03 23:23:50 INFO  no build target found for C:\Users\alexm\OneDrive\Documentos\ProyectosGit\git-integrator-1\src\main\java\Integrador\Pasteleria\service\PedidoService.java. Using fallback presentation compiler.
2025.10.03 23:23:50 INFO  no build target found for C:\Users\alexm\OneDrive\Documentos\ProyectosGit\git-integrator-1\src\main\java\Integrador\Pasteleria\service\PedidoService.java. Using fallback presentation compiler.
2025.10.03 23:23:52 INFO  no build target found for C:\Users\alexm\OneDrive\Documentos\ProyectosGit\git-integrator-1\src\main\java\Integrador\Pasteleria\service\PedidoService.java. Using fallback presentation compiler.
2025.10.03 23:23:52 INFO  no build target found for C:\Users\alexm\OneDrive\Documentos\ProyectosGit\git-integrator-1\src\main\java\Integrador\Pasteleria\service\PedidoService.java. Using fallback presentation compiler.
2025.10.03 23:23:52 INFO  no build target found for C:\Users\alexm\OneDrive\Documentos\ProyectosGit\git-integrator-1\src\main\java\Integrador\Pasteleria\service\PedidoService.java. Using fallback presentation compiler.
2025.10.03 23:23:52 INFO  no build target found for C:\Users\alexm\OneDrive\Documentos\ProyectosGit\git-integrator-1\src\main\java\Integrador\Pasteleria\service\PedidoService.java. Using fallback presentation compiler.
2025.10.03 23:23:52 INFO  no build target found for C:\Users\alexm\OneDrive\Documentos\ProyectosGit\git-integrator-1\src\main\java\Integrador\Pasteleria\service\PedidoService.java. Using fallback presentation compiler.
2025.10.03 23:23:53 INFO  no build target found for C:\Users\alexm\OneDrive\Documentos\ProyectosGit\git-integrator-1\src\main\java\Integrador\Pasteleria\service\PedidoService.java. Using fallback presentation compiler.
2025.10.03 23:23:53 INFO  no build target found for C:\Users\alexm\OneDrive\Documentos\ProyectosGit\git-integrator-1\src\main\java\Integrador\Pasteleria\service\PedidoService.java. Using fallback presentation compiler.
2025.10.03 23:23:53 INFO  no build target found for C:\Users\alexm\OneDrive\Documentos\ProyectosGit\git-integrator-1\src\main\java\Integrador\Pasteleria\service\PedidoService.java. Using fallback presentation compiler.
2025.10.03 23:23:53 INFO  no build target found for C:\Users\alexm\OneDrive\Documentos\ProyectosGit\git-integrator-1\src\main\java\Integrador\Pasteleria\service\PedidoService.java. Using fallback presentation compiler.
2025.10.03 23:23:53 INFO  no build target found for C:\Users\alexm\OneDrive\Documentos\ProyectosGit\git-integrator-1\src\main\java\Integrador\Pasteleria\service\PedidoService.java. Using fallback presentation compiler.
2025.10.03 23:23:54 INFO  no build target found for C:\Users\alexm\OneDrive\Documentos\ProyectosGit\git-integrator-1\src\main\java\Integrador\Pasteleria\service\PedidoService.java. Using fallback presentation compiler.
2025.10.03 23:23:54 INFO  no build target found for C:\Users\alexm\OneDrive\Documentos\ProyectosGit\git-integrator-1\src\main\java\Integrador\Pasteleria\service\PedidoService.java. Using fallback presentation compiler.
2025.10.03 23:23:54 INFO  no build target found for C:\Users\alexm\OneDrive\Documentos\ProyectosGit\git-integrator-1\src\main\java\Integrador\Pasteleria\service\PedidoService.java. Using fallback presentation compiler.
2025.10.03 23:23:54 INFO  no build target found for C:\Users\alexm\OneDrive\Documentos\ProyectosGit\git-integrator-1\src\main\java\Integrador\Pasteleria\service\PedidoService.java. Using fallback presentation compiler.
2025.10.03 23:23:54 INFO  no build target found for C:\Users\alexm\OneDrive\Documentos\ProyectosGit\git-integrator-1\src\main\java\Integrador\Pasteleria\service\PedidoService.java. Using fallback presentation compiler.
2025.10.03 23:23:54 INFO  no build target found for C:\Users\alexm\OneDrive\Documentos\ProyectosGit\git-integrator-1\src\main\java\Integrador\Pasteleria\service\PedidoService.java. Using fallback presentation compiler.
2025.10.03 23:23:54 INFO  no build target found for C:\Users\alexm\OneDrive\Documentos\ProyectosGit\git-integrator-1\src\main\java\Integrador\Pasteleria\service\PedidoService.java. Using fallback presentation compiler.
2025.10.03 23:23:55 INFO  no build target found for C:\Users\alexm\OneDrive\Documentos\ProyectosGit\git-integrator-1\src\main\java\Integrador\Pasteleria\service\PedidoService.java. Using fallback presentation compiler.
2025.10.03 23:23:55 INFO  no build target found for C:\Users\alexm\OneDrive\Documentos\ProyectosGit\git-integrator-1\src\main\java\Integrador\Pasteleria\service\PedidoService.java. Using fallback presentation compiler.
2025.10.03 23:23:59 INFO  no build target found for C:\Users\alexm\OneDrive\Documentos\ProyectosGit\git-integrator-1\src\main\java\Integrador\Pasteleria\service\PedidoService.java. Using fallback presentation compiler.
2025.10.03 23:23:59 INFO  no build target found for C:\Users\alexm\OneDrive\Documentos\ProyectosGit\git-integrator-1\src\main\java\Integrador\Pasteleria\service\PedidoService.java. Using fallback presentation compiler.
2025.10.03 23:24:00 INFO  no build target found for C:\Users\alexm\OneDrive\Documentos\ProyectosGit\git-integrator-1\src\main\java\Integrador\Pasteleria\service\PedidoService.java. Using fallback presentation compiler.
2025.10.03 23:23:59 INFO  no build target found for C:\Users\alexm\OneDrive\Documentos\ProyectosGit\git-integrator-1\src\main\java\Integrador\Pasteleria\service\PedidoService.java. Using fallback presentation compiler.
2025.10.03 23:24:03 INFO  no build target found for C:\Users\alexm\OneDrive\Documentos\ProyectosGit\git-integrator-1\src\main\java\Integrador\Pasteleria\service\PedidoService.java. Using fallback presentation compiler.
2025.10.03 23:24:05 INFO  no build target found for C:\Users\alexm\OneDrive\Documentos\ProyectosGit\git-integrator-1\src\main\java\Integrador\Pasteleria\service\PedidoService.java. Using fallback presentation compiler.
2025.10.03 23:24:05 INFO  no build target found for C:\Users\alexm\OneDrive\Documentos\ProyectosGit\git-integrator-1\src\main\java\Integrador\Pasteleria\service\PedidoService.java. Using fallback presentation compiler.
2025.10.03 23:24:05 INFO  no build target found for C:\Users\alexm\OneDrive\Documentos\ProyectosGit\git-integrator-1\src\main\java\Integrador\Pasteleria\service\PedidoService.java. Using fallback presentation compiler.
2025.10.03 23:24:10 INFO  no build target found for C:\Users\alexm\OneDrive\Documentos\ProyectosGit\git-integrator-1\src\main\java\Integrador\Pasteleria\service\PedidoService.java. Using fallback presentation compiler.
2025.10.03 23:24:14 INFO  no build target found for C:\Users\alexm\OneDrive\Documentos\ProyectosGit\git-integrator-1\src\main\java\Integrador\Pasteleria\service\PedidoService.java. Using fallback presentation compiler.
2025.10.03 23:24:14 INFO  no build target found for C:\Users\alexm\OneDrive\Documentos\ProyectosGit\git-integrator-1\src\main\java\Integrador\Pasteleria\service\PedidoService.java. Using fallback presentation compiler.
2025.10.03 23:24:14 INFO  no build target found for C:\Users\alexm\OneDrive\Documentos\ProyectosGit\git-integrator-1\src\main\java\Integrador\Pasteleria\service\PedidoService.java. Using fallback presentation compiler.
2025.10.03 23:24:14 INFO  no build target found for C:\Users\alexm\OneDrive\Documentos\ProyectosGit\git-integrator-1\src\main\java\Integrador\Pasteleria\service\PedidoService.java. Using fallback presentation compiler.
2025.10.03 23:24:16 INFO  no build target found for C:\Users\alexm\OneDrive\Documentos\ProyectosGit\git-integrator-1\src\main\java\Integrador\Pasteleria\service\PedidoService.java. Using fallback presentation compiler.
2025.10.03 23:24:16 INFO  no build target found for C:\Users\alexm\OneDrive\Documentos\ProyectosGit\git-integrator-1\src\main\java\Integrador\Pasteleria\service\PedidoService.java. Using fallback presentation compiler.
2025.10.03 23:24:16 INFO  no build target found for C:\Users\alexm\OneDrive\Documentos\ProyectosGit\git-integrator-1\src\main\java\Integrador\Pasteleria\service\PedidoService.java. Using fallback presentation compiler.
2025.10.03 23:24:16 INFO  no build target found for C:\Users\alexm\OneDrive\Documentos\ProyectosGit\git-integrator-1\src\main\java\Integrador\Pasteleria\service\PedidoService.java. Using fallback presentation compiler.
2025.10.03 23:24:22 INFO  no build target found for C:\Users\alexm\OneDrive\Documentos\ProyectosGit\git-integrator-1\src\main\java\Integrador\Pasteleria\service\PedidoService.java. Using fallback presentation compiler.
2025.10.03 23:24:22 INFO  no build target found for C:\Users\alexm\OneDrive\Documentos\ProyectosGit\git-integrator-1\src\main\java\Integrador\Pasteleria\service\PedidoService.java. Using fallback presentation compiler.
2025.10.03 23:24:22 INFO  no build target found for C:\Users\alexm\OneDrive\Documentos\ProyectosGit\git-integrator-1\src\main\java\Integrador\Pasteleria\service\PedidoService.java. Using fallback presentation compiler.
2025.10.03 23:24:22 INFO  no build target found for C:\Users\alexm\OneDrive\Documentos\ProyectosGit\git-integrator-1\src\main\java\Integrador\Pasteleria\service\PedidoService.java. Using fallback presentation compiler.
2025.10.03 23:24:24 WARN  no build target for: C:\Users\alexm\OneDrive\Documentos\ProyectosGit\git-integrator-1\src\main\java\Integrador\Pasteleria\service\PedidoService.java
2025.10.03 23:24:24 INFO  no build target found for C:\Users\alexm\OneDrive\Documentos\ProyectosGit\git-integrator-1\src\main\java\Integrador\Pasteleria\service\PedidoService.java. Using fallback presentation compiler.
2025.10.03 23:24:24 WARN  no build target for: C:\Users\alexm\OneDrive\Documentos\ProyectosGit\git-integrator-1\src\main\java\Integrador\Pasteleria\service\PedidoService.java
2025.10.03 23:24:25 INFO  no build target found for C:\Users\alexm\OneDrive\Documentos\ProyectosGit\git-integrator-1\src\main\java\Integrador\Pasteleria\service\PedidoService.java. Using fallback presentation compiler.
2025.10.03 23:24:25 WARN  no build target for: C:\Users\alexm\OneDrive\Documentos\ProyectosGit\git-integrator-1\src\main\java\Integrador\Pasteleria\service\PedidoService.java
2025.10.03 23:24:25 INFO  no build target found for C:\Users\alexm\OneDrive\Documentos\ProyectosGit\git-integrator-1\src\main\java\Integrador\Pasteleria\service\PedidoService.java. Using fallback presentation compiler.
2025.10.03 23:24:24 WARN  no build target for: C:\Users\alexm\OneDrive\Documentos\ProyectosGit\git-integrator-1\src\main\java\Integrador\Pasteleria\service\PedidoService.java
2025.10.03 23:24:25 INFO  no build target found for C:\Users\alexm\OneDrive\Documentos\ProyectosGit\git-integrator-1\src\main\java\Integrador\Pasteleria\service\PedidoService.java. Using fallback presentation compiler.
2025.10.03 23:24:24 WARN  no build target for: C:\Users\alexm\OneDrive\Documentos\ProyectosGit\git-integrator-1\src\main\java\Integrador\Pasteleria\service\PedidoService.java
2025.10.03 23:24:24 INFO  no build target found for C:\Users\alexm\OneDrive\Documentos\ProyectosGit\git-integrator-1\src\main\java\Integrador\Pasteleria\service\PedidoService.java. Using fallback presentation compiler.
2025.10.03 23:24:25 INFO  no build target found for C:\Users\alexm\OneDrive\Documentos\ProyectosGit\git-integrator-1\src\main\java\Integrador\Pasteleria\service\PedidoService.java. Using fallback presentation compiler.
2025.10.03 23:24:27 INFO  no build target found for C:\Users\alexm\OneDrive\Documentos\ProyectosGit\git-integrator-1\src\main\java\Integrador\Pasteleria\service\PedidoService.java. Using fallback presentation compiler.
2025.10.03 23:24:34 INFO  no build target found for C:\Users\alexm\OneDrive\Documentos\ProyectosGit\git-integrator-1\src\main\java\Integrador\Pasteleria\service\PedidoService.java. Using fallback presentation compiler.
2025.10.03 23:24:55 INFO  no build target found for C:\Users\alexm\OneDrive\Documentos\ProyectosGit\git-integrator-1\src\main\java\Integrador\Pasteleria\service\PedidoService.java. Using fallback presentation compiler.
2025.10.03 23:24:55 INFO  no build target found for C:\Users\alexm\OneDrive\Documentos\ProyectosGit\git-integrator-1\src\main\java\Integrador\Pasteleria\service\PedidoService.java. Using fallback presentation compiler.
2025.10.03 23:24:57 INFO  no build target found for C:\Users\alexm\OneDrive\Documentos\ProyectosGit\git-integrator-1\src\main\java\Integrador\Pasteleria\service\PedidoService.java. Using fallback presentation compiler.
2025.10.03 23:24:57 INFO  no build target found for C:\Users\alexm\OneDrive\Documentos\ProyectosGit\git-integrator-1\src\main\java\Integrador\Pasteleria\service\PedidoService.java. Using fallback presentation compiler.
2025.10.03 23:24:57 INFO  no build target found for C:\Users\alexm\OneDrive\Documentos\ProyectosGit\git-integrator-1\src\main\java\Integrador\Pasteleria\service\PedidoService.java. Using fallback presentation compiler.
2025.10.03 23:24:58 INFO  no build target found for C:\Users\alexm\OneDrive\Documentos\ProyectosGit\git-integrator-1\src\main\java\Integrador\Pasteleria\service\PedidoService.java. Using fallback presentation compiler.
2025.10.03 23:24:58 INFO  no build target found for C:\Users\alexm\OneDrive\Documentos\ProyectosGit\git-integrator-1\src\main\java\Integrador\Pasteleria\service\PedidoService.java. Using fallback presentation compiler.
2025.10.03 23:24:58 INFO  no build target found for C:\Users\alexm\OneDrive\Documentos\ProyectosGit\git-integrator-1\src\main\java\Integrador\Pasteleria\service\PedidoService.java. Using fallback presentation compiler.
2025.10.03 23:25:00 INFO  no build target found for C:\Users\alexm\OneDrive\Documentos\ProyectosGit\git-integrator-1\src\main\java\Integrador\Pasteleria\service\PedidoService.java. Using fallback presentation compiler.
2025.10.03 23:25:00 INFO  no build target found for C:\Users\alexm\OneDrive\Documentos\ProyectosGit\git-integrator-1\src\main\java\Integrador\Pasteleria\service\PedidoService.java. Using fallback presentation compiler.
2025.10.03 23:25:00 INFO  no build target found for C:\Users\alexm\OneDrive\Documentos\ProyectosGit\git-integrator-1\src\main\java\Integrador\Pasteleria\service\PedidoService.java. Using fallback presentation compiler.
2025.10.03 23:25:01 INFO  no build target found for C:\Users\alexm\OneDrive\Documentos\ProyectosGit\git-integrator-1\src\main\java\Integrador\Pasteleria\service\PedidoService.java. Using fallback presentation compiler.
2025.10.03 23:25:01 INFO  no build target found for C:\Users\alexm\OneDrive\Documentos\ProyectosGit\git-integrator-1\src\main\java\Integrador\Pasteleria\service\PedidoService.java. Using fallback presentation compiler.
2025.10.03 23:25:03 INFO  no build target found for C:\Users\alexm\OneDrive\Documentos\ProyectosGit\git-integrator-1\src\main\java\Integrador\Pasteleria\service\PedidoService.java. Using fallback presentation compiler.
2025.10.03 23:25:03 INFO  no build target found for C:\Users\alexm\OneDrive\Documentos\ProyectosGit\git-integrator-1\src\main\java\Integrador\Pasteleria\service\PedidoService.java. Using fallback presentation compiler.
2025.10.03 23:25:04 INFO  no build target found for C:\Users\alexm\OneDrive\Documentos\ProyectosGit\git-integrator-1\src\main\java\Integrador\Pasteleria\service\PedidoService.java. Using fallback presentation compiler.
2025.10.03 23:25:04 INFO  no build target found for C:\Users\alexm\OneDrive\Documentos\ProyectosGit\git-integrator-1\src\main\java\Integrador\Pasteleria\service\PedidoService.java. Using fallback presentation compiler.
2025.10.03 23:25:04 INFO  no build target found for C:\Users\alexm\OneDrive\Documentos\ProyectosGit\git-integrator-1\src\main\java\Integrador\Pasteleria\service\PedidoService.java. Using fallback presentation compiler.
2025.10.03 23:25:05 INFO  no build target found for C:\Users\alexm\OneDrive\Documentos\ProyectosGit\git-integrator-1\src\main\java\Integrador\Pasteleria\service\PedidoService.java. Using fallback presentation compiler.
2025.10.03 23:25:07 INFO  no build target found for C:\Users\alexm\OneDrive\Documentos\ProyectosGit\git-integrator-1\src\main\java\Integrador\Pasteleria\service\PedidoService.java. Using fallback presentation compiler.
2025.10.03 23:25:13 INFO  no build target found for C:\Users\alexm\OneDrive\Documentos\ProyectosGit\git-integrator-1\src\main\java\Integrador\Pasteleria\service\PedidoService.java. Using fallback presentation compiler.
2025.10.03 23:25:13 INFO  no build target found for C:\Users\alexm\OneDrive\Documentos\ProyectosGit\git-integrator-1\src\main\java\Integrador\Pasteleria\service\PedidoService.java. Using fallback presentation compiler.
2025.10.03 23:25:13 INFO  no build target found for C:\Users\alexm\OneDrive\Documentos\ProyectosGit\git-integrator-1\src\main\java\Integrador\Pasteleria\service\PedidoService.java. Using fallback presentation compiler.
2025.10.03 23:25:15 INFO  no build target found for C:\Users\alexm\OneDrive\Documentos\ProyectosGit\git-integrator-1\src\main\java\Integrador\Pasteleria\service\PedidoService.java. Using fallback presentation compiler.
2025.10.03 23:25:25 INFO  no build target found for C:\Users\alexm\OneDrive\Documentos\ProyectosGit\git-integrator-1\src\main\java\Integrador\Pasteleria\service\PedidoService.java. Using fallback presentation compiler.
2025.10.03 23:25:39 INFO  no build target found for C:\Users\alexm\OneDrive\Documentos\ProyectosGit\git-integrator-1\src\main\java\Integrador\Pasteleria\service\PedidoService.java. Using fallback presentation compiler.
2025.10.03 23:26:01 INFO  no build target found for C:\Users\alexm\OneDrive\Documentos\ProyectosGit\git-integrator-1\src\main\java\Integrador\Pasteleria\service\PedidoService.java. Using fallback presentation compiler.
2025.10.03 23:26:01 INFO  no build target found for C:\Users\alexm\OneDrive\Documentos\ProyectosGit\git-integrator-1\src\main\java\Integrador\Pasteleria\service\PedidoService.java. Using fallback presentation compiler.
2025.10.03 23:26:04 INFO  no build target found for C:\Users\alexm\OneDrive\Documentos\ProyectosGit\git-integrator-1\src\main\java\Integrador\Pasteleria\service\PedidoService.java. Using fallback presentation compiler.
2025.10.03 23:26:05 INFO  no build target found for C:\Users\alexm\OneDrive\Documentos\ProyectosGit\git-integrator-1\src\main\java\Integrador\Pasteleria\service\PedidoService.java. Using fallback presentation compiler.
2025.10.03 23:26:05 INFO  no build target found for C:\Users\alexm\OneDrive\Documentos\ProyectosGit\git-integrator-1\src\main\java\Integrador\Pasteleria\service\PedidoService.java. Using fallback presentation compiler.
2025.10.03 23:26:05 INFO  no build target found for C:\Users\alexm\OneDrive\Documentos\ProyectosGit\git-integrator-1\src\main\java\Integrador\Pasteleria\service\PedidoService.java. Using fallback presentation compiler.
2025.10.03 23:26:06 INFO  no build target found for C:\Users\alexm\OneDrive\Documentos\ProyectosGit\git-integrator-1\src\main\java\Integrador\Pasteleria\service\PedidoService.java. Using fallback presentation compiler.
2025.10.03 23:26:05 INFO  no build target found for C:\Users\alexm\OneDrive\Documentos\ProyectosGit\git-integrator-1\src\main\java\Integrador\Pasteleria\service\PedidoService.java. Using fallback presentation compiler.
2025.10.03 23:26:12 INFO  no build target found for C:\Users\alexm\OneDrive\Documentos\ProyectosGit\git-integrator-1\src\main\java\Integrador\Pasteleria\service\PedidoService.java. Using fallback presentation compiler.
2025.10.03 23:26:12 INFO  no build target found for C:\Users\alexm\OneDrive\Documentos\ProyectosGit\git-integrator-1\src\main\java\Integrador\Pasteleria\service\PedidoService.java. Using fallback presentation compiler.
2025.10.03 23:26:12 INFO  no build target found for C:\Users\alexm\OneDrive\Documentos\ProyectosGit\git-integrator-1\src\main\java\Integrador\Pasteleria\service\PedidoService.java. Using fallback presentation compiler.
2025.10.03 23:26:12 INFO  no build target found for C:\Users\alexm\OneDrive\Documentos\ProyectosGit\git-integrator-1\src\main\java\Integrador\Pasteleria\service\PedidoService.java. Using fallback presentation compiler.
2025.10.03 23:26:12 INFO  no build target found for C:\Users\alexm\OneDrive\Documentos\ProyectosGit\git-integrator-1\src\main\java\Integrador\Pasteleria\service\PedidoService.java. Using fallback presentation compiler.
2025.10.03 23:26:17 INFO  no build target found for C:\Users\alexm\OneDrive\Documentos\ProyectosGit\git-integrator-1\src\main\java\Integrador\Pasteleria\service\PedidoService.java. Using fallback presentation compiler.
2025.10.03 23:26:17 INFO  no build target found for C:\Users\alexm\OneDrive\Documentos\ProyectosGit\git-integrator-1\src\main\java\Integrador\Pasteleria\service\PedidoService.java. Using fallback presentation compiler.
2025.10.03 23:26:17 INFO  no build target found for C:\Users\alexm\OneDrive\Documentos\ProyectosGit\git-integrator-1\src\main\java\Integrador\Pasteleria\service\PedidoService.java. Using fallback presentation compiler.
2025.10.03 23:26:17 INFO  no build target found for C:\Users\alexm\OneDrive\Documentos\ProyectosGit\git-integrator-1\src\main\java\Integrador\Pasteleria\service\PedidoService.java. Using fallback presentation compiler.
2025.10.03 23:26:17 INFO  no build target found for C:\Users\alexm\OneDrive\Documentos\ProyectosGit\git-integrator-1\src\main\java\Integrador\Pasteleria\service\PedidoService.java. Using fallback presentation compiler.
2025.10.03 23:26:18 INFO  no build target found for C:\Users\alexm\OneDrive\Documentos\ProyectosGit\git-integrator-1\src\main\java\Integrador\Pasteleria\service\PedidoService.java. Using fallback presentation compiler.
2025.10.03 23:26:18 INFO  no build target found for C:\Users\alexm\OneDrive\Documentos\ProyectosGit\git-integrator-1\src\main\java\Integrador\Pasteleria\service\PedidoService.java. Using fallback presentation compiler.
2025.10.03 23:26:18 INFO  no build target found for C:\Users\alexm\OneDrive\Documentos\ProyectosGit\git-integrator-1\src\main\java\Integrador\Pasteleria\service\PedidoService.java. Using fallback presentation compiler.
2025.10.03 23:26:23 INFO  no build target found for C:\Users\alexm\OneDrive\Documentos\ProyectosGit\git-integrator-1\src\main\java\Integrador\Pasteleria\service\PedidoService.java. Using fallback presentation compiler.
2025.10.03 23:26:23 INFO  no build target found for C:\Users\alexm\OneDrive\Documentos\ProyectosGit\git-integrator-1\src\main\java\Integrador\Pasteleria\service\PedidoService.java. Using fallback presentation compiler.
2025.10.03 23:26:23 INFO  no build target found for C:\Users\alexm\OneDrive\Documentos\ProyectosGit\git-integrator-1\src\main\java\Integrador\Pasteleria\service\PedidoService.java. Using fallback presentation compiler.
2025.10.03 23:26:24 INFO  no build target found for C:\Users\alexm\OneDrive\Documentos\ProyectosGit\git-integrator-1\src\main\java\Integrador\Pasteleria\service\PedidoService.java. Using fallback presentation compiler.
2025.10.03 23:26:23 INFO  no build target found for C:\Users\alexm\OneDrive\Documentos\ProyectosGit\git-integrator-1\src\main\java\Integrador\Pasteleria\service\PedidoService.java. Using fallback presentation compiler.
2025.10.03 23:26:24 INFO  no build target found for C:\Users\alexm\OneDrive\Documentos\ProyectosGit\git-integrator-1\src\main\java\Integrador\Pasteleria\service\PedidoService.java. Using fallback presentation compiler.
2025.10.03 23:26:24 INFO  no build target found for C:\Users\alexm\OneDrive\Documentos\ProyectosGit\git-integrator-1\src\main\java\Integrador\Pasteleria\service\PedidoService.java. Using fallback presentation compiler.
2025.10.03 23:26:25 INFO  no build target found for C:\Users\alexm\OneDrive\Documentos\ProyectosGit\git-integrator-1\src\main\java\Integrador\Pasteleria\service\PedidoService.java. Using fallback presentation compiler.
2025.10.03 23:26:24 INFO  no build target found for C:\Users\alexm\OneDrive\Documentos\ProyectosGit\git-integrator-1\src\main\java\Integrador\Pasteleria\service\PedidoService.java. Using fallback presentation compiler.
2025.10.03 23:26:32 INFO  no build target found for C:\Users\alexm\OneDrive\Documentos\ProyectosGit\git-integrator-1\src\main\java\Integrador\Pasteleria\service\PedidoService.java. Using fallback presentation compiler.
2025.10.03 23:26:32 INFO  no build target found for C:\Users\alexm\OneDrive\Documentos\ProyectosGit\git-integrator-1\src\main\java\Integrador\Pasteleria\service\PedidoService.java. Using fallback presentation compiler.
2025.10.03 23:26:32 INFO  no build target found for C:\Users\alexm\OneDrive\Documentos\ProyectosGit\git-integrator-1\src\main\java\Integrador\Pasteleria\service\PedidoService.java. Using fallback presentation compiler.
2025.10.03 23:26:39 INFO  no build target found for C:\Users\alexm\OneDrive\Documentos\ProyectosGit\git-integrator-1\src\main\java\Integrador\Pasteleria\service\PedidoService.java. Using fallback presentation compiler.
2025.10.03 23:26:40 INFO  no build target found for C:\Users\alexm\OneDrive\Documentos\ProyectosGit\git-integrator-1\src\main\java\Integrador\Pasteleria\service\PedidoService.java. Using fallback presentation compiler.
2025.10.03 23:26:42 INFO  no build target found for C:\Users\alexm\OneDrive\Documentos\ProyectosGit\git-integrator-1\src\main\java\Integrador\Pasteleria\service\PedidoService.java. Using fallback presentation compiler.
2025.10.03 23:26:43 INFO  no build target found for C:\Users\alexm\OneDrive\Documentos\ProyectosGit\git-integrator-1\src\main\java\Integrador\Pasteleria\service\PedidoService.java. Using fallback presentation compiler.
2025.10.03 23:26:43 INFO  no build target found for C:\Users\alexm\OneDrive\Documentos\ProyectosGit\git-integrator-1\src\main\java\Integrador\Pasteleria\service\PedidoService.java. Using fallback presentation compiler.
2025.10.03 23:26:48 INFO  no build target found for C:\Users\alexm\OneDrive\Documentos\ProyectosGit\git-integrator-1\src\main\java\Integrador\Pasteleria\service\PedidoService.java. Using fallback presentation compiler.
2025.10.03 23:26:50 INFO  no build target found for C:\Users\alexm\OneDrive\Documentos\ProyectosGit\git-integrator-1\src\main\java\Integrador\Pasteleria\service\PedidoService.java. Using fallback presentation compiler.
2025.10.03 23:26:50 INFO  no build target found for C:\Users\alexm\OneDrive\Documentos\ProyectosGit\git-integrator-1\src\main\java\Integrador\Pasteleria\service\PedidoService.java. Using fallback presentation compiler.
2025.10.03 23:26:51 INFO  no build target found for C:\Users\alexm\OneDrive\Documentos\ProyectosGit\git-integrator-1\src\main\java\Integrador\Pasteleria\service\PedidoService.java. Using fallback presentation compiler.
2025.10.03 23:26:51 INFO  no build target found for C:\Users\alexm\OneDrive\Documentos\ProyectosGit\git-integrator-1\src\main\java\Integrador\Pasteleria\service\PedidoService.java. Using fallback presentation compiler.
2025.10.03 23:26:51 INFO  no build target found for C:\Users\alexm\OneDrive\Documentos\ProyectosGit\git-integrator-1\src\main\java\Integrador\Pasteleria\service\PedidoService.java. Using fallback presentation compiler.
2025.10.03 23:26:54 INFO  no build target found for C:\Users\alexm\OneDrive\Documentos\ProyectosGit\git-integrator-1\src\main\java\Integrador\Pasteleria\service\PedidoService.java. Using fallback presentation compiler.
2025.10.03 23:26:54 INFO  no build target found for C:\Users\alexm\OneDrive\Documentos\ProyectosGit\git-integrator-1\src\main\java\Integrador\Pasteleria\service\PedidoService.java. Using fallback presentation compiler.
2025.10.03 23:26:56 INFO  no build target found for C:\Users\alexm\OneDrive\Documentos\ProyectosGit\git-integrator-1\src\main\java\Integrador\Pasteleria\service\PedidoService.java. Using fallback presentation compiler.
2025.10.03 23:27:00 INFO  no build target found for C:\Users\alexm\OneDrive\Documentos\ProyectosGit\git-integrator-1\src\main\java\Integrador\Pasteleria\service\PedidoService.java. Using fallback presentation compiler.
2025.10.03 23:27:00 INFO  no build target found for C:\Users\alexm\OneDrive\Documentos\ProyectosGit\git-integrator-1\src\main\java\Integrador\Pasteleria\service\PedidoService.java. Using fallback presentation compiler.
2025.10.03 23:27:00 INFO  no build target found for C:\Users\alexm\OneDrive\Documentos\ProyectosGit\git-integrator-1\src\main\java\Integrador\Pasteleria\service\PedidoService.java. Using fallback presentation compiler.
2025.10.03 23:27:00 INFO  no build target found for C:\Users\alexm\OneDrive\Documentos\ProyectosGit\git-integrator-1\src\main\java\Integrador\Pasteleria\service\PedidoService.java. Using fallback presentation compiler.
2025.10.03 23:27:05 INFO  no build target found for C:\Users\alexm\OneDrive\Documentos\ProyectosGit\git-integrator-1\src\main\java\Integrador\Pasteleria\service\PedidoService.java. Using fallback presentation compiler.
2025.10.03 23:27:05 INFO  no build target found for C:\Users\alexm\OneDrive\Documentos\ProyectosGit\git-integrator-1\src\main\java\Integrador\Pasteleria\service\PedidoService.java. Using fallback presentation compiler.
2025.10.03 23:27:05 INFO  no build target found for C:\Users\alexm\OneDrive\Documentos\ProyectosGit\git-integrator-1\src\main\java\Integrador\Pasteleria\service\PedidoService.java. Using fallback presentation compiler.
2025.10.03 23:27:05 INFO  no build target found for C:\Users\alexm\OneDrive\Documentos\ProyectosGit\git-integrator-1\src\main\java\Integrador\Pasteleria\service\PedidoService.java. Using fallback presentation compiler.
2025.10.03 23:27:10 INFO  no build target found for C:\Users\alexm\OneDrive\Documentos\ProyectosGit\git-integrator-1\src\main\java\Integrador\Pasteleria\service\PedidoService.java. Using fallback presentation compiler.
2025.10.03 23:27:10 INFO  no build target found for C:\Users\alexm\OneDrive\Documentos\ProyectosGit\git-integrator-1\src\main\java\Integrador\Pasteleria\service\PedidoService.java. Using fallback presentation compiler.
2025.10.03 23:27:10 INFO  no build target found for C:\Users\alexm\OneDrive\Documentos\ProyectosGit\git-integrator-1\src\main\java\Integrador\Pasteleria\service\PedidoService.java. Using fallback presentation compiler.
2025.10.03 23:27:10 INFO  no build target found for C:\Users\alexm\OneDrive\Documentos\ProyectosGit\git-integrator-1\src\main\java\Integrador\Pasteleria\service\PedidoService.java. Using fallback presentation compiler.
2025.10.03 23:27:10 INFO  no build target found for C:\Users\alexm\OneDrive\Documentos\ProyectosGit\git-integrator-1\src\main\java\Integrador\Pasteleria\service\PedidoService.java. Using fallback presentation compiler.
2025.10.03 23:27:11 INFO  no build target found for C:\Users\alexm\OneDrive\Documentos\ProyectosGit\git-integrator-1\src\main\java\Integrador\Pasteleria\service\PedidoService.java. Using fallback presentation compiler.
2025.10.03 23:27:10 INFO  no build target found for C:\Users\alexm\OneDrive\Documentos\ProyectosGit\git-integrator-1\src\main\java\Integrador\Pasteleria\service\PedidoService.java. Using fallback presentation compiler.
2025.10.03 23:27:10 INFO  no build target found for C:\Users\alexm\OneDrive\Documentos\ProyectosGit\git-integrator-1\src\main\java\Integrador\Pasteleria\service\PedidoService.java. Using fallback presentation compiler.
2025.10.03 23:27:11 INFO  no build target found for C:\Users\alexm\OneDrive\Documentos\ProyectosGit\git-integrator-1\src\main\java\Integrador\Pasteleria\service\PedidoService.java. Using fallback presentation compiler.
2025.10.03 23:27:12 INFO  no build target found for C:\Users\alexm\OneDrive\Documentos\ProyectosGit\git-integrator-1\src\main\java\Integrador\Pasteleria\service\PedidoService.java. Using fallback presentation compiler.
2025.10.03 23:27:28 INFO  no build target found for C:\Users\alexm\OneDrive\Documentos\ProyectosGit\git-integrator-1\src\main\java\Integrador\Pasteleria\service\PedidoService.java. Using fallback presentation compiler.
2025.10.03 23:27:28 INFO  no build target found for C:\Users\alexm\OneDrive\Documentos\ProyectosGit\git-integrator-1\src\main\java\Integrador\Pasteleria\service\PedidoService.java. Using fallback presentation compiler.
2025.10.03 23:27:28 INFO  no build target found for C:\Users\alexm\OneDrive\Documentos\ProyectosGit\git-integrator-1\src\main\java\Integrador\Pasteleria\service\PedidoService.java. Using fallback presentation compiler.
2025.10.03 23:27:28 INFO  no build target found for C:\Users\alexm\OneDrive\Documentos\ProyectosGit\git-integrator-1\src\main\java\Integrador\Pasteleria\service\PedidoService.java. Using fallback presentation compiler.
2025.10.03 23:27:28 INFO  no build target found for C:\Users\alexm\OneDrive\Documentos\ProyectosGit\git-integrator-1\src\main\java\Integrador\Pasteleria\service\PedidoService.java. Using fallback presentation compiler.
2025.10.03 23:27:28 INFO  no build target found for C:\Users\alexm\OneDrive\Documentos\ProyectosGit\git-integrator-1\src\main\java\Integrador\Pasteleria\service\PedidoService.java. Using fallback presentation compiler.
2025.10.03 23:27:28 INFO  no build target found for C:\Users\alexm\OneDrive\Documentos\ProyectosGit\git-integrator-1\src\main\java\Integrador\Pasteleria\service\PedidoService.java. Using fallback presentation compiler.
2025.10.03 23:27:29 INFO  no build target found for C:\Users\alexm\OneDrive\Documentos\ProyectosGit\git-integrator-1\src\main\java\Integrador\Pasteleria\service\PedidoService.java. Using fallback presentation compiler.
2025.10.03 23:27:29 INFO  no build target found for C:\Users\alexm\OneDrive\Documentos\ProyectosGit\git-integrator-1\src\main\java\Integrador\Pasteleria\service\PedidoService.java. Using fallback presentation compiler.
2025.10.03 23:27:29 INFO  no build target found for C:\Users\alexm\OneDrive\Documentos\ProyectosGit\git-integrator-1\src\main\java\Integrador\Pasteleria\service\PedidoService.java. Using fallback presentation compiler.
2025.10.03 23:27:29 INFO  no build target found for C:\Users\alexm\OneDrive\Documentos\ProyectosGit\git-integrator-1\src\main\java\Integrador\Pasteleria\service\PedidoService.java. Using fallback presentation compiler.
2025.10.03 23:27:29 INFO  no build target found for C:\Users\alexm\OneDrive\Documentos\ProyectosGit\git-integrator-1\src\main\java\Integrador\Pasteleria\service\PedidoService.java. Using fallback presentation compiler.
2025.10.03 23:27:30 INFO  no build target found for C:\Users\alexm\OneDrive\Documentos\ProyectosGit\git-integrator-1\src\main\java\Integrador\Pasteleria\service\PedidoService.java. Using fallback presentation compiler.
2025.10.03 23:27:30 INFO  no build target found for C:\Users\alexm\OneDrive\Documentos\ProyectosGit\git-integrator-1\src\main\java\Integrador\Pasteleria\service\PedidoService.java. Using fallback presentation compiler.
2025.10.03 23:27:32 INFO  no build target found for C:\Users\alexm\OneDrive\Documentos\ProyectosGit\git-integrator-1\src\main\java\Integrador\Pasteleria\service\PedidoService.java. Using fallback presentation compiler.
2025.10.03 23:27:32 INFO  no build target found for C:\Users\alexm\OneDrive\Documentos\ProyectosGit\git-integrator-1\src\main\java\Integrador\Pasteleria\service\PedidoService.java. Using fallback presentation compiler.
2025.10.03 23:27:32 INFO  no build target found for C:\Users\alexm\OneDrive\Documentos\ProyectosGit\git-integrator-1\src\main\java\Integrador\Pasteleria\service\PedidoService.java. Using fallback presentation compiler.
2025.10.03 23:27:32 INFO  no build target found for C:\Users\alexm\OneDrive\Documentos\ProyectosGit\git-integrator-1\src\main\java\Integrador\Pasteleria\service\PedidoService.java. Using fallback presentation compiler.
2025.10.03 23:27:34 INFO  no build target found for C:\Users\alexm\OneDrive\Documentos\ProyectosGit\git-integrator-1\src\main\java\Integrador\Pasteleria\service\PedidoService.java. Using fallback presentation compiler.
2025.10.03 23:27:34 INFO  no build target found for C:\Users\alexm\OneDrive\Documentos\ProyectosGit\git-integrator-1\src\main\java\Integrador\Pasteleria\service\PedidoService.java. Using fallback presentation compiler.
2025.10.03 23:27:34 INFO  no build target found for C:\Users\alexm\OneDrive\Documentos\ProyectosGit\git-integrator-1\src\main\java\Integrador\Pasteleria\service\PedidoService.java. Using fallback presentation compiler.
2025.10.03 23:27:34 INFO  no build target found for C:\Users\alexm\OneDrive\Documentos\ProyectosGit\git-integrator-1\src\main\java\Integrador\Pasteleria\service\PedidoService.java. Using fallback presentation compiler.
2025.10.03 23:27:37 INFO  no build target found for C:\Users\alexm\OneDrive\Documentos\ProyectosGit\git-integrator-1\src\main\java\Integrador\Pasteleria\service\PedidoService.java. Using fallback presentation compiler.
2025.10.03 23:27:37 INFO  no build target found for C:\Users\alexm\OneDrive\Documentos\ProyectosGit\git-integrator-1\src\main\java\Integrador\Pasteleria\service\PedidoService.java. Using fallback presentation compiler.
2025.10.03 23:27:38 INFO  no build target found for C:\Users\alexm\OneDrive\Documentos\ProyectosGit\git-integrator-1\src\main\java\Integrador\Pasteleria\service\PedidoService.java. Using fallback presentation compiler.
2025.10.03 23:27:37 INFO  no build target found for C:\Users\alexm\OneDrive\Documentos\ProyectosGit\git-integrator-1\src\main\java\Integrador\Pasteleria\service\PedidoService.java. Using fallback presentation compiler.
2025.10.03 23:27:37 INFO  no build target found for C:\Users\alexm\OneDrive\Documentos\ProyectosGit\git-integrator-1\src\main\java\Integrador\Pasteleria\service\PedidoService.java. Using fallback presentation compiler.
2025.10.03 23:27:39 INFO  no build target found for C:\Users\alexm\OneDrive\Documentos\ProyectosGit\git-integrator-1\src\main\java\Integrador\Pasteleria\service\PedidoService.java. Using fallback presentation compiler.
2025.10.03 23:27:39 INFO  no build target found for C:\Users\alexm\OneDrive\Documentos\ProyectosGit\git-integrator-1\src\main\java\Integrador\Pasteleria\service\PedidoService.java. Using fallback presentation compiler.
2025.10.03 23:27:39 INFO  no build target found for C:\Users\alexm\OneDrive\Documentos\ProyectosGit\git-integrator-1\src\main\java\Integrador\Pasteleria\service\PedidoService.java. Using fallback presentation compiler.
2025.10.03 23:27:39 INFO  no build target found for C:\Users\alexm\OneDrive\Documentos\ProyectosGit\git-integrator-1\src\main\java\Integrador\Pasteleria\service\PedidoService.java. Using fallback presentation compiler.
2025.10.03 23:27:39 INFO  no build target found for C:\Users\alexm\OneDrive\Documentos\ProyectosGit\git-integrator-1\src\main\java\Integrador\Pasteleria\service\PedidoService.java. Using fallback presentation compiler.
2025.10.03 23:27:39 INFO  no build target found for C:\Users\alexm\OneDrive\Documentos\ProyectosGit\git-integrator-1\src\main\java\Integrador\Pasteleria\service\PedidoService.java. Using fallback presentation compiler.
2025.10.03 23:27:40 INFO  no build target found for C:\Users\alexm\OneDrive\Documentos\ProyectosGit\git-integrator-1\src\main\java\Integrador\Pasteleria\service\PedidoService.java. Using fallback presentation compiler.
2025.10.03 23:27:40 INFO  no build target found for C:\Users\alexm\OneDrive\Documentos\ProyectosGit\git-integrator-1\src\main\java\Integrador\Pasteleria\service\PedidoService.java. Using fallback presentation compiler.
2025.10.03 23:27:40 INFO  no build target found for C:\Users\alexm\OneDrive\Documentos\ProyectosGit\git-integrator-1\src\main\java\Integrador\Pasteleria\service\PedidoService.java. Using fallback presentation compiler.
2025.10.03 23:27:40 INFO  no build target found for C:\Users\alexm\OneDrive\Documentos\ProyectosGit\git-integrator-1\src\main\java\Integrador\Pasteleria\service\PedidoService.java. Using fallback presentation compiler.
2025.10.03 23:27:42 INFO  no build target found for C:\Users\alexm\OneDrive\Documentos\ProyectosGit\git-integrator-1\src\main\java\Integrador\Pasteleria\service\PedidoService.java. Using fallback presentation compiler.
2025.10.03 23:27:42 INFO  no build target found for C:\Users\alexm\OneDrive\Documentos\ProyectosGit\git-integrator-1\src\main\java\Integrador\Pasteleria\service\PedidoService.java. Using fallback presentation compiler.
2025.10.03 23:27:43 INFO  no build target found for C:\Users\alexm\OneDrive\Documentos\ProyectosGit\git-integrator-1\src\main\java\Integrador\Pasteleria\service\PedidoService.java. Using fallback presentation compiler.
2025.10.03 23:27:42 INFO  no build target found for C:\Users\alexm\OneDrive\Documentos\ProyectosGit\git-integrator-1\src\main\java\Integrador\Pasteleria\service\PedidoService.java. Using fallback presentation compiler.
2025.10.03 23:27:43 INFO  no build target found for C:\Users\alexm\OneDrive\Documentos\ProyectosGit\git-integrator-1\src\main\java\Integrador\Pasteleria\service\PedidoService.java. Using fallback presentation compiler.
2025.10.03 23:27:43 INFO  no build target found for C:\Users\alexm\OneDrive\Documentos\ProyectosGit\git-integrator-1\src\main\java\Integrador\Pasteleria\service\PedidoService.java. Using fallback presentation compiler.
2025.10.03 23:27:44 INFO  no build target found for C:\Users\alexm\OneDrive\Documentos\ProyectosGit\git-integrator-1\src\main\java\Integrador\Pasteleria\service\PedidoService.java. Using fallback presentation compiler.
2025.10.03 23:27:43 INFO  no build target found for C:\Users\alexm\OneDrive\Documentos\ProyectosGit\git-integrator-1\src\main\java\Integrador\Pasteleria\service\PedidoService.java. Using fallback presentation compiler.
2025.10.03 23:27:50 INFO  no build target found for C:\Users\alexm\OneDrive\Documentos\ProyectosGit\git-integrator-1\src\main\java\Integrador\Pasteleria\service\PedidoService.java. Using fallback presentation compiler.
2025.10.03 23:27:50 INFO  no build target found for C:\Users\alexm\OneDrive\Documentos\ProyectosGit\git-integrator-1\src\main\java\Integrador\Pasteleria\service\PedidoService.java. Using fallback presentation compiler.
2025.10.03 23:27:50 INFO  no build target found for C:\Users\alexm\OneDrive\Documentos\ProyectosGit\git-integrator-1\src\main\java\Integrador\Pasteleria\service\PedidoService.java. Using fallback presentation compiler.
2025.10.03 23:27:50 INFO  no build target found for C:\Users\alexm\OneDrive\Documentos\ProyectosGit\git-integrator-1\src\main\java\Integrador\Pasteleria\service\PedidoService.java. Using fallback presentation compiler.
2025.10.03 23:27:53 INFO  no build target found for C:\Users\alexm\OneDrive\Documentos\ProyectosGit\git-integrator-1\src\main\java\Integrador\Pasteleria\service\PedidoService.java. Using fallback presentation compiler.
2025.10.03 23:27:55 INFO  no build target found for C:\Users\alexm\OneDrive\Documentos\ProyectosGit\git-integrator-1\src\main\java\Integrador\Pasteleria\service\PedidoService.java. Using fallback presentation compiler.
2025.10.03 23:27:55 INFO  no build target found for C:\Users\alexm\OneDrive\Documentos\ProyectosGit\git-integrator-1\src\main\java\Integrador\Pasteleria\service\PedidoService.java. Using fallback presentation compiler.
2025.10.03 23:28:01 INFO  no build target found for C:\Users\alexm\OneDrive\Documentos\ProyectosGit\git-integrator-1\src\main\java\Integrador\Pasteleria\service\PedidoService.java. Using fallback presentation compiler.
oct 03, 2025 11:28:15 P. M. org.eclipse.lsp4j.jsonrpc.RemoteEndpoint handleNotification
WARNING: Notification threw an exception: {
  "jsonrpc": "2.0",
  "method": "metals/didFocusTextDocument",
  "params": [
    "vscode-chat-code-block://7136f388-b341-471f-a242-56a41514fec7/response_3ae18692-7ac4-49bd-9d34-e3c419fc41f9/0#%7B%22references%22%3A%5B%5D%7D"
  ]
}
java.nio.file.FileSystemNotFoundException: Provider "vscode-chat-code-block" not installed
	at java.base/java.nio.file.Path.of(Path.java:213)
	at java.base/java.nio.file.Paths.get(Paths.java:98)
	at scala.meta.internal.mtags.MtagsEnrichments$XtensionURIMtags.toAbsolutePath(MtagsEnrichments.scala:130)
	at scala.meta.internal.mtags.MtagsEnrichments$XtensionStringMtags.toAbsolutePath(MtagsEnrichments.scala:190)
	at scala.meta.internal.metals.MetalsEnrichments$XtensionString.toAbsolutePath(MetalsEnrichments.scala:787)
	at scala.meta.internal.metals.MetalsEnrichments$XtensionString.toAbsolutePath(MetalsEnrichments.scala:784)
	at scala.meta.internal.metals.WorkspaceLspService.didFocus(WorkspaceLspService.scala:786)
	at scala.meta.metals.lsp.DelegatingScalaService.didFocus(DelegatingScalaService.scala:42)
	at java.base/jdk.internal.reflect.DirectMethodHandleAccessor.invoke(DirectMethodHandleAccessor.java:103)
	at java.base/java.lang.reflect.Method.invoke(Method.java:580)
	at org.eclipse.lsp4j.jsonrpc.services.GenericEndpoint.lambda$recursiveFindRpcMethods$0(GenericEndpoint.java:65)
	at org.eclipse.lsp4j.jsonrpc.services.GenericEndpoint.notify(GenericEndpoint.java:160)
	at org.eclipse.lsp4j.jsonrpc.RemoteEndpoint.handleNotification(RemoteEndpoint.java:231)
	at org.eclipse.lsp4j.jsonrpc.RemoteEndpoint.consume(RemoteEndpoint.java:198)
	at org.eclipse.lsp4j.jsonrpc.json.StreamMessageProducer.handleMessage(StreamMessageProducer.java:185)
	at org.eclipse.lsp4j.jsonrpc.json.StreamMessageProducer.listen(StreamMessageProducer.java:97)
	at org.eclipse.lsp4j.jsonrpc.json.ConcurrentMessageProcessor.run(ConcurrentMessageProcessor.java:114)
	at java.base/java.util.concurrent.Executors$RunnableAdapter.call(Executors.java:572)
	at java.base/java.util.concurrent.FutureTask.run(FutureTask.java:317)
	at java.base/java.util.concurrent.ThreadPoolExecutor.runWorker(ThreadPoolExecutor.java:1144)
	at java.base/java.util.concurrent.ThreadPoolExecutor$Worker.run(ThreadPoolExecutor.java:642)
	at java.base/java.lang.Thread.run(Thread.java:1583)

2025.10.03 23:28:20 WARN  no build target for: C:\Users\alexm\OneDrive\Documentos\ProyectosGit\git-integrator-1\src\main\java\Integrador\Pasteleria\service\PedidoService.java
2025.10.03 23:28:20 INFO  no build target found for C:\Users\alexm\OneDrive\Documentos\ProyectosGit\git-integrator-1\src\main\java\Integrador\Pasteleria\service\PedidoService.java. Using fallback presentation compiler.
2025.10.03 23:28:20 INFO  no build target found for C:\Users\alexm\OneDrive\Documentos\ProyectosGit\git-integrator-1\src\main\java\Integrador\Pasteleria\service\PedidoService.java. Using fallback presentation compiler.
2025.10.03 23:28:24 INFO  no build target found for C:\Users\alexm\OneDrive\Documentos\ProyectosGit\git-integrator-1\src\main\java\Integrador\Pasteleria\dto\DatosPedidoDTO.java. Using fallback presentation compiler.
2025.10.03 23:28:24 WARN  no build target for: C:\Users\alexm\OneDrive\Documentos\ProyectosGit\git-integrator-1\src\main\java\Integrador\Pasteleria\dto\DatosPedidoDTO.java
2025.10.03 23:28:24 INFO  no build target found for C:\Users\alexm\OneDrive\Documentos\ProyectosGit\git-integrator-1\src\main\java\Integrador\Pasteleria\dto\DatosPedidoDTO.java. Using fallback presentation compiler.
2025.10.03 23:28:24 INFO  no build target found for C:\Users\alexm\OneDrive\Documentos\ProyectosGit\git-integrator-1\src\main\java\Integrador\Pasteleria\dto\DatosPedidoDTO.java. Using fallback presentation compiler.
2025.10.03 23:28:25 INFO  no build target found for C:\Users\alexm\OneDrive\Documentos\ProyectosGit\git-integrator-1\src\main\java\Integrador\Pasteleria\dto\DatosPedidoDTO.java. Using fallback presentation compiler.
2025.10.03 23:28:25 INFO  no build target found for C:\Users\alexm\OneDrive\Documentos\ProyectosGit\git-integrator-1\src\main\java\Integrador\Pasteleria\dto\DatosPedidoDTO.java. Using fallback presentation compiler.
2025.10.03 23:28:25 INFO  no build target found for C:\Users\alexm\OneDrive\Documentos\ProyectosGit\git-integrator-1\src\main\java\Integrador\Pasteleria\dto\DatosPedidoDTO.java. Using fallback presentation compiler.
2025.10.03 23:28:25 INFO  no build target found for C:\Users\alexm\OneDrive\Documentos\ProyectosGit\git-integrator-1\src\main\java\Integrador\Pasteleria\dto\DatosPedidoDTO.java. Using fallback presentation compiler.
2025.10.03 23:28:26 INFO  no build target found for C:\Users\alexm\OneDrive\Documentos\ProyectosGit\git-integrator-1\src\main\java\Integrador\Pasteleria\dto\DatosPedidoDTO.java. Using fallback presentation compiler.
2025.10.03 23:28:26 INFO  no build target found for C:\Users\alexm\OneDrive\Documentos\ProyectosGit\git-integrator-1\src\main\java\Integrador\Pasteleria\dto\DatosPedidoDTO.java. Using fallback presentation compiler.
2025.10.03 23:28:26 INFO  no build target found for C:\Users\alexm\OneDrive\Documentos\ProyectosGit\git-integrator-1\src\main\java\Integrador\Pasteleria\dto\DatosPedidoDTO.java. Using fallback presentation compiler.
2025.10.03 23:28:28 INFO  no build target found for C:\Users\alexm\OneDrive\Documentos\ProyectosGit\git-integrator-1\src\main\java\Integrador\Pasteleria\dto\DatosPedidoDTO.java. Using fallback presentation compiler.
2025.10.03 23:28:28 INFO  no build target found for C:\Users\alexm\OneDrive\Documentos\ProyectosGit\git-integrator-1\src\main\java\Integrador\Pasteleria\dto\DatosPedidoDTO.java. Using fallback presentation compiler.
2025.10.03 23:28:28 INFO  no build target found for C:\Users\alexm\OneDrive\Documentos\ProyectosGit\git-integrator-1\src\main\java\Integrador\Pasteleria\dto\DatosPedidoDTO.java. Using fallback presentation compiler.
2025.10.03 23:28:29 INFO  no build target found for C:\Users\alexm\OneDrive\Documentos\ProyectosGit\git-integrator-1\src\main\java\Integrador\Pasteleria\dto\DatosPedidoDTO.java. Using fallback presentation compiler.
2025.10.03 23:28:47 INFO  no build target found for C:\Users\alexm\OneDrive\Documentos\ProyectosGit\git-integrator-1\src\main\java\Integrador\Pasteleria\service\PedidoService.java. Using fallback presentation compiler.
2025.10.03 23:28:47 WARN  no build target for: C:\Users\alexm\OneDrive\Documentos\ProyectosGit\git-integrator-1\src\main\java\Integrador\Pasteleria\service\PedidoService.java
2025.10.03 23:28:47 INFO  no build target found for C:\Users\alexm\OneDrive\Documentos\ProyectosGit\git-integrator-1\src\main\java\Integrador\Pasteleria\service\PedidoService.java. Using fallback presentation compiler.
2025.10.03 23:28:47 INFO  no build target found for C:\Users\alexm\OneDrive\Documentos\ProyectosGit\git-integrator-1\src\main\java\Integrador\Pasteleria\service\PedidoService.java. Using fallback presentation compiler.
2025.10.03 23:28:47 INFO  no build target found for C:\Users\alexm\OneDrive\Documentos\ProyectosGit\git-integrator-1\src\main\java\Integrador\Pasteleria\service\PedidoService.java. Using fallback presentation compiler.
2025.10.03 23:28:48 INFO  no build target found for C:\Users\alexm\OneDrive\Documentos\ProyectosGit\git-integrator-1\src\main\java\Integrador\Pasteleria\service\PedidoService.java. Using fallback presentation compiler.
2025.10.03 23:28:48 INFO  no build target found for C:\Users\alexm\OneDrive\Documentos\ProyectosGit\git-integrator-1\src\main\java\Integrador\Pasteleria\service\PedidoService.java. Using fallback presentation compiler.
2025.10.03 23:28:48 INFO  no build target found for C:\Users\alexm\OneDrive\Documentos\ProyectosGit\git-integrator-1\src\main\java\Integrador\Pasteleria\service\PedidoService.java. Using fallback presentation compiler.
2025.10.03 23:28:48 INFO  no build target found for C:\Users\alexm\OneDrive\Documentos\ProyectosGit\git-integrator-1\src\main\java\Integrador\Pasteleria\service\PedidoService.java. Using fallback presentation compiler.
2025.10.03 23:28:49 INFO  no build target found for C:\Users\alexm\OneDrive\Documentos\ProyectosGit\git-integrator-1\src\main\java\Integrador\Pasteleria\service\PedidoService.java. Using fallback presentation compiler.
2025.10.03 23:28:49 INFO  no build target found for C:\Users\alexm\OneDrive\Documentos\ProyectosGit\git-integrator-1\src\main\java\Integrador\Pasteleria\service\PedidoService.java. Using fallback presentation compiler.
2025.10.03 23:28:49 INFO  no build target found for C:\Users\alexm\OneDrive\Documentos\ProyectosGit\git-integrator-1\src\main\java\Integrador\Pasteleria\service\PedidoService.java. Using fallback presentation compiler.
2025.10.03 23:28:54 INFO  no build target found for C:\Users\alexm\OneDrive\Documentos\ProyectosGit\git-integrator-1\src\main\java\Integrador\Pasteleria\service\PedidoService.java. Using fallback presentation compiler.
2025.10.03 23:28:54 INFO  no build target found for C:\Users\alexm\OneDrive\Documentos\ProyectosGit\git-integrator-1\src\main\java\Integrador\Pasteleria\service\PedidoService.java. Using fallback presentation compiler.
2025.10.03 23:28:55 INFO  no build target found for C:\Users\alexm\OneDrive\Documentos\ProyectosGit\git-integrator-1\src\main\java\Integrador\Pasteleria\service\PedidoService.java. Using fallback presentation compiler.
2025.10.03 23:29:23 INFO  no build target found for C:\Users\alexm\OneDrive\Documentos\ProyectosGit\git-integrator-1\src\main\java\Integrador\Pasteleria\service\PedidoService.java. Using fallback presentation compiler.
2025.10.03 23:29:23 INFO  no build target found for C:\Users\alexm\OneDrive\Documentos\ProyectosGit\git-integrator-1\src\main\java\Integrador\Pasteleria\service\PedidoService.java. Using fallback presentation compiler.
2025.10.03 23:29:23 INFO  no build target found for C:\Users\alexm\OneDrive\Documentos\ProyectosGit\git-integrator-1\src\main\java\Integrador\Pasteleria\service\PedidoService.java. Using fallback presentation compiler.
2025.10.03 23:29:24 INFO  no build target found for C:\Users\alexm\OneDrive\Documentos\ProyectosGit\git-integrator-1\src\main\java\Integrador\Pasteleria\service\PedidoService.java. Using fallback presentation compiler.
2025.10.03 23:29:24 INFO  no build target found for C:\Users\alexm\OneDrive\Documentos\ProyectosGit\git-integrator-1\src\main\java\Integrador\Pasteleria\service\PedidoService.java. Using fallback presentation compiler.
2025.10.03 23:29:24 INFO  no build target found for C:\Users\alexm\OneDrive\Documentos\ProyectosGit\git-integrator-1\src\main\java\Integrador\Pasteleria\service\PedidoService.java. Using fallback presentation compiler.
2025.10.03 23:29:25 INFO  no build target found for C:\Users\alexm\OneDrive\Documentos\ProyectosGit\git-integrator-1\src\main\java\Integrador\Pasteleria\service\PedidoService.java. Using fallback presentation compiler.
2025.10.03 23:29:25 INFO  no build target found for C:\Users\alexm\OneDrive\Documentos\ProyectosGit\git-integrator-1\src\main\java\Integrador\Pasteleria\service\PedidoService.java. Using fallback presentation compiler.
2025.10.03 23:29:25 INFO  no build target found for C:\Users\alexm\OneDrive\Documentos\ProyectosGit\git-integrator-1\src\main\java\Integrador\Pasteleria\service\PedidoService.java. Using fallback presentation compiler.
2025.10.03 23:29:26 INFO  no build target found for C:\Users\alexm\OneDrive\Documentos\ProyectosGit\git-integrator-1\src\main\java\Integrador\Pasteleria\service\PedidoService.java. Using fallback presentation compiler.
2025.10.03 23:29:25 INFO  no build target found for C:\Users\alexm\OneDrive\Documentos\ProyectosGit\git-integrator-1\src\main\java\Integrador\Pasteleria\service\PedidoService.java. Using fallback presentation compiler.
2025.10.03 23:29:27 INFO  no build target found for C:\Users\alexm\OneDrive\Documentos\ProyectosGit\git-integrator-1\src\main\java\Integrador\Pasteleria\service\PedidoService.java. Using fallback presentation compiler.
2025.10.03 23:29:27 INFO  no build target found for C:\Users\alexm\OneDrive\Documentos\ProyectosGit\git-integrator-1\src\main\java\Integrador\Pasteleria\service\PedidoService.java. Using fallback presentation compiler.
2025.10.03 23:29:28 INFO  no build target found for C:\Users\alexm\OneDrive\Documentos\ProyectosGit\git-integrator-1\src\main\java\Integrador\Pasteleria\service\PedidoService.java. Using fallback presentation compiler.
2025.10.03 23:29:28 INFO  no build target found for C:\Users\alexm\OneDrive\Documentos\ProyectosGit\git-integrator-1\src\main\java\Integrador\Pasteleria\service\PedidoService.java. Using fallback presentation compiler.
2025.10.03 23:29:29 INFO  no build target found for C:\Users\alexm\OneDrive\Documentos\ProyectosGit\git-integrator-1\src\main\java\Integrador\Pasteleria\service\PedidoService.java. Using fallback presentation compiler.
2025.10.03 23:29:29 INFO  no build target found for C:\Users\alexm\OneDrive\Documentos\ProyectosGit\git-integrator-1\src\main\java\Integrador\Pasteleria\service\PedidoService.java. Using fallback presentation compiler.
2025.10.03 23:29:29 INFO  no build target found for C:\Users\alexm\OneDrive\Documentos\ProyectosGit\git-integrator-1\src\main\java\Integrador\Pasteleria\service\PedidoService.java. Using fallback presentation compiler.
2025.10.03 23:29:30 INFO  no build target found for C:\Users\alexm\OneDrive\Documentos\ProyectosGit\git-integrator-1\src\main\java\Integrador\Pasteleria\service\PedidoService.java. Using fallback presentation compiler.
2025.10.03 23:29:29 INFO  no build target found for C:\Users\alexm\OneDrive\Documentos\ProyectosGit\git-integrator-1\src\main\java\Integrador\Pasteleria\service\PedidoService.java. Using fallback presentation compiler.
2025.10.03 23:29:29 INFO  no build target found for C:\Users\alexm\OneDrive\Documentos\ProyectosGit\git-integrator-1\src\main\java\Integrador\Pasteleria\service\PedidoService.java. Using fallback presentation compiler.
2025.10.03 23:29:30 INFO  no build target found for C:\Users\alexm\OneDrive\Documentos\ProyectosGit\git-integrator-1\src\main\java\Integrador\Pasteleria\service\PedidoService.java. Using fallback presentation compiler.
2025.10.03 23:29:31 INFO  no build target found for C:\Users\alexm\OneDrive\Documentos\ProyectosGit\git-integrator-1\src\main\java\Integrador\Pasteleria\service\PedidoService.java. Using fallback presentation compiler.
2025.10.03 23:29:31 INFO  no build target found for C:\Users\alexm\OneDrive\Documentos\ProyectosGit\git-integrator-1\src\main\java\Integrador\Pasteleria\service\PedidoService.java. Using fallback presentation compiler.
2025.10.03 23:29:31 INFO  no build target found for C:\Users\alexm\OneDrive\Documentos\ProyectosGit\git-integrator-1\src\main\java\Integrador\Pasteleria\service\PedidoService.java. Using fallback presentation compiler.
2025.10.03 23:29:31 INFO  no build target found for C:\Users\alexm\OneDrive\Documentos\ProyectosGit\git-integrator-1\src\main\java\Integrador\Pasteleria\service\PedidoService.java. Using fallback presentation compiler.
2025.10.03 23:29:31 INFO  no build target found for C:\Users\alexm\OneDrive\Documentos\ProyectosGit\git-integrator-1\src\main\java\Integrador\Pasteleria\service\PedidoService.java. Using fallback presentation compiler.
2025.10.03 23:29:36 INFO  no build target found for C:\Users\alexm\OneDrive\Documentos\ProyectosGit\git-integrator-1\src\main\java\Integrador\Pasteleria\service\PedidoService.java. Using fallback presentation compiler.
2025.10.03 23:29:36 INFO  no build target found for C:\Users\alexm\OneDrive\Documentos\ProyectosGit\git-integrator-1\src\main\java\Integrador\Pasteleria\service\PedidoService.java. Using fallback presentation compiler.
2025.10.03 23:29:36 INFO  no build target found for C:\Users\alexm\OneDrive\Documentos\ProyectosGit\git-integrator-1\src\main\java\Integrador\Pasteleria\service\PedidoService.java. Using fallback presentation compiler.
2025.10.03 23:29:37 INFO  no build target found for C:\Users\alexm\OneDrive\Documentos\ProyectosGit\git-integrator-1\src\main\java\Integrador\Pasteleria\service\PedidoService.java. Using fallback presentation compiler.
2025.10.03 23:29:36 INFO  no build target found for C:\Users\alexm\OneDrive\Documentos\ProyectosGit\git-integrator-1\src\main\java\Integrador\Pasteleria\service\PedidoService.java. Using fallback presentation compiler.
2025.10.03 23:29:36 INFO  no build target found for C:\Users\alexm\OneDrive\Documentos\ProyectosGit\git-integrator-1\src\main\java\Integrador\Pasteleria\service\PedidoService.java. Using fallback presentation compiler.
2025.10.03 23:29:36 INFO  no build target found for C:\Users\alexm\OneDrive\Documentos\ProyectosGit\git-integrator-1\src\main\java\Integrador\Pasteleria\service\PedidoService.java. Using fallback presentation compiler.
2025.10.03 23:29:39 INFO  no build target found for C:\Users\alexm\OneDrive\Documentos\ProyectosGit\git-integrator-1\src\main\java\Integrador\Pasteleria\service\PedidoService.java. Using fallback presentation compiler.
2025.10.03 23:29:39 INFO  no build target found for C:\Users\alexm\OneDrive\Documentos\ProyectosGit\git-integrator-1\src\main\java\Integrador\Pasteleria\service\PedidoService.java. Using fallback presentation compiler.
2025.10.03 23:29:40 INFO  no build target found for C:\Users\alexm\OneDrive\Documentos\ProyectosGit\git-integrator-1\src\main\java\Integrador\Pasteleria\service\PedidoService.java. Using fallback presentation compiler.
2025.10.03 23:29:39 INFO  no build target found for C:\Users\alexm\OneDrive\Documentos\ProyectosGit\git-integrator-1\src\main\java\Integrador\Pasteleria\service\PedidoService.java. Using fallback presentation compiler.
2025.10.03 23:29:51 INFO  no build target found for C:\Users\alexm\OneDrive\Documentos\ProyectosGit\git-integrator-1\src\main\java\Integrador\Pasteleria\service\PedidoService.java. Using fallback presentation compiler.
2025.10.03 23:29:51 INFO  no build target found for C:\Users\alexm\OneDrive\Documentos\ProyectosGit\git-integrator-1\src\main\java\Integrador\Pasteleria\service\PedidoService.java. Using fallback presentation compiler.
2025.10.03 23:29:53 INFO  no build target found for C:\Users\alexm\OneDrive\Documentos\ProyectosGit\git-integrator-1\src\main\java\Integrador\Pasteleria\service\PedidoService.java. Using fallback presentation compiler.
2025.10.03 23:29:53 INFO  no build target found for C:\Users\alexm\OneDrive\Documentos\ProyectosGit\git-integrator-1\src\main\java\Integrador\Pasteleria\service\PedidoService.java. Using fallback presentation compiler.
2025.10.03 23:29:53 INFO  no build target found for C:\Users\alexm\OneDrive\Documentos\ProyectosGit\git-integrator-1\src\main\java\Integrador\Pasteleria\service\PedidoService.java. Using fallback presentation compiler.
2025.10.03 23:29:53 INFO  no build target found for C:\Users\alexm\OneDrive\Documentos\ProyectosGit\git-integrator-1\src\main\java\Integrador\Pasteleria\service\PedidoService.java. Using fallback presentation compiler.
2025.10.03 23:29:53 INFO  no build target found for C:\Users\alexm\OneDrive\Documentos\ProyectosGit\git-integrator-1\src\main\java\Integrador\Pasteleria\service\PedidoService.java. Using fallback presentation compiler.
2025.10.03 23:29:54 INFO  no build target found for C:\Users\alexm\OneDrive\Documentos\ProyectosGit\git-integrator-1\src\main\java\Integrador\Pasteleria\service\PedidoService.java. Using fallback presentation compiler.
2025.10.03 23:29:54 INFO  no build target found for C:\Users\alexm\OneDrive\Documentos\ProyectosGit\git-integrator-1\src\main\java\Integrador\Pasteleria\service\PedidoService.java. Using fallback presentation compiler.
2025.10.03 23:29:54 INFO  no build target found for C:\Users\alexm\OneDrive\Documentos\ProyectosGit\git-integrator-1\src\main\java\Integrador\Pasteleria\service\PedidoService.java. Using fallback presentation compiler.
2025.10.03 23:29:54 INFO  no build target found for C:\Users\alexm\OneDrive\Documentos\ProyectosGit\git-integrator-1\src\main\java\Integrador\Pasteleria\service\PedidoService.java. Using fallback presentation compiler.
2025.10.03 23:29:54 INFO  no build target found for C:\Users\alexm\OneDrive\Documentos\ProyectosGit\git-integrator-1\src\main\java\Integrador\Pasteleria\service\PedidoService.java. Using fallback presentation compiler.
2025.10.03 23:29:54 INFO  no build target found for C:\Users\alexm\OneDrive\Documentos\ProyectosGit\git-integrator-1\src\main\java\Integrador\Pasteleria\service\PedidoService.java. Using fallback presentation compiler.
2025.10.03 23:29:54 INFO  no build target found for C:\Users\alexm\OneDrive\Documentos\ProyectosGit\git-integrator-1\src\main\java\Integrador\Pasteleria\service\PedidoService.java. Using fallback presentation compiler.
2025.10.03 23:29:54 INFO  no build target found for C:\Users\alexm\OneDrive\Documentos\ProyectosGit\git-integrator-1\src\main\java\Integrador\Pasteleria\service\PedidoService.java. Using fallback presentation compiler.
2025.10.03 23:29:55 INFO  no build target found for C:\Users\alexm\OneDrive\Documentos\ProyectosGit\git-integrator-1\src\main\java\Integrador\Pasteleria\service\PedidoService.java. Using fallback presentation compiler.
2025.10.03 23:29:55 INFO  no build target found for C:\Users\alexm\OneDrive\Documentos\ProyectosGit\git-integrator-1\src\main\java\Integrador\Pasteleria\service\PedidoService.java. Using fallback presentation compiler.
2025.10.03 23:29:55 INFO  no build target found for C:\Users\alexm\OneDrive\Documentos\ProyectosGit\git-integrator-1\src\main\java\Integrador\Pasteleria\service\PedidoService.java. Using fallback presentation compiler.
2025.10.03 23:29:56 WARN  no build target for: C:\Users\alexm\OneDrive\Documentos\ProyectosGit\git-integrator-1\src\main\java\Integrador\Pasteleria\service\PedidoService.java
2025.10.03 23:29:56 INFO  no build target found for C:\Users\alexm\OneDrive\Documentos\ProyectosGit\git-integrator-1\src\main\java\Integrador\Pasteleria\service\PedidoService.java. Using fallback presentation compiler.
2025.10.03 23:29:56 WARN  no build target for: C:\Users\alexm\OneDrive\Documentos\ProyectosGit\git-integrator-1\src\main\java\Integrador\Pasteleria\service\PedidoService.java
2025.10.03 23:29:56 INFO  no build target found for C:\Users\alexm\OneDrive\Documentos\ProyectosGit\git-integrator-1\src\main\java\Integrador\Pasteleria\service\PedidoService.java. Using fallback presentation compiler.
2025.10.03 23:29:56 INFO  no build target found for C:\Users\alexm\OneDrive\Documentos\ProyectosGit\git-integrator-1\src\main\java\Integrador\Pasteleria\service\PedidoService.java. Using fallback presentation compiler.
2025.10.03 23:29:56 INFO  no build target found for C:\Users\alexm\OneDrive\Documentos\ProyectosGit\git-integrator-1\src\main\java\Integrador\Pasteleria\service\PedidoService.java. Using fallback presentation compiler.
2025.10.03 23:29:56 INFO  no build target found for C:\Users\alexm\OneDrive\Documentos\ProyectosGit\git-integrator-1\src\main\java\Integrador\Pasteleria\service\PedidoService.java. Using fallback presentation compiler.
2025.10.03 23:29:58 INFO  no build target found for C:\Users\alexm\OneDrive\Documentos\ProyectosGit\git-integrator-1\src\main\java\Integrador\Pasteleria\service\PedidoService.java. Using fallback presentation compiler.
2025.10.03 23:30:04 INFO  no build target found for C:\Users\alexm\OneDrive\Documentos\ProyectosGit\git-integrator-1\src\main\java\Integrador\Pasteleria\service\PedidoService.java. Using fallback presentation compiler.
2025.10.03 23:30:11 INFO  no build target found for C:\Users\alexm\OneDrive\Documentos\ProyectosGit\git-integrator-1\src\main\java\Integrador\Pasteleria\service\PedidoService.java. Using fallback presentation compiler.
2025.10.03 23:30:11 INFO  no build target found for C:\Users\alexm\OneDrive\Documentos\ProyectosGit\git-integrator-1\src\main\java\Integrador\Pasteleria\service\PedidoService.java. Using fallback presentation compiler.
2025.10.03 23:30:11 INFO  no build target found for C:\Users\alexm\OneDrive\Documentos\ProyectosGit\git-integrator-1\src\main\java\Integrador\Pasteleria\service\PedidoService.java. Using fallback presentation compiler.
2025.10.03 23:30:15 INFO  no build target found for C:\Users\alexm\OneDrive\Documentos\ProyectosGit\git-integrator-1\src\main\java\Integrador\Pasteleria\service\PedidoService.java. Using fallback presentation compiler.
2025.10.03 23:30:15 INFO  no build target found for C:\Users\alexm\OneDrive\Documentos\ProyectosGit\git-integrator-1\src\main\java\Integrador\Pasteleria\service\PedidoService.java. Using fallback presentation compiler.
2025.10.03 23:30:20 INFO  no build target found for C:\Users\alexm\OneDrive\Documentos\ProyectosGit\git-integrator-1\src\main\java\Integrador\Pasteleria\service\PedidoService.java. Using fallback presentation compiler.
2025.10.03 23:30:20 INFO  no build target found for C:\Users\alexm\OneDrive\Documentos\ProyectosGit\git-integrator-1\src\main\java\Integrador\Pasteleria\service\PedidoService.java. Using fallback presentation compiler.
2025.10.03 23:30:20 INFO  no build target found for C:\Users\alexm\OneDrive\Documentos\ProyectosGit\git-integrator-1\src\main\java\Integrador\Pasteleria\service\PedidoService.java. Using fallback presentation compiler.
2025.10.03 23:30:21 INFO  no build target found for C:\Users\alexm\OneDrive\Documentos\ProyectosGit\git-integrator-1\src\main\java\Integrador\Pasteleria\service\PedidoService.java. Using fallback presentation compiler.
2025.10.03 23:30:20 INFO  no build target found for C:\Users\alexm\OneDrive\Documentos\ProyectosGit\git-integrator-1\src\main\java\Integrador\Pasteleria\service\PedidoService.java. Using fallback presentation compiler.
2025.10.03 23:30:20 INFO  no build target found for C:\Users\alexm\OneDrive\Documentos\ProyectosGit\git-integrator-1\src\main\java\Integrador\Pasteleria\service\PedidoService.java. Using fallback presentation compiler.
2025.10.03 23:30:22 INFO  no build target found for C:\Users\alexm\OneDrive\Documentos\ProyectosGit\git-integrator-1\src\main\java\Integrador\Pasteleria\service\PedidoService.java. Using fallback presentation compiler.
2025.10.03 23:30:22 INFO  no build target found for C:\Users\alexm\OneDrive\Documentos\ProyectosGit\git-integrator-1\src\main\java\Integrador\Pasteleria\service\PedidoService.java. Using fallback presentation compiler.
2025.10.03 23:30:22 INFO  no build target found for C:\Users\alexm\OneDrive\Documentos\ProyectosGit\git-integrator-1\src\main\java\Integrador\Pasteleria\service\PedidoService.java. Using fallback presentation compiler.
2025.10.03 23:30:22 INFO  no build target found for C:\Users\alexm\OneDrive\Documentos\ProyectosGit\git-integrator-1\src\main\java\Integrador\Pasteleria\service\PedidoService.java. Using fallback presentation compiler.
2025.10.03 23:30:22 INFO  no build target found for C:\Users\alexm\OneDrive\Documentos\ProyectosGit\git-integrator-1\src\main\java\Integrador\Pasteleria\service\PedidoService.java. Using fallback presentation compiler.
2025.10.03 23:30:25 INFO  no build target found for C:\Users\alexm\OneDrive\Documentos\ProyectosGit\git-integrator-1\src\main\java\Integrador\Pasteleria\service\PedidoService.java. Using fallback presentation compiler.
2025.10.03 23:30:25 INFO  no build target found for C:\Users\alexm\OneDrive\Documentos\ProyectosGit\git-integrator-1\src\main\java\Integrador\Pasteleria\service\PedidoService.java. Using fallback presentation compiler.
2025.10.03 23:30:25 INFO  no build target found for C:\Users\alexm\OneDrive\Documentos\ProyectosGit\git-integrator-1\src\main\java\Integrador\Pasteleria\service\PedidoService.java. Using fallback presentation compiler.
2025.10.03 23:30:25 INFO  no build target found for C:\Users\alexm\OneDrive\Documentos\ProyectosGit\git-integrator-1\src\main\java\Integrador\Pasteleria\service\PedidoService.java. Using fallback presentation compiler.
2025.10.03 23:30:25 INFO  no build target found for C:\Users\alexm\OneDrive\Documentos\ProyectosGit\git-integrator-1\src\main\java\Integrador\Pasteleria\service\PedidoService.java. Using fallback presentation compiler.
2025.10.03 23:30:26 INFO  no build target found for C:\Users\alexm\OneDrive\Documentos\ProyectosGit\git-integrator-1\src\main\java\Integrador\Pasteleria\service\PedidoService.java. Using fallback presentation compiler.
2025.10.03 23:30:26 INFO  no build target found for C:\Users\alexm\OneDrive\Documentos\ProyectosGit\git-integrator-1\src\main\java\Integrador\Pasteleria\service\PedidoService.java. Using fallback presentation compiler.
2025.10.03 23:30:26 INFO  no build target found for C:\Users\alexm\OneDrive\Documentos\ProyectosGit\git-integrator-1\src\main\java\Integrador\Pasteleria\service\PedidoService.java. Using fallback presentation compiler.
2025.10.03 23:30:26 INFO  no build target found for C:\Users\alexm\OneDrive\Documentos\ProyectosGit\git-integrator-1\src\main\java\Integrador\Pasteleria\service\PedidoService.java. Using fallback presentation compiler.
2025.10.03 23:30:27 INFO  no build target found for C:\Users\alexm\OneDrive\Documentos\ProyectosGit\git-integrator-1\src\main\java\Integrador\Pasteleria\service\PedidoService.java. Using fallback presentation compiler.
2025.10.03 23:30:27 INFO  no build target found for C:\Users\alexm\OneDrive\Documentos\ProyectosGit\git-integrator-1\src\main\java\Integrador\Pasteleria\service\PedidoService.java. Using fallback presentation compiler.
2025.10.03 23:30:27 INFO  no build target found for C:\Users\alexm\OneDrive\Documentos\ProyectosGit\git-integrator-1\src\main\java\Integrador\Pasteleria\service\PedidoService.java. Using fallback presentation compiler.
2025.10.03 23:30:27 INFO  no build target found for C:\Users\alexm\OneDrive\Documentos\ProyectosGit\git-integrator-1\src\main\java\Integrador\Pasteleria\service\PedidoService.java. Using fallback presentation compiler.
2025.10.03 23:30:33 INFO  no build target found for C:\Users\alexm\OneDrive\Documentos\ProyectosGit\git-integrator-1\src\main\java\Integrador\Pasteleria\service\PedidoService.java. Using fallback presentation compiler.
2025.10.03 23:30:33 INFO  no build target found for C:\Users\alexm\OneDrive\Documentos\ProyectosGit\git-integrator-1\src\main\java\Integrador\Pasteleria\service\PedidoService.java. Using fallback presentation compiler.
2025.10.03 23:30:34 INFO  no build target found for C:\Users\alexm\OneDrive\Documentos\ProyectosGit\git-integrator-1\src\main\java\Integrador\Pasteleria\service\PedidoService.java. Using fallback presentation compiler.
2025.10.03 23:30:34 INFO  no build target found for C:\Users\alexm\OneDrive\Documentos\ProyectosGit\git-integrator-1\src\main\java\Integrador\Pasteleria\service\PedidoService.java. Using fallback presentation compiler.
2025.10.03 23:30:34 INFO  no build target found for C:\Users\alexm\OneDrive\Documentos\ProyectosGit\git-integrator-1\src\main\java\Integrador\Pasteleria\service\PedidoService.java. Using fallback presentation compiler.
2025.10.03 23:30:34 INFO  no build target found for C:\Users\alexm\OneDrive\Documentos\ProyectosGit\git-integrator-1\src\main\java\Integrador\Pasteleria\service\PedidoService.java. Using fallback presentation compiler.
2025.10.03 23:30:36 INFO  no build target found for C:\Users\alexm\OneDrive\Documentos\ProyectosGit\git-integrator-1\src\main\java\Integrador\Pasteleria\service\PedidoService.java. Using fallback presentation compiler.
2025.10.03 23:30:36 INFO  no build target found for C:\Users\alexm\OneDrive\Documentos\ProyectosGit\git-integrator-1\src\main\java\Integrador\Pasteleria\service\PedidoService.java. Using fallback presentation compiler.
2025.10.03 23:30:37 INFO  no build target found for C:\Users\alexm\OneDrive\Documentos\ProyectosGit\git-integrator-1\src\main\java\Integrador\Pasteleria\service\PedidoService.java. Using fallback presentation compiler.
2025.10.03 23:30:37 INFO  no build target found for C:\Users\alexm\OneDrive\Documentos\ProyectosGit\git-integrator-1\src\main\java\Integrador\Pasteleria\service\PedidoService.java. Using fallback presentation compiler.
2025.10.03 23:30:41 INFO  no build target found for C:\Users\alexm\OneDrive\Documentos\ProyectosGit\git-integrator-1\src\main\java\Integrador\Pasteleria\service\PedidoService.java. Using fallback presentation compiler.
2025.10.03 23:30:41 INFO  no build target found for C:\Users\alexm\OneDrive\Documentos\ProyectosGit\git-integrator-1\src\main\java\Integrador\Pasteleria\service\PedidoService.java. Using fallback presentation compiler.
2025.10.03 23:30:43 INFO  no build target found for C:\Users\alexm\OneDrive\Documentos\ProyectosGit\git-integrator-1\src\main\java\Integrador\Pasteleria\service\PedidoService.java. Using fallback presentation compiler.
oct 03, 2025 11:30:43 P. M. org.eclipse.lsp4j.jsonrpc.RemoteEndpoint handleCancellation
WARNING: Unmatched cancel notification for request id 2172
2025.10.03 23:30:43 INFO  no build target found for C:\Users\alexm\OneDrive\Documentos\ProyectosGit\git-integrator-1\src\main\java\Integrador\Pasteleria\service\PedidoService.java. Using fallback presentation compiler.
2025.10.03 23:30:43 INFO  no build target found for C:\Users\alexm\OneDrive\Documentos\ProyectosGit\git-integrator-1\src\main\java\Integrador\Pasteleria\service\PedidoService.java. Using fallback presentation compiler.
2025.10.03 23:30:43 INFO  no build target found for C:\Users\alexm\OneDrive\Documentos\ProyectosGit\git-integrator-1\src\main\java\Integrador\Pasteleria\service\PedidoService.java. Using fallback presentation compiler.
2025.10.03 23:30:43 INFO  no build target found for C:\Users\alexm\OneDrive\Documentos\ProyectosGit\git-integrator-1\src\main\java\Integrador\Pasteleria\service\PedidoService.java. Using fallback presentation compiler.
2025.10.03 23:30:43 INFO  no build target found for C:\Users\alexm\OneDrive\Documentos\ProyectosGit\git-integrator-1\src\main\java\Integrador\Pasteleria\service\PedidoService.java. Using fallback presentation compiler.
2025.10.03 23:30:43 INFO  no build target found for C:\Users\alexm\OneDrive\Documentos\ProyectosGit\git-integrator-1\src\main\java\Integrador\Pasteleria\service\PedidoService.java. Using fallback presentation compiler.
2025.10.03 23:30:43 INFO  no build target found for C:\Users\alexm\OneDrive\Documentos\ProyectosGit\git-integrator-1\src\main\java\Integrador\Pasteleria\service\PedidoService.java. Using fallback presentation compiler.
2025.10.03 23:30:43 INFO  no build target found for C:\Users\alexm\OneDrive\Documentos\ProyectosGit\git-integrator-1\src\main\java\Integrador\Pasteleria\service\PedidoService.java. Using fallback presentation compiler.
2025.10.03 23:30:43 INFO  no build target found for C:\Users\alexm\OneDrive\Documentos\ProyectosGit\git-integrator-1\src\main\java\Integrador\Pasteleria\service\PedidoService.java. Using fallback presentation compiler.
2025.10.03 23:30:43 INFO  no build target found for C:\Users\alexm\OneDrive\Documentos\ProyectosGit\git-integrator-1\src\main\java\Integrador\Pasteleria\service\PedidoService.java. Using fallback presentation compiler.
2025.10.03 23:30:44 INFO  no build target found for C:\Users\alexm\OneDrive\Documentos\ProyectosGit\git-integrator-1\src\main\java\Integrador\Pasteleria\service\PedidoService.java. Using fallback presentation compiler.
2025.10.03 23:31:13 INFO  no build target found for C:\Users\alexm\OneDrive\Documentos\ProyectosGit\git-integrator-1\src\main\java\Integrador\Pasteleria\service\PedidoService.java. Using fallback presentation compiler.
2025.10.03 23:31:14 INFO  no build target found for C:\Users\alexm\OneDrive\Documentos\ProyectosGit\git-integrator-1\src\main\java\Integrador\Pasteleria\service\PedidoService.java. Using fallback presentation compiler.
2025.10.03 23:31:16 INFO  no build target found for C:\Users\alexm\OneDrive\Documentos\ProyectosGit\git-integrator-1\src\main\java\Integrador\Pasteleria\service\PedidoService.java. Using fallback presentation compiler.
2025.10.03 23:31:17 INFO  no build target found for C:\Users\alexm\OneDrive\Documentos\ProyectosGit\git-integrator-1\src\main\java\Integrador\Pasteleria\service\PedidoService.java. Using fallback presentation compiler.
2025.10.03 23:31:19 INFO  no build target found for C:\Users\alexm\OneDrive\Documentos\ProyectosGit\git-integrator-1\src\main\java\Integrador\Pasteleria\service\PedidoService.java. Using fallback presentation compiler.
2025.10.03 23:31:32 INFO  no build target found for C:\Users\alexm\OneDrive\Documentos\ProyectosGit\git-integrator-1\src\main\java\Integrador\Pasteleria\service\PedidoService.java. Using fallback presentation compiler.
2025.10.03 23:31:34 INFO  no build target found for C:\Users\alexm\OneDrive\Documentos\ProyectosGit\git-integrator-1\src\main\java\Integrador\Pasteleria\service\PedidoService.java. Using fallback presentation compiler.
2025.10.03 23:31:34 INFO  no build target found for C:\Users\alexm\OneDrive\Documentos\ProyectosGit\git-integrator-1\src\main\java\Integrador\Pasteleria\service\PedidoService.java. Using fallback presentation compiler.
2025.10.03 23:31:37 INFO  no build target found for C:\Users\alexm\OneDrive\Documentos\ProyectosGit\git-integrator-1\src\main\java\Integrador\Pasteleria\service\PedidoService.java. Using fallback presentation compiler.
2025.10.03 23:31:37 INFO  no build target found for C:\Users\alexm\OneDrive\Documentos\ProyectosGit\git-integrator-1\src\main\java\Integrador\Pasteleria\service\PedidoService.java. Using fallback presentation compiler.
2025.10.03 23:31:37 INFO  no build target found for C:\Users\alexm\OneDrive\Documentos\ProyectosGit\git-integrator-1\src\main\java\Integrador\Pasteleria\service\PedidoService.java. Using fallback presentation compiler.
2025.10.03 23:31:37 INFO  no build target found for C:\Users\alexm\OneDrive\Documentos\ProyectosGit\git-integrator-1\src\main\java\Integrador\Pasteleria\service\PedidoService.java. Using fallback presentation compiler.
2025.10.03 23:31:48 INFO  no build target found for C:\Users\alexm\OneDrive\Documentos\ProyectosGit\git-integrator-1\src\main\java\Integrador\Pasteleria\service\PedidoService.java. Using fallback presentation compiler.
2025.10.03 23:31:48 INFO  no build target found for C:\Users\alexm\OneDrive\Documentos\ProyectosGit\git-integrator-1\src\main\java\Integrador\Pasteleria\service\PedidoService.java. Using fallback presentation compiler.
2025.10.03 23:31:48 INFO  no build target found for C:\Users\alexm\OneDrive\Documentos\ProyectosGit\git-integrator-1\src\main\java\Integrador\Pasteleria\service\PedidoService.java. Using fallback presentation compiler.
2025.10.03 23:31:48 INFO  no build target found for C:\Users\alexm\OneDrive\Documentos\ProyectosGit\git-integrator-1\src\main\java\Integrador\Pasteleria\service\PedidoService.java. Using fallback presentation compiler.
2025.10.03 23:31:51 INFO  no build target found for C:\Users\alexm\OneDrive\Documentos\ProyectosGit\git-integrator-1\src\main\java\Integrador\Pasteleria\service\PedidoService.java. Using fallback presentation compiler.
2025.10.03 23:31:51 INFO  no build target found for C:\Users\alexm\OneDrive\Documentos\ProyectosGit\git-integrator-1\src\main\java\Integrador\Pasteleria\service\PedidoService.java. Using fallback presentation compiler.
2025.10.03 23:31:51 INFO  no build target found for C:\Users\alexm\OneDrive\Documentos\ProyectosGit\git-integrator-1\src\main\java\Integrador\Pasteleria\service\PedidoService.java. Using fallback presentation compiler.
2025.10.03 23:31:53 INFO  no build target found for C:\Users\alexm\OneDrive\Documentos\ProyectosGit\git-integrator-1\src\main\java\Integrador\Pasteleria\service\PedidoService.java. Using fallback presentation compiler.
2025.10.03 23:31:53 INFO  no build target found for C:\Users\alexm\OneDrive\Documentos\ProyectosGit\git-integrator-1\src\main\java\Integrador\Pasteleria\service\PedidoService.java. Using fallback presentation compiler.
2025.10.03 23:31:53 INFO  no build target found for C:\Users\alexm\OneDrive\Documentos\ProyectosGit\git-integrator-1\src\main\java\Integrador\Pasteleria\service\PedidoService.java. Using fallback presentation compiler.
2025.10.03 23:31:53 INFO  no build target found for C:\Users\alexm\OneDrive\Documentos\ProyectosGit\git-integrator-1\src\main\java\Integrador\Pasteleria\service\PedidoService.java. Using fallback presentation compiler.
2025.10.03 23:31:53 INFO  no build target found for C:\Users\alexm\OneDrive\Documentos\ProyectosGit\git-integrator-1\src\main\java\Integrador\Pasteleria\service\PedidoService.java. Using fallback presentation compiler.
2025.10.03 23:31:53 INFO  no build target found for C:\Users\alexm\OneDrive\Documentos\ProyectosGit\git-integrator-1\src\main\java\Integrador\Pasteleria\service\PedidoService.java. Using fallback presentation compiler.
2025.10.03 23:31:53 INFO  no build target found for C:\Users\alexm\OneDrive\Documentos\ProyectosGit\git-integrator-1\src\main\java\Integrador\Pasteleria\service\PedidoService.java. Using fallback presentation compiler.
2025.10.03 23:31:53 INFO  no build target found for C:\Users\alexm\OneDrive\Documentos\ProyectosGit\git-integrator-1\src\main\java\Integrador\Pasteleria\service\PedidoService.java. Using fallback presentation compiler.
2025.10.03 23:31:53 INFO  no build target found for C:\Users\alexm\OneDrive\Documentos\ProyectosGit\git-integrator-1\src\main\java\Integrador\Pasteleria\service\PedidoService.java. Using fallback presentation compiler.
2025.10.03 23:31:54 INFO  no build target found for C:\Users\alexm\OneDrive\Documentos\ProyectosGit\git-integrator-1\src\main\java\Integrador\Pasteleria\service\PedidoService.java. Using fallback presentation compiler.
2025.10.03 23:31:54 INFO  no build target found for C:\Users\alexm\OneDrive\Documentos\ProyectosGit\git-integrator-1\src\main\java\Integrador\Pasteleria\service\PedidoService.java. Using fallback presentation compiler.
2025.10.03 23:31:54 INFO  no build target found for C:\Users\alexm\OneDrive\Documentos\ProyectosGit\git-integrator-1\src\main\java\Integrador\Pasteleria\service\PedidoService.java. Using fallback presentation compiler.
2025.10.03 23:31:54 INFO  no build target found for C:\Users\alexm\OneDrive\Documentos\ProyectosGit\git-integrator-1\src\main\java\Integrador\Pasteleria\service\PedidoService.java. Using fallback presentation compiler.
2025.10.03 23:31:55 INFO  no build target found for C:\Users\alexm\OneDrive\Documentos\ProyectosGit\git-integrator-1\src\main\java\Integrador\Pasteleria\service\PedidoService.java. Using fallback presentation compiler.
2025.10.03 23:31:55 INFO  no build target found for C:\Users\alexm\OneDrive\Documentos\ProyectosGit\git-integrator-1\src\main\java\Integrador\Pasteleria\service\PedidoService.java. Using fallback presentation compiler.
2025.10.03 23:31:55 INFO  no build target found for C:\Users\alexm\OneDrive\Documentos\ProyectosGit\git-integrator-1\src\main\java\Integrador\Pasteleria\service\PedidoService.java. Using fallback presentation compiler.
2025.10.03 23:31:55 INFO  no build target found for C:\Users\alexm\OneDrive\Documentos\ProyectosGit\git-integrator-1\src\main\java\Integrador\Pasteleria\service\PedidoService.java. Using fallback presentation compiler.
2025.10.03 23:31:55 INFO  no build target found for C:\Users\alexm\OneDrive\Documentos\ProyectosGit\git-integrator-1\src\main\java\Integrador\Pasteleria\service\PedidoService.java. Using fallback presentation compiler.
2025.10.03 23:31:55 INFO  no build target found for C:\Users\alexm\OneDrive\Documentos\ProyectosGit\git-integrator-1\src\main\java\Integrador\Pasteleria\service\PedidoService.java. Using fallback presentation compiler.
2025.10.03 23:31:56 INFO  no build target found for C:\Users\alexm\OneDrive\Documentos\ProyectosGit\git-integrator-1\src\main\java\Integrador\Pasteleria\service\PedidoService.java. Using fallback presentation compiler.
2025.10.03 23:31:56 INFO  no build target found for C:\Users\alexm\OneDrive\Documentos\ProyectosGit\git-integrator-1\src\main\java\Integrador\Pasteleria\service\PedidoService.java. Using fallback presentation compiler.
2025.10.03 23:31:56 INFO  no build target found for C:\Users\alexm\OneDrive\Documentos\ProyectosGit\git-integrator-1\src\main\java\Integrador\Pasteleria\service\PedidoService.java. Using fallback presentation compiler.
2025.10.03 23:31:56 INFO  no build target found for C:\Users\alexm\OneDrive\Documentos\ProyectosGit\git-integrator-1\src\main\java\Integrador\Pasteleria\service\PedidoService.java. Using fallback presentation compiler.
2025.10.03 23:31:56 INFO  no build target found for C:\Users\alexm\OneDrive\Documentos\ProyectosGit\git-integrator-1\src\main\java\Integrador\Pasteleria\service\PedidoService.java. Using fallback presentation compiler.
2025.10.03 23:31:58 INFO  no build target found for C:\Users\alexm\OneDrive\Documentos\ProyectosGit\git-integrator-1\src\main\java\Integrador\Pasteleria\service\PedidoService.java. Using fallback presentation compiler.
2025.10.03 23:31:58 INFO  no build target found for C:\Users\alexm\OneDrive\Documentos\ProyectosGit\git-integrator-1\src\main\java\Integrador\Pasteleria\service\PedidoService.java. Using fallback presentation compiler.
2025.10.03 23:31:58 INFO  no build target found for C:\Users\alexm\OneDrive\Documentos\ProyectosGit\git-integrator-1\src\main\java\Integrador\Pasteleria\service\PedidoService.java. Using fallback presentation compiler.
2025.10.03 23:31:58 INFO  no build target found for C:\Users\alexm\OneDrive\Documentos\ProyectosGit\git-integrator-1\src\main\java\Integrador\Pasteleria\service\PedidoService.java. Using fallback presentation compiler.
2025.10.03 23:31:58 INFO  no build target found for C:\Users\alexm\OneDrive\Documentos\ProyectosGit\git-integrator-1\src\main\java\Integrador\Pasteleria\service\PedidoService.java. Using fallback presentation compiler.
2025.10.03 23:31:58 INFO  no build target found for C:\Users\alexm\OneDrive\Documentos\ProyectosGit\git-integrator-1\src\main\java\Integrador\Pasteleria\service\PedidoService.java. Using fallback presentation compiler.
2025.10.03 23:31:58 INFO  no build target found for C:\Users\alexm\OneDrive\Documentos\ProyectosGit\git-integrator-1\src\main\java\Integrador\Pasteleria\service\PedidoService.java. Using fallback presentation compiler.
2025.10.03 23:31:58 INFO  no build target found for C:\Users\alexm\OneDrive\Documentos\ProyectosGit\git-integrator-1\src\main\java\Integrador\Pasteleria\service\PedidoService.java. Using fallback presentation compiler.
2025.10.03 23:31:59 INFO  no build target found for C:\Users\alexm\OneDrive\Documentos\ProyectosGit\git-integrator-1\src\main\java\Integrador\Pasteleria\service\PedidoService.java. Using fallback presentation compiler.
2025.10.03 23:31:59 INFO  no build target found for C:\Users\alexm\OneDrive\Documentos\ProyectosGit\git-integrator-1\src\main\java\Integrador\Pasteleria\service\PedidoService.java. Using fallback presentation compiler.
2025.10.03 23:31:59 INFO  no build target found for C:\Users\alexm\OneDrive\Documentos\ProyectosGit\git-integrator-1\src\main\java\Integrador\Pasteleria\service\PedidoService.java. Using fallback presentation compiler.
2025.10.03 23:32:01 WARN  no build target for: C:\Users\alexm\OneDrive\Documentos\ProyectosGit\git-integrator-1\src\main\java\Integrador\Pasteleria\service\PedidoService.java
2025.10.03 23:32:01 INFO  no build target found for C:\Users\alexm\OneDrive\Documentos\ProyectosGit\git-integrator-1\src\main\java\Integrador\Pasteleria\service\PedidoService.java. Using fallback presentation compiler.
2025.10.03 23:32:01 WARN  no build target for: C:\Users\alexm\OneDrive\Documentos\ProyectosGit\git-integrator-1\src\main\java\Integrador\Pasteleria\service\PedidoService.java
2025.10.03 23:32:01 INFO  no build target found for C:\Users\alexm\OneDrive\Documentos\ProyectosGit\git-integrator-1\src\main\java\Integrador\Pasteleria\service\PedidoService.java. Using fallback presentation compiler.
2025.10.03 23:32:01 WARN  no build target for: C:\Users\alexm\OneDrive\Documentos\ProyectosGit\git-integrator-1\src\main\java\Integrador\Pasteleria\service\PedidoService.java
2025.10.03 23:32:01 INFO  no build target found for C:\Users\alexm\OneDrive\Documentos\ProyectosGit\git-integrator-1\src\main\java\Integrador\Pasteleria\service\PedidoService.java. Using fallback presentation compiler.
2025.10.03 23:32:01 WARN  no build target for: C:\Users\alexm\OneDrive\Documentos\ProyectosGit\git-integrator-1\src\main\java\Integrador\Pasteleria\service\PedidoService.java
2025.10.03 23:32:01 INFO  no build target found for C:\Users\alexm\OneDrive\Documentos\ProyectosGit\git-integrator-1\src\main\java\Integrador\Pasteleria\service\PedidoService.java. Using fallback presentation compiler.
2025.10.03 23:32:01 WARN  no build target for: C:\Users\alexm\OneDrive\Documentos\ProyectosGit\git-integrator-1\src\main\java\Integrador\Pasteleria\service\PedidoService.java
2025.10.03 23:32:01 INFO  no build target found for C:\Users\alexm\OneDrive\Documentos\ProyectosGit\git-integrator-1\src\main\java\Integrador\Pasteleria\service\PedidoService.java. Using fallback presentation compiler.
2025.10.03 23:32:02 INFO  no build target found for C:\Users\alexm\OneDrive\Documentos\ProyectosGit\git-integrator-1\src\main\java\Integrador\Pasteleria\service\PedidoService.java. Using fallback presentation compiler.
2025.10.03 23:32:01 WARN  no build target for: C:\Users\alexm\OneDrive\Documentos\ProyectosGit\git-integrator-1\src\main\java\Integrador\Pasteleria\service\PedidoService.java
2025.10.03 23:32:01 INFO  no build target found for C:\Users\alexm\OneDrive\Documentos\ProyectosGit\git-integrator-1\src\main\java\Integrador\Pasteleria\service\PedidoService.java. Using fallback presentation compiler.
2025.10.03 23:32:02 WARN  no build target for: C:\Users\alexm\OneDrive\Documentos\ProyectosGit\git-integrator-1\src\main\java\Integrador\Pasteleria\service\PedidoService.java
2025.10.03 23:32:01 INFO  no build target found for C:\Users\alexm\OneDrive\Documentos\ProyectosGit\git-integrator-1\src\main\java\Integrador\Pasteleria\service\PedidoService.java. Using fallback presentation compiler.
2025.10.03 23:32:02 WARN  no build target for: C:\Users\alexm\OneDrive\Documentos\ProyectosGit\git-integrator-1\src\main\java\Integrador\Pasteleria\service\PedidoService.java
2025.10.03 23:32:02 INFO  no build target found for C:\Users\alexm\OneDrive\Documentos\ProyectosGit\git-integrator-1\src\main\java\Integrador\Pasteleria\service\PedidoService.java. Using fallback presentation compiler.
2025.10.03 23:32:02 WARN  no build target for: C:\Users\alexm\OneDrive\Documentos\ProyectosGit\git-integrator-1\src\main\java\Integrador\Pasteleria\service\PedidoService.java
2025.10.03 23:32:02 INFO  no build target found for C:\Users\alexm\OneDrive\Documentos\ProyectosGit\git-integrator-1\src\main\java\Integrador\Pasteleria\service\PedidoService.java. Using fallback presentation compiler.
2025.10.03 23:32:02 WARN  no build target for: C:\Users\alexm\OneDrive\Documentos\ProyectosGit\git-integrator-1\src\main\java\Integrador\Pasteleria\service\PedidoService.java
2025.10.03 23:32:02 INFO  no build target found for C:\Users\alexm\OneDrive\Documentos\ProyectosGit\git-integrator-1\src\main\java\Integrador\Pasteleria\service\PedidoService.java. Using fallback presentation compiler.
2025.10.03 23:32:02 WARN  no build target for: C:\Users\alexm\OneDrive\Documentos\ProyectosGit\git-integrator-1\src\main\java\Integrador\Pasteleria\service\PedidoService.java
2025.10.03 23:32:02 INFO  no build target found for C:\Users\alexm\OneDrive\Documentos\ProyectosGit\git-integrator-1\src\main\java\Integrador\Pasteleria\service\PedidoService.java. Using fallback presentation compiler.
2025.10.03 23:32:02 WARN  no build target for: C:\Users\alexm\OneDrive\Documentos\ProyectosGit\git-integrator-1\src\main\java\Integrador\Pasteleria\service\PedidoService.java
2025.10.03 23:32:02 INFO  no build target found for C:\Users\alexm\OneDrive\Documentos\ProyectosGit\git-integrator-1\src\main\java\Integrador\Pasteleria\service\PedidoService.java. Using fallback presentation compiler.
2025.10.03 23:32:02 WARN  no build target for: C:\Users\alexm\OneDrive\Documentos\ProyectosGit\git-integrator-1\src\main\java\Integrador\Pasteleria\service\PedidoService.java
2025.10.03 23:32:03 INFO  no build target found for C:\Users\alexm\OneDrive\Documentos\ProyectosGit\git-integrator-1\src\main\java\Integrador\Pasteleria\service\PedidoService.java. Using fallback presentation compiler.
2025.10.03 23:32:02 INFO  no build target found for C:\Users\alexm\OneDrive\Documentos\ProyectosGit\git-integrator-1\src\main\java\Integrador\Pasteleria\service\PedidoService.java. Using fallback presentation compiler.
2025.10.03 23:32:03 WARN  no build target for: C:\Users\alexm\OneDrive\Documentos\ProyectosGit\git-integrator-1\src\main\java\Integrador\Pasteleria\service\PedidoService.java
2025.10.03 23:32:03 INFO  no build target found for C:\Users\alexm\OneDrive\Documentos\ProyectosGit\git-integrator-1\src\main\java\Integrador\Pasteleria\service\PedidoService.java. Using fallback presentation compiler.
2025.10.03 23:32:02 WARN  no build target for: C:\Users\alexm\OneDrive\Documentos\ProyectosGit\git-integrator-1\src\main\java\Integrador\Pasteleria\service\PedidoService.java
2025.10.03 23:32:03 INFO  no build target found for C:\Users\alexm\OneDrive\Documentos\ProyectosGit\git-integrator-1\src\main\java\Integrador\Pasteleria\service\PedidoService.java. Using fallback presentation compiler.
2025.10.03 23:32:03 WARN  no build target for: C:\Users\alexm\OneDrive\Documentos\ProyectosGit\git-integrator-1\src\main\java\Integrador\Pasteleria\service\PedidoService.java
2025.10.03 23:32:04 INFO  no build target found for C:\Users\alexm\OneDrive\Documentos\ProyectosGit\git-integrator-1\src\main\java\Integrador\Pasteleria\service\PedidoService.java. Using fallback presentation compiler.
2025.10.03 23:32:03 WARN  no build target for: C:\Users\alexm\OneDrive\Documentos\ProyectosGit\git-integrator-1\src\main\java\Integrador\Pasteleria\service\PedidoService.java
2025.10.03 23:32:04 INFO  no build target found for C:\Users\alexm\OneDrive\Documentos\ProyectosGit\git-integrator-1\src\main\java\Integrador\Pasteleria\service\PedidoService.java. Using fallback presentation compiler.
2025.10.03 23:32:04 WARN  no build target for: C:\Users\alexm\OneDrive\Documentos\ProyectosGit\git-integrator-1\src\main\java\Integrador\Pasteleria\service\PedidoService.java
2025.10.03 23:32:04 INFO  no build target found for C:\Users\alexm\OneDrive\Documentos\ProyectosGit\git-integrator-1\src\main\java\Integrador\Pasteleria\service\PedidoService.java. Using fallback presentation compiler.
2025.10.03 23:32:03 WARN  no build target for: C:\Users\alexm\OneDrive\Documentos\ProyectosGit\git-integrator-1\src\main\java\Integrador\Pasteleria\service\PedidoService.java
2025.10.03 23:32:04 INFO  no build target found for C:\Users\alexm\OneDrive\Documentos\ProyectosGit\git-integrator-1\src\main\java\Integrador\Pasteleria\service\PedidoService.java. Using fallback presentation compiler.
2025.10.03 23:32:04 INFO  no build target found for C:\Users\alexm\OneDrive\Documentos\ProyectosGit\git-integrator-1\src\main\java\Integrador\Pasteleria\service\PedidoService.java. Using fallback presentation compiler.
2025.10.03 23:32:04 WARN  no build target for: C:\Users\alexm\OneDrive\Documentos\ProyectosGit\git-integrator-1\src\main\java\Integrador\Pasteleria\service\PedidoService.java
2025.10.03 23:32:04 INFO  no build target found for C:\Users\alexm\OneDrive\Documentos\ProyectosGit\git-integrator-1\src\main\java\Integrador\Pasteleria\service\PedidoService.java. Using fallback presentation compiler.
2025.10.03 23:32:04 WARN  no build target for: C:\Users\alexm\OneDrive\Documentos\ProyectosGit\git-integrator-1\src\main\java\Integrador\Pasteleria\service\PedidoService.java
2025.10.03 23:32:04 INFO  no build target found for C:\Users\alexm\OneDrive\Documentos\ProyectosGit\git-integrator-1\src\main\java\Integrador\Pasteleria\service\PedidoService.java. Using fallback presentation compiler.
2025.10.03 23:32:04 WARN  no build target for: C:\Users\alexm\OneDrive\Documentos\ProyectosGit\git-integrator-1\src\main\java\Integrador\Pasteleria\service\PedidoService.java
2025.10.03 23:32:04 INFO  no build target found for C:\Users\alexm\OneDrive\Documentos\ProyectosGit\git-integrator-1\src\main\java\Integrador\Pasteleria\service\PedidoService.java. Using fallback presentation compiler.
2025.10.03 23:32:05 WARN  no build target for: C:\Users\alexm\OneDrive\Documentos\ProyectosGit\git-integrator-1\src\main\java\Integrador\Pasteleria\service\PedidoService.java
2025.10.03 23:32:05 INFO  no build target found for C:\Users\alexm\OneDrive\Documentos\ProyectosGit\git-integrator-1\src\main\java\Integrador\Pasteleria\service\PedidoService.java. Using fallback presentation compiler.
2025.10.03 23:32:05 WARN  no build target for: C:\Users\alexm\OneDrive\Documentos\ProyectosGit\git-integrator-1\src\main\java\Integrador\Pasteleria\service\PedidoService.java
2025.10.03 23:32:05 INFO  no build target found for C:\Users\alexm\OneDrive\Documentos\ProyectosGit\git-integrator-1\src\main\java\Integrador\Pasteleria\service\PedidoService.java. Using fallback presentation compiler.
2025.10.03 23:32:05 INFO  no build target found for C:\Users\alexm\OneDrive\Documentos\ProyectosGit\git-integrator-1\src\main\java\Integrador\Pasteleria\service\PedidoService.java. Using fallback presentation compiler.
2025.10.03 23:32:05 INFO  no build target found for C:\Users\alexm\OneDrive\Documentos\ProyectosGit\git-integrator-1\src\main\java\Integrador\Pasteleria\service\PedidoService.java. Using fallback presentation compiler.
2025.10.03 23:32:08 INFO  no build target found for C:\Users\alexm\OneDrive\Documentos\ProyectosGit\git-integrator-1\src\main\java\Integrador\Pasteleria\service\PedidoService.java. Using fallback presentation compiler.
2025.10.03 23:32:08 INFO  no build target found for C:\Users\alexm\OneDrive\Documentos\ProyectosGit\git-integrator-1\src\main\java\Integrador\Pasteleria\service\PedidoService.java. Using fallback presentation compiler.
2025.10.03 23:32:08 INFO  no build target found for C:\Users\alexm\OneDrive\Documentos\ProyectosGit\git-integrator-1\src\main\java\Integrador\Pasteleria\service\PedidoService.java. Using fallback presentation compiler.
2025.10.03 23:32:10 INFO  no build target found for C:\Users\alexm\OneDrive\Documentos\ProyectosGit\git-integrator-1\src\main\java\Integrador\Pasteleria\service\PedidoService.java. Using fallback presentation compiler.
2025.10.03 23:32:10 INFO  no build target found for C:\Users\alexm\OneDrive\Documentos\ProyectosGit\git-integrator-1\src\main\java\Integrador\Pasteleria\service\PedidoService.java. Using fallback presentation compiler.
2025.10.03 23:32:12 INFO  no build target found for C:\Users\alexm\OneDrive\Documentos\ProyectosGit\git-integrator-1\src\main\java\Integrador\Pasteleria\service\PedidoService.java. Using fallback presentation compiler.
2025.10.03 23:32:12 INFO  no build target found for C:\Users\alexm\OneDrive\Documentos\ProyectosGit\git-integrator-1\src\main\java\Integrador\Pasteleria\service\PedidoService.java. Using fallback presentation compiler.
2025.10.03 23:32:12 INFO  no build target found for C:\Users\alexm\OneDrive\Documentos\ProyectosGit\git-integrator-1\src\main\java\Integrador\Pasteleria\service\PedidoService.java. Using fallback presentation compiler.
2025.10.03 23:32:14 INFO  no build target found for C:\Users\alexm\OneDrive\Documentos\ProyectosGit\git-integrator-1\src\main\java\Integrador\Pasteleria\service\PedidoService.java. Using fallback presentation compiler.
2025.10.03 23:32:14 INFO  no build target found for C:\Users\alexm\OneDrive\Documentos\ProyectosGit\git-integrator-1\src\main\java\Integrador\Pasteleria\service\PedidoService.java. Using fallback presentation compiler.
2025.10.03 23:32:14 INFO  no build target found for C:\Users\alexm\OneDrive\Documentos\ProyectosGit\git-integrator-1\src\main\java\Integrador\Pasteleria\service\PedidoService.java. Using fallback presentation compiler.
2025.10.03 23:32:16 INFO  no build target found for C:\Users\alexm\OneDrive\Documentos\ProyectosGit\git-integrator-1\src\main\java\Integrador\Pasteleria\service\PedidoService.java. Using fallback presentation compiler.
2025.10.03 23:32:16 INFO  no build target found for C:\Users\alexm\OneDrive\Documentos\ProyectosGit\git-integrator-1\src\main\java\Integrador\Pasteleria\service\PedidoService.java. Using fallback presentation compiler.
2025.10.03 23:32:16 INFO  no build target found for C:\Users\alexm\OneDrive\Documentos\ProyectosGit\git-integrator-1\src\main\java\Integrador\Pasteleria\service\PedidoService.java. Using fallback presentation compiler.
2025.10.03 23:32:16 INFO  no build target found for C:\Users\alexm\OneDrive\Documentos\ProyectosGit\git-integrator-1\src\main\java\Integrador\Pasteleria\service\PedidoService.java. Using fallback presentation compiler.
2025.10.03 23:32:16 INFO  no build target found for C:\Users\alexm\OneDrive\Documentos\ProyectosGit\git-integrator-1\src\main\java\Integrador\Pasteleria\service\PedidoService.java. Using fallback presentation compiler.
2025.10.03 23:32:17 INFO  no build target found for C:\Users\alexm\OneDrive\Documentos\ProyectosGit\git-integrator-1\src\main\java\Integrador\Pasteleria\service\PedidoService.java. Using fallback presentation compiler.
2025.10.03 23:32:17 INFO  no build target found for C:\Users\alexm\OneDrive\Documentos\ProyectosGit\git-integrator-1\src\main\java\Integrador\Pasteleria\service\PedidoService.java. Using fallback presentation compiler.
2025.10.03 23:32:17 INFO  no build target found for C:\Users\alexm\OneDrive\Documentos\ProyectosGit\git-integrator-1\src\main\java\Integrador\Pasteleria\service\PedidoService.java. Using fallback presentation compiler.
2025.10.03 23:32:19 INFO  no build target found for C:\Users\alexm\OneDrive\Documentos\ProyectosGit\git-integrator-1\src\main\java\Integrador\Pasteleria\service\PedidoService.java. Using fallback presentation compiler.
2025.10.03 23:32:19 INFO  no build target found for C:\Users\alexm\OneDrive\Documentos\ProyectosGit\git-integrator-1\src\main\java\Integrador\Pasteleria\service\PedidoService.java. Using fallback presentation compiler.
2025.10.03 23:32:19 INFO  no build target found for C:\Users\alexm\OneDrive\Documentos\ProyectosGit\git-integrator-1\src\main\java\Integrador\Pasteleria\service\PedidoService.java. Using fallback presentation compiler.
2025.10.03 23:32:19 INFO  no build target found for C:\Users\alexm\OneDrive\Documentos\ProyectosGit\git-integrator-1\src\main\java\Integrador\Pasteleria\service\PedidoService.java. Using fallback presentation compiler.
2025.10.03 23:32:19 INFO  no build target found for C:\Users\alexm\OneDrive\Documentos\ProyectosGit\git-integrator-1\src\main\java\Integrador\Pasteleria\service\PedidoService.java. Using fallback presentation compiler.
2025.10.03 23:32:19 INFO  no build target found for C:\Users\alexm\OneDrive\Documentos\ProyectosGit\git-integrator-1\src\main\java\Integrador\Pasteleria\service\PedidoService.java. Using fallback presentation compiler.
2025.10.03 23:32:19 INFO  no build target found for C:\Users\alexm\OneDrive\Documentos\ProyectosGit\git-integrator-1\src\main\java\Integrador\Pasteleria\service\PedidoService.java. Using fallback presentation compiler.
2025.10.03 23:32:20 INFO  no build target found for C:\Users\alexm\OneDrive\Documentos\ProyectosGit\git-integrator-1\src\main\java\Integrador\Pasteleria\service\PedidoService.java. Using fallback presentation compiler.
2025.10.03 23:32:19 INFO  no build target found for C:\Users\alexm\OneDrive\Documentos\ProyectosGit\git-integrator-1\src\main\java\Integrador\Pasteleria\service\PedidoService.java. Using fallback presentation compiler.
2025.10.03 23:32:20 INFO  no build target found for C:\Users\alexm\OneDrive\Documentos\ProyectosGit\git-integrator-1\src\main\java\Integrador\Pasteleria\service\PedidoService.java. Using fallback presentation compiler.
2025.10.03 23:32:22 INFO  no build target found for C:\Users\alexm\OneDrive\Documentos\ProyectosGit\git-integrator-1\src\main\java\Integrador\Pasteleria\service\PedidoService.java. Using fallback presentation compiler.
2025.10.03 23:32:22 INFO  no build target found for C:\Users\alexm\OneDrive\Documentos\ProyectosGit\git-integrator-1\src\main\java\Integrador\Pasteleria\service\PedidoService.java. Using fallback presentation compiler.
2025.10.03 23:32:22 INFO  no build target found for C:\Users\alexm\OneDrive\Documentos\ProyectosGit\git-integrator-1\src\main\java\Integrador\Pasteleria\service\PedidoService.java. Using fallback presentation compiler.
2025.10.03 23:32:22 INFO  no build target found for C:\Users\alexm\OneDrive\Documentos\ProyectosGit\git-integrator-1\src\main\java\Integrador\Pasteleria\service\PedidoService.java. Using fallback presentation compiler.
2025.10.03 23:32:23 INFO  no build target found for C:\Users\alexm\OneDrive\Documentos\ProyectosGit\git-integrator-1\src\main\java\Integrador\Pasteleria\service\PedidoService.java. Using fallback presentation compiler.
2025.10.03 23:32:23 INFO  no build target found for C:\Users\alexm\OneDrive\Documentos\ProyectosGit\git-integrator-1\src\main\java\Integrador\Pasteleria\service\PedidoService.java. Using fallback presentation compiler.
2025.10.03 23:32:23 INFO  no build target found for C:\Users\alexm\OneDrive\Documentos\ProyectosGit\git-integrator-1\src\main\java\Integrador\Pasteleria\service\PedidoService.java. Using fallback presentation compiler.
2025.10.03 23:32:23 INFO  no build target found for C:\Users\alexm\OneDrive\Documentos\ProyectosGit\git-integrator-1\src\main\java\Integrador\Pasteleria\service\PedidoService.java. Using fallback presentation compiler.
2025.10.03 23:32:23 INFO  no build target found for C:\Users\alexm\OneDrive\Documentos\ProyectosGit\git-integrator-1\src\main\java\Integrador\Pasteleria\service\PedidoService.java. Using fallback presentation compiler.
2025.10.03 23:32:23 INFO  no build target found for C:\Users\alexm\OneDrive\Documentos\ProyectosGit\git-integrator-1\src\main\java\Integrador\Pasteleria\service\PedidoService.java. Using fallback presentation compiler.
2025.10.03 23:32:24 INFO  no build target found for C:\Users\alexm\OneDrive\Documentos\ProyectosGit\git-integrator-1\src\main\java\Integrador\Pasteleria\service\PedidoService.java. Using fallback presentation compiler.
2025.10.03 23:32:28 INFO  no build target found for C:\Users\alexm\OneDrive\Documentos\ProyectosGit\git-integrator-1\src\main\java\Integrador\Pasteleria\service\PedidoService.java. Using fallback presentation compiler.
2025.10.03 23:32:28 INFO  no build target found for C:\Users\alexm\OneDrive\Documentos\ProyectosGit\git-integrator-1\src\main\java\Integrador\Pasteleria\service\PedidoService.java. Using fallback presentation compiler.
2025.10.03 23:32:28 INFO  no build target found for C:\Users\alexm\OneDrive\Documentos\ProyectosGit\git-integrator-1\src\main\java\Integrador\Pasteleria\service\PedidoService.java. Using fallback presentation compiler.
2025.10.03 23:32:29 INFO  no build target found for C:\Users\alexm\OneDrive\Documentos\ProyectosGit\git-integrator-1\src\main\java\Integrador\Pasteleria\service\PedidoService.java. Using fallback presentation compiler.
2025.10.03 23:32:30 INFO  no build target found for C:\Users\alexm\OneDrive\Documentos\ProyectosGit\git-integrator-1\src\main\java\Integrador\Pasteleria\service\PedidoService.java. Using fallback presentation compiler.
2025.10.03 23:32:33 INFO  no build target found for C:\Users\alexm\OneDrive\Documentos\ProyectosGit\git-integrator-1\src\main\java\Integrador\Pasteleria\service\PedidoService.java. Using fallback presentation compiler.
2025.10.03 23:32:40 INFO  no build target found for C:\Users\alexm\OneDrive\Documentos\ProyectosGit\git-integrator-1\src\main\java\Integrador\Pasteleria\service\PedidoService.java. Using fallback presentation compiler.
2025.10.03 23:32:58 INFO  no build target found for C:\Users\alexm\OneDrive\Documentos\ProyectosGit\git-integrator-1\src\main\java\Integrador\Pasteleria\service\PedidoService.java. Using fallback presentation compiler.
2025.10.03 23:33:14 INFO  no build target found for C:\Users\alexm\OneDrive\Documentos\ProyectosGit\git-integrator-1\src\main\java\Integrador\Pasteleria\service\PedidoService.java. Using fallback presentation compiler.
2025.10.03 23:33:14 INFO  no build target found for C:\Users\alexm\OneDrive\Documentos\ProyectosGit\git-integrator-1\src\main\java\Integrador\Pasteleria\service\PedidoService.java. Using fallback presentation compiler.
2025.10.03 23:33:18 INFO  no build target found for C:\Users\alexm\OneDrive\Documentos\ProyectosGit\git-integrator-1\src\main\java\Integrador\Pasteleria\service\PedidoService.java. Using fallback presentation compiler.
2025.10.03 23:33:18 INFO  no build target found for C:\Users\alexm\OneDrive\Documentos\ProyectosGit\git-integrator-1\src\main\java\Integrador\Pasteleria\service\PedidoService.java. Using fallback presentation compiler.
2025.10.03 23:33:19 INFO  no build target found for C:\Users\alexm\OneDrive\Documentos\ProyectosGit\git-integrator-1\src\main\java\Integrador\Pasteleria\service\PedidoService.java. Using fallback presentation compiler.
2025.10.03 23:33:18 INFO  no build target found for C:\Users\alexm\OneDrive\Documentos\ProyectosGit\git-integrator-1\src\main\java\Integrador\Pasteleria\service\PedidoService.java. Using fallback presentation compiler.
2025.10.03 23:33:22 INFO  no build target found for C:\Users\alexm\OneDrive\Documentos\ProyectosGit\git-integrator-1\src\main\java\Integrador\Pasteleria\service\PedidoService.java. Using fallback presentation compiler.
2025.10.03 23:33:22 INFO  no build target found for C:\Users\alexm\OneDrive\Documentos\ProyectosGit\git-integrator-1\src\main\java\Integrador\Pasteleria\service\PedidoService.java. Using fallback presentation compiler.
2025.10.03 23:33:22 INFO  no build target found for C:\Users\alexm\OneDrive\Documentos\ProyectosGit\git-integrator-1\src\main\java\Integrador\Pasteleria\service\PedidoService.java. Using fallback presentation compiler.
2025.10.03 23:33:22 INFO  no build target found for C:\Users\alexm\OneDrive\Documentos\ProyectosGit\git-integrator-1\src\main\java\Integrador\Pasteleria\service\PedidoService.java. Using fallback presentation compiler.
2025.10.03 23:33:24 WARN  no build target for: C:\Users\alexm\OneDrive\Documentos\ProyectosGit\git-integrator-1\src\main\java\Integrador\Pasteleria\service\PedidoService.java
2025.10.03 23:33:24 INFO  no build target found for C:\Users\alexm\OneDrive\Documentos\ProyectosGit\git-integrator-1\src\main\java\Integrador\Pasteleria\service\PedidoService.java. Using fallback presentation compiler.
2025.10.03 23:33:24 WARN  no build target for: C:\Users\alexm\OneDrive\Documentos\ProyectosGit\git-integrator-1\src\main\java\Integrador\Pasteleria\service\PedidoService.java
2025.10.03 23:33:24 INFO  no build target found for C:\Users\alexm\OneDrive\Documentos\ProyectosGit\git-integrator-1\src\main\java\Integrador\Pasteleria\service\PedidoService.java. Using fallback presentation compiler.
2025.10.03 23:33:24 WARN  no build target for: C:\Users\alexm\OneDrive\Documentos\ProyectosGit\git-integrator-1\src\main\java\Integrador\Pasteleria\service\PedidoService.java
2025.10.03 23:33:25 INFO  no build target found for C:\Users\alexm\OneDrive\Documentos\ProyectosGit\git-integrator-1\src\main\java\Integrador\Pasteleria\service\PedidoService.java. Using fallback presentation compiler.
2025.10.03 23:33:24 WARN  no build target for: C:\Users\alexm\OneDrive\Documentos\ProyectosGit\git-integrator-1\src\main\java\Integrador\Pasteleria\service\PedidoService.java
2025.10.03 23:33:24 INFO  no build target found for C:\Users\alexm\OneDrive\Documentos\ProyectosGit\git-integrator-1\src\main\java\Integrador\Pasteleria\service\PedidoService.java. Using fallback presentation compiler.
2025.10.03 23:33:24 WARN  no build target for: C:\Users\alexm\OneDrive\Documentos\ProyectosGit\git-integrator-1\src\main\java\Integrador\Pasteleria\service\PedidoService.java
2025.10.03 23:33:24 INFO  no build target found for C:\Users\alexm\OneDrive\Documentos\ProyectosGit\git-integrator-1\src\main\java\Integrador\Pasteleria\service\PedidoService.java. Using fallback presentation compiler.
2025.10.03 23:33:24 WARN  no build target for: C:\Users\alexm\OneDrive\Documentos\ProyectosGit\git-integrator-1\src\main\java\Integrador\Pasteleria\service\PedidoService.java
2025.10.03 23:33:24 INFO  no build target found for C:\Users\alexm\OneDrive\Documentos\ProyectosGit\git-integrator-1\src\main\java\Integrador\Pasteleria\service\PedidoService.java. Using fallback presentation compiler.
2025.10.03 23:33:25 INFO  no build target found for C:\Users\alexm\OneDrive\Documentos\ProyectosGit\git-integrator-1\src\main\java\Integrador\Pasteleria\service\PedidoService.java. Using fallback presentation compiler.
2025.10.03 23:33:25 WARN  no build target for: C:\Users\alexm\OneDrive\Documentos\ProyectosGit\git-integrator-1\src\main\java\Integrador\Pasteleria\service\PedidoService.java
2025.10.03 23:33:25 INFO  no build target found for C:\Users\alexm\OneDrive\Documentos\ProyectosGit\git-integrator-1\src\main\java\Integrador\Pasteleria\service\PedidoService.java. Using fallback presentation compiler.
2025.10.03 23:33:25 WARN  no build target for: C:\Users\alexm\OneDrive\Documentos\ProyectosGit\git-integrator-1\src\main\java\Integrador\Pasteleria\service\PedidoService.java
2025.10.03 23:33:25 INFO  no build target found for C:\Users\alexm\OneDrive\Documentos\ProyectosGit\git-integrator-1\src\main\java\Integrador\Pasteleria\service\PedidoService.java. Using fallback presentation compiler.
2025.10.03 23:33:26 WARN  no build target for: C:\Users\alexm\OneDrive\Documentos\ProyectosGit\git-integrator-1\src\main\java\Integrador\Pasteleria\service\PedidoService.java
2025.10.03 23:33:25 INFO  no build target found for C:\Users\alexm\OneDrive\Documentos\ProyectosGit\git-integrator-1\src\main\java\Integrador\Pasteleria\service\PedidoService.java. Using fallback presentation compiler.
2025.10.03 23:33:26 WARN  no build target for: C:\Users\alexm\OneDrive\Documentos\ProyectosGit\git-integrator-1\src\main\java\Integrador\Pasteleria\service\PedidoService.java
2025.10.03 23:33:26 INFO  no build target found for C:\Users\alexm\OneDrive\Documentos\ProyectosGit\git-integrator-1\src\main\java\Integrador\Pasteleria\service\PedidoService.java. Using fallback presentation compiler.
2025.10.03 23:33:26 WARN  no build target for: C:\Users\alexm\OneDrive\Documentos\ProyectosGit\git-integrator-1\src\main\java\Integrador\Pasteleria\service\PedidoService.java
2025.10.03 23:33:25 INFO  no build target found for C:\Users\alexm\OneDrive\Documentos\ProyectosGit\git-integrator-1\src\main\java\Integrador\Pasteleria\service\PedidoService.java. Using fallback presentation compiler.
2025.10.03 23:33:25 WARN  no build target for: C:\Users\alexm\OneDrive\Documentos\ProyectosGit\git-integrator-1\src\main\java\Integrador\Pasteleria\service\PedidoService.java
2025.10.03 23:33:25 INFO  no build target found for C:\Users\alexm\OneDrive\Documentos\ProyectosGit\git-integrator-1\src\main\java\Integrador\Pasteleria\service\PedidoService.java. Using fallback presentation compiler.
2025.10.03 23:33:26 INFO  no build target found for C:\Users\alexm\OneDrive\Documentos\ProyectosGit\git-integrator-1\src\main\java\Integrador\Pasteleria\service\PedidoService.java. Using fallback presentation compiler.
2025.10.03 23:33:26 INFO  no build target found for C:\Users\alexm\OneDrive\Documentos\ProyectosGit\git-integrator-1\src\main\java\Integrador\Pasteleria\service\PedidoService.java. Using fallback presentation compiler.
oct 03, 2025 11:33:27 P. M. org.eclipse.lsp4j.jsonrpc.RemoteEndpoint handleCancellation
WARNING: Unmatched cancel notification for request id 2556
2025.10.03 23:33:26 INFO  no build target found for C:\Users\alexm\OneDrive\Documentos\ProyectosGit\git-integrator-1\src\main\java\Integrador\Pasteleria\service\PedidoService.java. Using fallback presentation compiler.
2025.10.03 23:33:27 INFO  no build target found for C:\Users\alexm\OneDrive\Documentos\ProyectosGit\git-integrator-1\src\main\java\Integrador\Pasteleria\service\PedidoService.java. Using fallback presentation compiler.
2025.10.03 23:33:29 INFO  no build target found for C:\Users\alexm\OneDrive\Documentos\ProyectosGit\git-integrator-1\src\main\java\Integrador\Pasteleria\service\PedidoService.java. Using fallback presentation compiler.
2025.10.03 23:33:29 INFO  no build target found for C:\Users\alexm\OneDrive\Documentos\ProyectosGit\git-integrator-1\src\main\java\Integrador\Pasteleria\service\PedidoService.java. Using fallback presentation compiler.
2025.10.03 23:33:34 WARN  no build target for: C:\Users\alexm\OneDrive\Documentos\ProyectosGit\git-integrator-1\src\main\java\Integrador\Pasteleria\service\PedidoService.java
2025.10.03 23:33:34 INFO  no build target found for C:\Users\alexm\OneDrive\Documentos\ProyectosGit\git-integrator-1\src\main\java\Integrador\Pasteleria\service\PedidoService.java. Using fallback presentation compiler.
2025.10.03 23:33:35 WARN  no build target for: C:\Users\alexm\OneDrive\Documentos\ProyectosGit\git-integrator-1\src\main\java\Integrador\Pasteleria\service\PedidoService.java
2025.10.03 23:33:34 INFO  no build target found for C:\Users\alexm\OneDrive\Documentos\ProyectosGit\git-integrator-1\src\main\java\Integrador\Pasteleria\service\PedidoService.java. Using fallback presentation compiler.
2025.10.03 23:33:35 WARN  no build target for: C:\Users\alexm\OneDrive\Documentos\ProyectosGit\git-integrator-1\src\main\java\Integrador\Pasteleria\service\PedidoService.java
2025.10.03 23:33:34 INFO  no build target found for C:\Users\alexm\OneDrive\Documentos\ProyectosGit\git-integrator-1\src\main\java\Integrador\Pasteleria\service\PedidoService.java. Using fallback presentation compiler.
2025.10.03 23:33:35 WARN  no build target for: C:\Users\alexm\OneDrive\Documentos\ProyectosGit\git-integrator-1\src\main\java\Integrador\Pasteleria\service\PedidoService.java
2025.10.03 23:33:34 INFO  no build target found for C:\Users\alexm\OneDrive\Documentos\ProyectosGit\git-integrator-1\src\main\java\Integrador\Pasteleria\service\PedidoService.java. Using fallback presentation compiler.
2025.10.03 23:33:37 INFO  no build target found for C:\Users\alexm\OneDrive\Documentos\ProyectosGit\git-integrator-1\src\main\java\Integrador\Pasteleria\service\DetallePedidoService.java. Using fallback presentation compiler.
2025.10.03 23:33:37 WARN  no build target for: C:\Users\alexm\OneDrive\Documentos\ProyectosGit\git-integrator-1\src\main\java\Integrador\Pasteleria\service\DetallePedidoService.java
2025.10.03 23:33:37 INFO  no build target found for C:\Users\alexm\OneDrive\Documentos\ProyectosGit\git-integrator-1\src\main\java\Integrador\Pasteleria\service\DetallePedidoService.java. Using fallback presentation compiler.
2025.10.03 23:33:37 INFO  no build target found for C:\Users\alexm\OneDrive\Documentos\ProyectosGit\git-integrator-1\src\main\java\Integrador\Pasteleria\service\DetallePedidoService.java. Using fallback presentation compiler.
2025.10.03 23:33:38 INFO  no build target found for C:\Users\alexm\OneDrive\Documentos\ProyectosGit\git-integrator-1\src\main\java\Integrador\Pasteleria\resource\PedidoResource.java. Using fallback presentation compiler.
2025.10.03 23:33:38 WARN  no build target for: C:\Users\alexm\OneDrive\Documentos\ProyectosGit\git-integrator-1\src\main\java\Integrador\Pasteleria\resource\PedidoResource.java
2025.10.03 23:33:38 INFO  no build target found for C:\Users\alexm\OneDrive\Documentos\ProyectosGit\git-integrator-1\src\main\java\Integrador\Pasteleria\resource\PedidoResource.java. Using fallback presentation compiler.
2025.10.03 23:33:38 INFO  no build target found for C:\Users\alexm\OneDrive\Documentos\ProyectosGit\git-integrator-1\src\main\java\Integrador\Pasteleria\resource\PedidoResource.java. Using fallback presentation compiler.
2025.10.03 23:33:38 INFO  no build target found for C:\Users\alexm\OneDrive\Documentos\ProyectosGit\git-integrator-1\src\main\java\Integrador\Pasteleria\resource\PedidoResource.java. Using fallback presentation compiler.
2025.10.03 23:33:43 INFO  no build target found for C:\Users\alexm\OneDrive\Documentos\ProyectosGit\git-integrator-1\src\main\java\Integrador\Pasteleria\resource\PedidoResource.java. Using fallback presentation compiler.
2025.10.03 23:33:44 INFO  no build target found for C:\Users\alexm\OneDrive\Documentos\ProyectosGit\git-integrator-1\src\main\java\Integrador\Pasteleria\resource\PedidoResource.java. Using fallback presentation compiler.
2025.10.03 23:33:52 INFO  no build target found for C:\Users\alexm\OneDrive\Documentos\ProyectosGit\git-integrator-1\src\main\java\Integrador\Pasteleria\resource\PedidoResource.java. Using fallback presentation compiler.
2025.10.03 23:33:52 INFO  no build target found for C:\Users\alexm\OneDrive\Documentos\ProyectosGit\git-integrator-1\src\main\java\Integrador\Pasteleria\resource\PedidoResource.java. Using fallback presentation compiler.
2025.10.03 23:33:52 INFO  no build target found for C:\Users\alexm\OneDrive\Documentos\ProyectosGit\git-integrator-1\src\main\java\Integrador\Pasteleria\resource\PedidoResource.java. Using fallback presentation compiler.
2025.10.03 23:33:52 INFO  no build target found for C:\Users\alexm\OneDrive\Documentos\ProyectosGit\git-integrator-1\src\main\java\Integrador\Pasteleria\resource\PedidoResource.java. Using fallback presentation compiler.
2025.10.03 23:33:53 INFO  no build target found for C:\Users\alexm\OneDrive\Documentos\ProyectosGit\git-integrator-1\src\main\java\Integrador\Pasteleria\resource\PedidoResource.java. Using fallback presentation compiler.
2025.10.03 23:34:07 INFO  no build target found for C:\Users\alexm\OneDrive\Documentos\ProyectosGit\git-integrator-1\src\main\java\Integrador\Pasteleria\resource\PedidoResource.java. Using fallback presentation compiler.
2025.10.03 23:34:07 INFO  no build target found for C:\Users\alexm\OneDrive\Documentos\ProyectosGit\git-integrator-1\src\main\java\Integrador\Pasteleria\resource\PedidoResource.java. Using fallback presentation compiler.
2025.10.03 23:34:10 INFO  no build target found for C:\Users\alexm\OneDrive\Documentos\ProyectosGit\git-integrator-1\src\main\java\Integrador\Pasteleria\resource\PedidoResource.java. Using fallback presentation compiler.
2025.10.03 23:34:10 INFO  no build target found for C:\Users\alexm\OneDrive\Documentos\ProyectosGit\git-integrator-1\src\main\java\Integrador\Pasteleria\resource\PedidoResource.java. Using fallback presentation compiler.
2025.10.03 23:34:10 INFO  no build target found for C:\Users\alexm\OneDrive\Documentos\ProyectosGit\git-integrator-1\src\main\java\Integrador\Pasteleria\resource\PedidoResource.java. Using fallback presentation compiler.
2025.10.03 23:34:23 INFO  no build target found for C:\Users\alexm\OneDrive\Documentos\ProyectosGit\git-integrator-1\src\main\java\Integrador\Pasteleria\resource\PedidoResource.java. Using fallback presentation compiler.
2025.10.03 23:34:27 INFO  no build target found for C:\Users\alexm\OneDrive\Documentos\ProyectosGit\git-integrator-1\src\main\java\Integrador\Pasteleria\service\PedidoService.java. Using fallback presentation compiler.
2025.10.03 23:34:27 WARN  no build target for: C:\Users\alexm\OneDrive\Documentos\ProyectosGit\git-integrator-1\src\main\java\Integrador\Pasteleria\service\PedidoService.java
2025.10.03 23:34:27 INFO  no build target found for C:\Users\alexm\OneDrive\Documentos\ProyectosGit\git-integrator-1\src\main\java\Integrador\Pasteleria\service\PedidoService.java. Using fallback presentation compiler.
2025.10.03 23:34:30 INFO  no build target found for C:\Users\alexm\OneDrive\Documentos\ProyectosGit\git-integrator-1\src\main\java\Integrador\Pasteleria\service\PedidoService.java. Using fallback presentation compiler.
2025.10.03 23:34:30 INFO  no build target found for C:\Users\alexm\OneDrive\Documentos\ProyectosGit\git-integrator-1\src\main\java\Integrador\Pasteleria\service\PedidoService.java. Using fallback presentation compiler.
2025.10.03 23:34:34 INFO  no build target found for C:\Users\alexm\OneDrive\Documentos\ProyectosGit\git-integrator-1\src\main\java\Integrador\Pasteleria\service\PedidoService.java. Using fallback presentation compiler.
2025.10.03 23:34:37 INFO  no build target found for C:\Users\alexm\OneDrive\Documentos\ProyectosGit\git-integrator-1\src\main\java\Integrador\Pasteleria\service\PedidoService.java. Using fallback presentation compiler.
2025.10.03 23:34:37 INFO  no build target found for C:\Users\alexm\OneDrive\Documentos\ProyectosGit\git-integrator-1\src\main\java\Integrador\Pasteleria\resource\PedidoResource.java. Using fallback presentation compiler.
2025.10.03 23:34:38 WARN  no build target for: C:\Users\alexm\OneDrive\Documentos\ProyectosGit\git-integrator-1\src\main\java\Integrador\Pasteleria\resource\PedidoResource.java
2025.10.03 23:34:38 INFO  no build target found for C:\Users\alexm\OneDrive\Documentos\ProyectosGit\git-integrator-1\src\main\java\Integrador\Pasteleria\resource\PedidoResource.java. Using fallback presentation compiler.
2025.10.03 23:34:38 INFO  no build target found for C:\Users\alexm\OneDrive\Documentos\ProyectosGit\git-integrator-1\src\main\java\Integrador\Pasteleria\resource\PedidoResource.java. Using fallback presentation compiler.
2025.10.03 23:34:38 INFO  no build target found for C:\Users\alexm\OneDrive\Documentos\ProyectosGit\git-integrator-1\src\main\java\Integrador\Pasteleria\resource\PedidoResource.java. Using fallback presentation compiler.
2025.10.03 23:34:40 INFO  no build target found for C:\Users\alexm\OneDrive\Documentos\ProyectosGit\git-integrator-1\src\main\java\Integrador\Pasteleria\resource\PedidoResource.java. Using fallback presentation compiler.
2025.10.03 23:34:40 INFO  no build target found for C:\Users\alexm\OneDrive\Documentos\ProyectosGit\git-integrator-1\src\main\java\Integrador\Pasteleria\resource\PedidoResource.java. Using fallback presentation compiler.
2025.10.03 23:34:40 INFO  no build target found for C:\Users\alexm\OneDrive\Documentos\ProyectosGit\git-integrator-1\src\main\java\Integrador\Pasteleria\resource\PedidoResource.java. Using fallback presentation compiler.
2025.10.03 23:34:42 INFO  no build target found for C:\Users\alexm\OneDrive\Documentos\ProyectosGit\git-integrator-1\src\main\java\Integrador\Pasteleria\resource\PedidoResource.java. Using fallback presentation compiler.
2025.10.03 23:34:44 INFO  no build target found for C:\Users\alexm\OneDrive\Documentos\ProyectosGit\git-integrator-1\src\main\java\Integrador\Pasteleria\resource\PedidoResource.java. Using fallback presentation compiler.
2025.10.03 23:34:44 INFO  no build target found for C:\Users\alexm\OneDrive\Documentos\ProyectosGit\git-integrator-1\src\main\java\Integrador\Pasteleria\resource\PedidoResource.java. Using fallback presentation compiler.
2025.10.03 23:34:44 INFO  no build target found for C:\Users\alexm\OneDrive\Documentos\ProyectosGit\git-integrator-1\src\main\java\Integrador\Pasteleria\resource\PedidoResource.java. Using fallback presentation compiler.
2025.10.03 23:34:44 INFO  no build target found for C:\Users\alexm\OneDrive\Documentos\ProyectosGit\git-integrator-1\src\main\java\Integrador\Pasteleria\resource\PedidoResource.java. Using fallback presentation compiler.
oct 03, 2025 11:34:44 P. M. org.eclipse.lsp4j.jsonrpc.RemoteEndpoint handleCancellation
WARNING: Unmatched cancel notification for request id 2644
2025.10.03 23:34:44 INFO  no build target found for C:\Users\alexm\OneDrive\Documentos\ProyectosGit\git-integrator-1\src\main\java\Integrador\Pasteleria\resource\PedidoResource.java. Using fallback presentation compiler.
2025.10.03 23:34:44 INFO  no build target found for C:\Users\alexm\OneDrive\Documentos\ProyectosGit\git-integrator-1\src\main\java\Integrador\Pasteleria\resource\PedidoResource.java. Using fallback presentation compiler.
2025.10.03 23:34:44 INFO  no build target found for C:\Users\alexm\OneDrive\Documentos\ProyectosGit\git-integrator-1\src\main\java\Integrador\Pasteleria\resource\PedidoResource.java. Using fallback presentation compiler.
2025.10.03 23:34:44 INFO  no build target found for C:\Users\alexm\OneDrive\Documentos\ProyectosGit\git-integrator-1\src\main\java\Integrador\Pasteleria\resource\PedidoResource.java. Using fallback presentation compiler.
2025.10.03 23:34:44 INFO  no build target found for C:\Users\alexm\OneDrive\Documentos\ProyectosGit\git-integrator-1\src\main\java\Integrador\Pasteleria\resource\PedidoResource.java. Using fallback presentation compiler.
oct 03, 2025 11:34:44 P. M. org.eclipse.lsp4j.jsonrpc.RemoteEndpoint handleCancellation
WARNING: Unmatched cancel notification for request id 2649
2025.10.03 23:34:44 INFO  no build target found for C:\Users\alexm\OneDrive\Documentos\ProyectosGit\git-integrator-1\src\main\java\Integrador\Pasteleria\resource\PedidoResource.java. Using fallback presentation compiler.
2025.10.03 23:34:44 INFO  no build target found for C:\Users\alexm\OneDrive\Documentos\ProyectosGit\git-integrator-1\src\main\java\Integrador\Pasteleria\resource\PedidoResource.java. Using fallback presentation compiler.
2025.10.03 23:34:44 INFO  no build target found for C:\Users\alexm\OneDrive\Documentos\ProyectosGit\git-integrator-1\src\main\java\Integrador\Pasteleria\resource\PedidoResource.java. Using fallback presentation compiler.
2025.10.03 23:34:44 INFO  no build target found for C:\Users\alexm\OneDrive\Documentos\ProyectosGit\git-integrator-1\src\main\java\Integrador\Pasteleria\resource\PedidoResource.java. Using fallback presentation compiler.
2025.10.03 23:34:44 INFO  no build target found for C:\Users\alexm\OneDrive\Documentos\ProyectosGit\git-integrator-1\src\main\java\Integrador\Pasteleria\resource\PedidoResource.java. Using fallback presentation compiler.
2025.10.03 23:34:44 INFO  no build target found for C:\Users\alexm\OneDrive\Documentos\ProyectosGit\git-integrator-1\src\main\java\Integrador\Pasteleria\resource\PedidoResource.java. Using fallback presentation compiler.
2025.10.03 23:34:48 INFO  no build target found for C:\Users\alexm\OneDrive\Documentos\ProyectosGit\git-integrator-1\src\main\java\Integrador\Pasteleria\resource\PedidoResource.java. Using fallback presentation compiler.
2025.10.03 23:34:52 INFO  no build target found for C:\Users\alexm\OneDrive\Documentos\ProyectosGit\git-integrator-1\src\main\java\Integrador\Pasteleria\resource\PedidoResource.java. Using fallback presentation compiler.
2025.10.03 23:34:54 INFO  no build target found for C:\Users\alexm\OneDrive\Documentos\ProyectosGit\git-integrator-1\src\main\java\Integrador\Pasteleria\resource\PedidoResource.java. Using fallback presentation compiler.
2025.10.03 23:34:54 INFO  no build target found for C:\Users\alexm\OneDrive\Documentos\ProyectosGit\git-integrator-1\src\main\java\Integrador\Pasteleria\resource\PedidoResource.java. Using fallback presentation compiler.
2025.10.03 23:34:57 INFO  no build target found for C:\Users\alexm\OneDrive\Documentos\ProyectosGit\git-integrator-1\src\main\java\Integrador\Pasteleria\resource\PedidoResource.java. Using fallback presentation compiler.
2025.10.03 23:34:59 INFO  no build target found for C:\Users\alexm\OneDrive\Documentos\ProyectosGit\git-integrator-1\src\main\java\Integrador\Pasteleria\resource\PedidoResource.java. Using fallback presentation compiler.
2025.10.03 23:34:59 INFO  no build target found for C:\Users\alexm\OneDrive\Documentos\ProyectosGit\git-integrator-1\src\main\java\Integrador\Pasteleria\resource\PedidoResource.java. Using fallback presentation compiler.
2025.10.03 23:34:59 INFO  no build target found for C:\Users\alexm\OneDrive\Documentos\ProyectosGit\git-integrator-1\src\main\java\Integrador\Pasteleria\resource\PedidoResource.java. Using fallback presentation compiler.
2025.10.03 23:34:59 INFO  no build target found for C:\Users\alexm\OneDrive\Documentos\ProyectosGit\git-integrator-1\src\main\java\Integrador\Pasteleria\resource\PedidoResource.java. Using fallback presentation compiler.
2025.10.03 23:34:59 INFO  no build target found for C:\Users\alexm\OneDrive\Documentos\ProyectosGit\git-integrator-1\src\main\java\Integrador\Pasteleria\resource\PedidoResource.java. Using fallback presentation compiler.
2025.10.03 23:34:59 INFO  no build target found for C:\Users\alexm\OneDrive\Documentos\ProyectosGit\git-integrator-1\src\main\java\Integrador\Pasteleria\resource\PedidoResource.java. Using fallback presentation compiler.
oct 03, 2025 11:34:59 P. M. org.eclipse.lsp4j.jsonrpc.RemoteEndpoint handleCancellation
WARNING: Unmatched cancel notification for request id 2680
2025.10.03 23:34:59 INFO  no build target found for C:\Users\alexm\OneDrive\Documentos\ProyectosGit\git-integrator-1\src\main\java\Integrador\Pasteleria\resource\PedidoResource.java. Using fallback presentation compiler.
oct 03, 2025 11:34:59 P. M. org.eclipse.lsp4j.jsonrpc.RemoteEndpoint handleCancellation
WARNING: Unmatched cancel notification for request id 2681
2025.10.03 23:34:59 INFO  no build target found for C:\Users\alexm\OneDrive\Documentos\ProyectosGit\git-integrator-1\src\main\java\Integrador\Pasteleria\resource\PedidoResource.java. Using fallback presentation compiler.
2025.10.03 23:34:59 INFO  no build target found for C:\Users\alexm\OneDrive\Documentos\ProyectosGit\git-integrator-1\src\main\java\Integrador\Pasteleria\resource\PedidoResource.java. Using fallback presentation compiler.
oct 03, 2025 11:34:59 P. M. org.eclipse.lsp4j.jsonrpc.RemoteEndpoint handleCancellation
WARNING: Unmatched cancel notification for request id 2683
2025.10.03 23:34:59 INFO  no build target found for C:\Users\alexm\OneDrive\Documentos\ProyectosGit\git-integrator-1\src\main\java\Integrador\Pasteleria\resource\PedidoResource.java. Using fallback presentation compiler.
2025.10.03 23:34:59 INFO  no build target found for C:\Users\alexm\OneDrive\Documentos\ProyectosGit\git-integrator-1\src\main\java\Integrador\Pasteleria\resource\PedidoResource.java. Using fallback presentation compiler.
2025.10.03 23:34:59 INFO  no build target found for C:\Users\alexm\OneDrive\Documentos\ProyectosGit\git-integrator-1\src\main\java\Integrador\Pasteleria\resource\PedidoResource.java. Using fallback presentation compiler.
oct 03, 2025 11:34:59 P. M. org.eclipse.lsp4j.jsonrpc.RemoteEndpoint handleCancellation
WARNING: Unmatched cancel notification for request id 2686
2025.10.03 23:34:59 INFO  no build target found for C:\Users\alexm\OneDrive\Documentos\ProyectosGit\git-integrator-1\src\main\java\Integrador\Pasteleria\resource\PedidoResource.java. Using fallback presentation compiler.
2025.10.03 23:34:59 INFO  no build target found for C:\Users\alexm\OneDrive\Documentos\ProyectosGit\git-integrator-1\src\main\java\Integrador\Pasteleria\resource\PedidoResource.java. Using fallback presentation compiler.
2025.10.03 23:34:59 INFO  no build target found for C:\Users\alexm\OneDrive\Documentos\ProyectosGit\git-integrator-1\src\main\java\Integrador\Pasteleria\resource\PedidoResource.java. Using fallback presentation compiler.
2025.10.03 23:34:59 INFO  no build target found for C:\Users\alexm\OneDrive\Documentos\ProyectosGit\git-integrator-1\src\main\java\Integrador\Pasteleria\resource\PedidoResource.java. Using fallback presentation compiler.
oct 03, 2025 11:34:59 P. M. org.eclipse.lsp4j.jsonrpc.RemoteEndpoint handleCancellation
WARNING: Unmatched cancel notification for request id 2690
2025.10.03 23:34:59 INFO  no build target found for C:\Users\alexm\OneDrive\Documentos\ProyectosGit\git-integrator-1\src\main\java\Integrador\Pasteleria\resource\PedidoResource.java. Using fallback presentation compiler.
2025.10.03 23:34:59 INFO  no build target found for C:\Users\alexm\OneDrive\Documentos\ProyectosGit\git-integrator-1\src\main\java\Integrador\Pasteleria\resource\PedidoResource.java. Using fallback presentation compiler.
oct 03, 2025 11:34:59 P. M. org.eclipse.lsp4j.jsonrpc.RemoteEndpoint handleCancellation
WARNING: Unmatched cancel notification for request id 2692
2025.10.03 23:34:59 INFO  no build target found for C:\Users\alexm\OneDrive\Documentos\ProyectosGit\git-integrator-1\src\main\java\Integrador\Pasteleria\resource\PedidoResource.java. Using fallback presentation compiler.
2025.10.03 23:34:59 INFO  no build target found for C:\Users\alexm\OneDrive\Documentos\ProyectosGit\git-integrator-1\src\main\java\Integrador\Pasteleria\resource\PedidoResource.java. Using fallback presentation compiler.
2025.10.03 23:34:59 INFO  no build target found for C:\Users\alexm\OneDrive\Documentos\ProyectosGit\git-integrator-1\src\main\java\Integrador\Pasteleria\resource\PedidoResource.java. Using fallback presentation compiler.
2025.10.03 23:34:59 INFO  no build target found for C:\Users\alexm\OneDrive\Documentos\ProyectosGit\git-integrator-1\src\main\java\Integrador\Pasteleria\resource\PedidoResource.java. Using fallback presentation compiler.
2025.10.03 23:35:00 INFO  no build target found for C:\Users\alexm\OneDrive\Documentos\ProyectosGit\git-integrator-1\src\main\java\Integrador\Pasteleria\resource\PedidoResource.java. Using fallback presentation compiler.
2025.10.03 23:34:59 INFO  no build target found for C:\Users\alexm\OneDrive\Documentos\ProyectosGit\git-integrator-1\src\main\java\Integrador\Pasteleria\resource\PedidoResource.java. Using fallback presentation compiler.
oct 03, 2025 11:35:00 P. M. org.eclipse.lsp4j.jsonrpc.RemoteEndpoint handleCancellation
WARNING: Unmatched cancel notification for request id 2698
2025.10.03 23:34:59 INFO  no build target found for C:\Users\alexm\OneDrive\Documentos\ProyectosGit\git-integrator-1\src\main\java\Integrador\Pasteleria\resource\PedidoResource.java. Using fallback presentation compiler.
oct 03, 2025 11:35:00 P. M. org.eclipse.lsp4j.jsonrpc.RemoteEndpoint handleCancellation
WARNING: Unmatched cancel notification for request id 2699
2025.10.03 23:34:59 INFO  no build target found for C:\Users\alexm\OneDrive\Documentos\ProyectosGit\git-integrator-1\src\main\java\Integrador\Pasteleria\resource\PedidoResource.java. Using fallback presentation compiler.
oct 03, 2025 11:35:00 P. M. org.eclipse.lsp4j.jsonrpc.RemoteEndpoint handleCancellation
WARNING: Unmatched cancel notification for request id 2700
2025.10.03 23:34:59 INFO  no build target found for C:\Users\alexm\OneDrive\Documentos\ProyectosGit\git-integrator-1\src\main\java\Integrador\Pasteleria\resource\PedidoResource.java. Using fallback presentation compiler.
oct 03, 2025 11:35:00 P. M. org.eclipse.lsp4j.jsonrpc.RemoteEndpoint handleCancellation
WARNING: Unmatched cancel notification for request id 2701
2025.10.03 23:34:59 INFO  no build target found for C:\Users\alexm\OneDrive\Documentos\ProyectosGit\git-integrator-1\src\main\java\Integrador\Pasteleria\resource\PedidoResource.java. Using fallback presentation compiler.
oct 03, 2025 11:35:00 P. M. org.eclipse.lsp4j.jsonrpc.RemoteEndpoint handleCancellation
WARNING: Unmatched cancel notification for request id 2702
2025.10.03 23:34:59 INFO  no build target found for C:\Users\alexm\OneDrive\Documentos\ProyectosGit\git-integrator-1\src\main\java\Integrador\Pasteleria\resource\PedidoResource.java. Using fallback presentation compiler.
2025.10.03 23:35:00 INFO  no build target found for C:\Users\alexm\OneDrive\Documentos\ProyectosGit\git-integrator-1\src\main\java\Integrador\Pasteleria\resource\PedidoResource.java. Using fallback presentation compiler.
2025.10.03 23:35:03 INFO  no build target found for C:\Users\alexm\OneDrive\Documentos\ProyectosGit\git-integrator-1\src\main\java\Integrador\Pasteleria\resource\PedidoResource.java. Using fallback presentation compiler.
2025.10.03 23:35:04 INFO  no build target found for C:\Users\alexm\OneDrive\Documentos\ProyectosGit\git-integrator-1\src\main\java\Integrador\Pasteleria\resource\PedidoResource.java. Using fallback presentation compiler.
2025.10.03 23:35:03 INFO  no build target found for C:\Users\alexm\OneDrive\Documentos\ProyectosGit\git-integrator-1\src\main\java\Integrador\Pasteleria\resource\PedidoResource.java. Using fallback presentation compiler.
2025.10.03 23:35:03 INFO  no build target found for C:\Users\alexm\OneDrive\Documentos\ProyectosGit\git-integrator-1\src\main\java\Integrador\Pasteleria\resource\PedidoResource.java. Using fallback presentation compiler.
2025.10.03 23:35:07 INFO  no build target found for C:\Users\alexm\OneDrive\Documentos\ProyectosGit\git-integrator-1\src\main\java\Integrador\Pasteleria\resource\PedidoResource.java. Using fallback presentation compiler.
2025.10.03 23:35:07 INFO  no build target found for C:\Users\alexm\OneDrive\Documentos\ProyectosGit\git-integrator-1\src\main\java\Integrador\Pasteleria\resource\PedidoResource.java. Using fallback presentation compiler.
2025.10.03 23:35:11 INFO  no build target found for C:\Users\alexm\OneDrive\Documentos\ProyectosGit\git-integrator-1\src\main\java\Integrador\Pasteleria\resource\PedidoResource.java. Using fallback presentation compiler.
2025.10.03 23:35:11 INFO  no build target found for C:\Users\alexm\OneDrive\Documentos\ProyectosGit\git-integrator-1\src\main\java\Integrador\Pasteleria\resource\PedidoResource.java. Using fallback presentation compiler.
2025.10.03 23:35:11 INFO  no build target found for C:\Users\alexm\OneDrive\Documentos\ProyectosGit\git-integrator-1\src\main\java\Integrador\Pasteleria\resource\PedidoResource.java. Using fallback presentation compiler.
2025.10.03 23:35:12 INFO  no build target found for C:\Users\alexm\OneDrive\Documentos\ProyectosGit\git-integrator-1\src\main\java\Integrador\Pasteleria\resource\PedidoResource.java. Using fallback presentation compiler.
2025.10.03 23:35:12 INFO  no build target found for C:\Users\alexm\OneDrive\Documentos\ProyectosGit\git-integrator-1\src\main\java\Integrador\Pasteleria\resource\PedidoResource.java. Using fallback presentation compiler.
2025.10.03 23:35:13 INFO  no build target found for C:\Users\alexm\OneDrive\Documentos\ProyectosGit\git-integrator-1\src\main\java\Integrador\Pasteleria\resource\PedidoResource.java. Using fallback presentation compiler.
2025.10.03 23:35:17 INFO  no build target found for C:\Users\alexm\OneDrive\Documentos\ProyectosGit\git-integrator-1\src\main\java\Integrador\Pasteleria\resource\PedidoResource.java. Using fallback presentation compiler.
2025.10.03 23:35:19 INFO  no build target found for C:\Users\alexm\OneDrive\Documentos\ProyectosGit\git-integrator-1\src\main\java\Integrador\Pasteleria\resource\PedidoResource.java. Using fallback presentation compiler.
2025.10.03 23:35:21 INFO  no build target found for C:\Users\alexm\OneDrive\Documentos\ProyectosGit\git-integrator-1\src\main\java\Integrador\Pasteleria\resource\PedidoResource.java. Using fallback presentation compiler.
2025.10.03 23:35:24 INFO  no build target found for C:\Users\alexm\OneDrive\Documentos\ProyectosGit\git-integrator-1\src\main\java\Integrador\Pasteleria\resource\PedidoResource.java. Using fallback presentation compiler.
2025.10.03 23:35:24 INFO  no build target found for C:\Users\alexm\OneDrive\Documentos\ProyectosGit\git-integrator-1\src\main\java\Integrador\Pasteleria\resource\PedidoResource.java. Using fallback presentation compiler.
2025.10.03 23:35:29 WARN  no build target for: C:\Users\alexm\OneDrive\Documentos\ProyectosGit\git-integrator-1\src\main\java\Integrador\Pasteleria\resource\PedidoResource.java
2025.10.03 23:35:29 INFO  no build target found for C:\Users\alexm\OneDrive\Documentos\ProyectosGit\git-integrator-1\src\main\java\Integrador\Pasteleria\resource\PedidoResource.java. Using fallback presentation compiler.
2025.10.03 23:35:30 WARN  no build target for: C:\Users\alexm\OneDrive\Documentos\ProyectosGit\git-integrator-1\src\main\java\Integrador\Pasteleria\resource\PedidoResource.java
2025.10.03 23:35:30 INFO  no build target found for C:\Users\alexm\OneDrive\Documentos\ProyectosGit\git-integrator-1\src\main\java\Integrador\Pasteleria\resource\PedidoResource.java. Using fallback presentation compiler.
2025.10.03 23:35:29 WARN  no build target for: C:\Users\alexm\OneDrive\Documentos\ProyectosGit\git-integrator-1\src\main\java\Integrador\Pasteleria\resource\PedidoResource.java
2025.10.03 23:35:30 INFO  no build target found for C:\Users\alexm\OneDrive\Documentos\ProyectosGit\git-integrator-1\src\main\java\Integrador\Pasteleria\resource\PedidoResource.java. Using fallback presentation compiler.
2025.10.03 23:35:35 INFO  no build target found for C:\Users\alexm\OneDrive\Documentos\ProyectosGit\git-integrator-1\src\main\java\Integrador\Pasteleria\resource\PedidoResource.java. Using fallback presentation compiler.
2025.10.03 23:35:35 INFO  no build target found for C:\Users\alexm\OneDrive\Documentos\ProyectosGit\git-integrator-1\src\main\java\Integrador\Pasteleria\resource\PedidoResource.java. Using fallback presentation compiler.
2025.10.03 23:35:36 INFO  no build target found for C:\Users\alexm\OneDrive\Documentos\ProyectosGit\git-integrator-1\src\main\java\Integrador\Pasteleria\resource\PedidoResource.java. Using fallback presentation compiler.
2025.10.03 23:35:36 INFO  no build target found for C:\Users\alexm\OneDrive\Documentos\ProyectosGit\git-integrator-1\src\main\java\Integrador\Pasteleria\resource\PedidoResource.java. Using fallback presentation compiler.
2025.10.03 23:35:41 INFO  no build target found for C:\Users\alexm\OneDrive\Documentos\ProyectosGit\git-integrator-1\src\main\java\Integrador\Pasteleria\resource\PedidoResource.java. Using fallback presentation compiler.
2025.10.03 23:35:41 INFO  no build target found for C:\Users\alexm\OneDrive\Documentos\ProyectosGit\git-integrator-1\src\main\java\Integrador\Pasteleria\resource\PedidoResource.java. Using fallback presentation compiler.
2025.10.03 23:35:41 INFO  no build target found for C:\Users\alexm\OneDrive\Documentos\ProyectosGit\git-integrator-1\src\main\java\Integrador\Pasteleria\resource\PedidoResource.java. Using fallback presentation compiler.
2025.10.03 23:35:43 INFO  no build target found for C:\Users\alexm\OneDrive\Documentos\ProyectosGit\git-integrator-1\src\main\java\Integrador\Pasteleria\resource\PedidoResource.java. Using fallback presentation compiler.
2025.10.03 23:35:43 INFO  no build target found for C:\Users\alexm\OneDrive\Documentos\ProyectosGit\git-integrator-1\src\main\java\Integrador\Pasteleria\resource\PedidoResource.java. Using fallback presentation compiler.
2025.10.03 23:35:44 INFO  no build target found for C:\Users\alexm\OneDrive\Documentos\ProyectosGit\git-integrator-1\src\main\java\Integrador\Pasteleria\resource\PedidoResource.java. Using fallback presentation compiler.
2025.10.03 23:35:46 INFO  no build target found for C:\Users\alexm\OneDrive\Documentos\ProyectosGit\git-integrator-1\src\main\java\Integrador\Pasteleria\resource\PedidoResource.java. Using fallback presentation compiler.
2025.10.03 23:35:46 INFO  no build target found for C:\Users\alexm\OneDrive\Documentos\ProyectosGit\git-integrator-1\src\main\java\Integrador\Pasteleria\resource\PedidoResource.java. Using fallback presentation compiler.
2025.10.03 23:35:46 INFO  no build target found for C:\Users\alexm\OneDrive\Documentos\ProyectosGit\git-integrator-1\src\main\java\Integrador\Pasteleria\resource\PedidoResource.java. Using fallback presentation compiler.
2025.10.03 23:35:46 INFO  no build target found for C:\Users\alexm\OneDrive\Documentos\ProyectosGit\git-integrator-1\src\main\java\Integrador\Pasteleria\resource\PedidoResource.java. Using fallback presentation compiler.
2025.10.03 23:35:46 INFO  no build target found for C:\Users\alexm\OneDrive\Documentos\ProyectosGit\git-integrator-1\src\main\java\Integrador\Pasteleria\resource\PedidoResource.java. Using fallback presentation compiler.
2025.10.03 23:35:46 INFO  no build target found for C:\Users\alexm\OneDrive\Documentos\ProyectosGit\git-integrator-1\src\main\java\Integrador\Pasteleria\resource\PedidoResource.java. Using fallback presentation compiler.
2025.10.03 23:35:46 INFO  no build target found for C:\Users\alexm\OneDrive\Documentos\ProyectosGit\git-integrator-1\src\main\java\Integrador\Pasteleria\resource\PedidoResource.java. Using fallback presentation compiler.
2025.10.03 23:35:47 INFO  no build target found for C:\Users\alexm\OneDrive\Documentos\ProyectosGit\git-integrator-1\src\main\java\Integrador\Pasteleria\resource\PedidoResource.java. Using fallback presentation compiler.
2025.10.03 23:35:47 INFO  no build target found for C:\Users\alexm\OneDrive\Documentos\ProyectosGit\git-integrator-1\src\main\java\Integrador\Pasteleria\resource\PedidoResource.java. Using fallback presentation compiler.
2025.10.03 23:35:47 INFO  no build target found for C:\Users\alexm\OneDrive\Documentos\ProyectosGit\git-integrator-1\src\main\java\Integrador\Pasteleria\resource\PedidoResource.java. Using fallback presentation compiler.
2025.10.03 23:35:47 INFO  no build target found for C:\Users\alexm\OneDrive\Documentos\ProyectosGit\git-integrator-1\src\main\java\Integrador\Pasteleria\resource\PedidoResource.java. Using fallback presentation compiler.
2025.10.03 23:35:47 INFO  no build target found for C:\Users\alexm\OneDrive\Documentos\ProyectosGit\git-integrator-1\src\main\java\Integrador\Pasteleria\resource\PedidoResource.java. Using fallback presentation compiler.
2025.10.03 23:35:49 INFO  no build target found for C:\Users\alexm\OneDrive\Documentos\ProyectosGit\git-integrator-1\src\main\java\Integrador\Pasteleria\resource\PedidoResource.java. Using fallback presentation compiler.
2025.10.03 23:35:49 INFO  no build target found for C:\Users\alexm\OneDrive\Documentos\ProyectosGit\git-integrator-1\src\main\java\Integrador\Pasteleria\resource\PedidoResource.java. Using fallback presentation compiler.
2025.10.03 23:35:49 INFO  no build target found for C:\Users\alexm\OneDrive\Documentos\ProyectosGit\git-integrator-1\src\main\java\Integrador\Pasteleria\resource\PedidoResource.java. Using fallback presentation compiler.
2025.10.03 23:35:49 INFO  no build target found for C:\Users\alexm\OneDrive\Documentos\ProyectosGit\git-integrator-1\src\main\java\Integrador\Pasteleria\resource\PedidoResource.java. Using fallback presentation compiler.
2025.10.03 23:35:49 INFO  no build target found for C:\Users\alexm\OneDrive\Documentos\ProyectosGit\git-integrator-1\src\main\java\Integrador\Pasteleria\resource\PedidoResource.java. Using fallback presentation compiler.
2025.10.03 23:35:55 INFO  no build target found for C:\Users\alexm\OneDrive\Documentos\ProyectosGit\git-integrator-1\src\main\java\Integrador\Pasteleria\resource\PedidoResource.java. Using fallback presentation compiler.
2025.10.03 23:35:56 INFO  no build target found for C:\Users\alexm\OneDrive\Documentos\ProyectosGit\git-integrator-1\src\main\java\Integrador\Pasteleria\resource\PedidoResource.java. Using fallback presentation compiler.
2025.10.03 23:35:56 INFO  no build target found for C:\Users\alexm\OneDrive\Documentos\ProyectosGit\git-integrator-1\src\main\java\Integrador\Pasteleria\resource\PedidoResource.java. Using fallback presentation compiler.
2025.10.03 23:35:56 INFO  no build target found for C:\Users\alexm\OneDrive\Documentos\ProyectosGit\git-integrator-1\src\main\java\Integrador\Pasteleria\resource\PedidoResource.java. Using fallback presentation compiler.
2025.10.03 23:35:56 INFO  no build target found for C:\Users\alexm\OneDrive\Documentos\ProyectosGit\git-integrator-1\src\main\java\Integrador\Pasteleria\resource\PedidoResource.java. Using fallback presentation compiler.
2025.10.03 23:35:56 INFO  no build target found for C:\Users\alexm\OneDrive\Documentos\ProyectosGit\git-integrator-1\src\main\java\Integrador\Pasteleria\resource\PedidoResource.java. Using fallback presentation compiler.
2025.10.03 23:35:56 INFO  no build target found for C:\Users\alexm\OneDrive\Documentos\ProyectosGit\git-integrator-1\src\main\java\Integrador\Pasteleria\resource\PedidoResource.java. Using fallback presentation compiler.
oct 03, 2025 11:35:57 P. M. org.eclipse.lsp4j.jsonrpc.RemoteEndpoint handleCancellation
WARNING: Unmatched cancel notification for request id 2821
2025.10.03 23:35:56 INFO  no build target found for C:\Users\alexm\OneDrive\Documentos\ProyectosGit\git-integrator-1\src\main\java\Integrador\Pasteleria\resource\PedidoResource.java. Using fallback presentation compiler.
2025.10.03 23:35:56 INFO  no build target found for C:\Users\alexm\OneDrive\Documentos\ProyectosGit\git-integrator-1\src\main\java\Integrador\Pasteleria\resource\PedidoResource.java. Using fallback presentation compiler.
2025.10.03 23:35:56 INFO  no build target found for C:\Users\alexm\OneDrive\Documentos\ProyectosGit\git-integrator-1\src\main\java\Integrador\Pasteleria\resource\PedidoResource.java. Using fallback presentation compiler.
2025.10.03 23:35:57 INFO  no build target found for C:\Users\alexm\OneDrive\Documentos\ProyectosGit\git-integrator-1\src\main\java\Integrador\Pasteleria\resource\PedidoResource.java. Using fallback presentation compiler.
2025.10.03 23:35:56 INFO  no build target found for C:\Users\alexm\OneDrive\Documentos\ProyectosGit\git-integrator-1\src\main\java\Integrador\Pasteleria\resource\PedidoResource.java. Using fallback presentation compiler.
2025.10.03 23:35:57 INFO  no build target found for C:\Users\alexm\OneDrive\Documentos\ProyectosGit\git-integrator-1\src\main\java\Integrador\Pasteleria\resource\PedidoResource.java. Using fallback presentation compiler.
2025.10.03 23:35:57 INFO  no build target found for C:\Users\alexm\OneDrive\Documentos\ProyectosGit\git-integrator-1\src\main\java\Integrador\Pasteleria\resource\PedidoResource.java. Using fallback presentation compiler.
2025.10.03 23:35:57 INFO  no build target found for C:\Users\alexm\OneDrive\Documentos\ProyectosGit\git-integrator-1\src\main\java\Integrador\Pasteleria\resource\PedidoResource.java. Using fallback presentation compiler.
2025.10.03 23:35:57 INFO  no build target found for C:\Users\alexm\OneDrive\Documentos\ProyectosGit\git-integrator-1\src\main\java\Integrador\Pasteleria\resource\PedidoResource.java. Using fallback presentation compiler.
2025.10.03 23:35:57 INFO  no build target found for C:\Users\alexm\OneDrive\Documentos\ProyectosGit\git-integrator-1\src\main\java\Integrador\Pasteleria\resource\PedidoResource.java. Using fallback presentation compiler.
2025.10.03 23:35:58 INFO  no build target found for C:\Users\alexm\OneDrive\Documentos\ProyectosGit\git-integrator-1\src\main\java\Integrador\Pasteleria\resource\PedidoResource.java. Using fallback presentation compiler.
2025.10.03 23:35:58 INFO  no build target found for C:\Users\alexm\OneDrive\Documentos\ProyectosGit\git-integrator-1\src\main\java\Integrador\Pasteleria\resource\PedidoResource.java. Using fallback presentation compiler.
2025.10.03 23:36:01 INFO  no build target found for C:\Users\alexm\OneDrive\Documentos\ProyectosGit\git-integrator-1\src\main\java\Integrador\Pasteleria\resource\PedidoResource.java. Using fallback presentation compiler.
2025.10.03 23:36:01 INFO  no build target found for C:\Users\alexm\OneDrive\Documentos\ProyectosGit\git-integrator-1\src\main\java\Integrador\Pasteleria\resource\PedidoResource.java. Using fallback presentation compiler.
2025.10.03 23:36:01 INFO  no build target found for C:\Users\alexm\OneDrive\Documentos\ProyectosGit\git-integrator-1\src\main\java\Integrador\Pasteleria\resource\PedidoResource.java. Using fallback presentation compiler.
2025.10.03 23:36:01 INFO  no build target found for C:\Users\alexm\OneDrive\Documentos\ProyectosGit\git-integrator-1\src\main\java\Integrador\Pasteleria\resource\PedidoResource.java. Using fallback presentation compiler.
2025.10.03 23:36:02 INFO  no build target found for C:\Users\alexm\OneDrive\Documentos\ProyectosGit\git-integrator-1\src\main\java\Integrador\Pasteleria\resource\PedidoResource.java. Using fallback presentation compiler.
2025.10.03 23:36:07 INFO  no build target found for C:\Users\alexm\OneDrive\Documentos\ProyectosGit\git-integrator-1\src\main\java\Integrador\Pasteleria\service\PedidoService.java. Using fallback presentation compiler.
2025.10.03 23:36:07 WARN  no build target for: C:\Users\alexm\OneDrive\Documentos\ProyectosGit\git-integrator-1\src\main\java\Integrador\Pasteleria\service\PedidoService.java
2025.10.03 23:36:07 INFO  no build target found for C:\Users\alexm\OneDrive\Documentos\ProyectosGit\git-integrator-1\src\main\java\Integrador\Pasteleria\service\PedidoService.java. Using fallback presentation compiler.
2025.10.03 23:36:07 INFO  no build target found for C:\Users\alexm\OneDrive\Documentos\ProyectosGit\git-integrator-1\src\main\java\Integrador\Pasteleria\service\PedidoService.java. Using fallback presentation compiler.
2025.10.03 23:36:07 INFO  no build target found for C:\Users\alexm\OneDrive\Documentos\ProyectosGit\git-integrator-1\src\main\java\Integrador\Pasteleria\service\PedidoService.java. Using fallback presentation compiler.
2025.10.03 23:36:07 INFO  no build target found for C:\Users\alexm\OneDrive\Documentos\ProyectosGit\git-integrator-1\src\main\java\Integrador\Pasteleria\service\PedidoService.java. Using fallback presentation compiler.
2025.10.03 23:36:10 INFO  no build target found for C:\Users\alexm\OneDrive\Documentos\ProyectosGit\git-integrator-1\src\main\java\Integrador\Pasteleria\service\PedidoService.java. Using fallback presentation compiler.
2025.10.03 23:36:10 INFO  no build target found for C:\Users\alexm\OneDrive\Documentos\ProyectosGit\git-integrator-1\src\main\java\Integrador\Pasteleria\service\PedidoService.java. Using fallback presentation compiler.
2025.10.03 23:36:11 INFO  no build target found for C:\Users\alexm\OneDrive\Documentos\ProyectosGit\git-integrator-1\src\main\java\Integrador\Pasteleria\service\PedidoService.java. Using fallback presentation compiler.
2025.10.03 23:36:14 INFO  no build target found for C:\Users\alexm\OneDrive\Documentos\ProyectosGit\git-integrator-1\src\main\java\Integrador\Pasteleria\resource\PedidoResource.java. Using fallback presentation compiler.
2025.10.03 23:36:14 WARN  no build target for: C:\Users\alexm\OneDrive\Documentos\ProyectosGit\git-integrator-1\src\main\java\Integrador\Pasteleria\resource\PedidoResource.java
2025.10.03 23:36:14 INFO  no build target found for C:\Users\alexm\OneDrive\Documentos\ProyectosGit\git-integrator-1\src\main\java\Integrador\Pasteleria\resource\PedidoResource.java. Using fallback presentation compiler.
2025.10.03 23:36:14 INFO  no build target found for C:\Users\alexm\OneDrive\Documentos\ProyectosGit\git-integrator-1\src\main\java\Integrador\Pasteleria\resource\PedidoResource.java. Using fallback presentation compiler.
2025.10.03 23:36:14 INFO  no build target found for C:\Users\alexm\OneDrive\Documentos\ProyectosGit\git-integrator-1\src\main\java\Integrador\Pasteleria\resource\PedidoResource.java. Using fallback presentation compiler.
2025.10.03 23:36:18 INFO  no build target found for C:\Users\alexm\OneDrive\Documentos\ProyectosGit\git-integrator-1\src\main\java\Integrador\Pasteleria\resource\PedidoResource.java. Using fallback presentation compiler.
2025.10.03 23:36:18 INFO  no build target found for C:\Users\alexm\OneDrive\Documentos\ProyectosGit\git-integrator-1\src\main\java\Integrador\Pasteleria\resource\PedidoResource.java. Using fallback presentation compiler.
2025.10.03 23:36:19 INFO  no build target found for C:\Users\alexm\OneDrive\Documentos\ProyectosGit\git-integrator-1\src\main\java\Integrador\Pasteleria\resource\PedidoResource.java. Using fallback presentation compiler.
2025.10.03 23:36:19 INFO  no build target found for C:\Users\alexm\OneDrive\Documentos\ProyectosGit\git-integrator-1\src\main\java\Integrador\Pasteleria\resource\PedidoResource.java. Using fallback presentation compiler.
2025.10.03 23:36:19 INFO  no build target found for C:\Users\alexm\OneDrive\Documentos\ProyectosGit\git-integrator-1\src\main\java\Integrador\Pasteleria\resource\PedidoResource.java. Using fallback presentation compiler.
2025.10.03 23:36:19 INFO  no build target found for C:\Users\alexm\OneDrive\Documentos\ProyectosGit\git-integrator-1\src\main\java\Integrador\Pasteleria\resource\PedidoResource.java. Using fallback presentation compiler.
2025.10.03 23:36:21 INFO  no build target found for C:\Users\alexm\OneDrive\Documentos\ProyectosGit\git-integrator-1\src\main\java\Integrador\Pasteleria\resource\PedidoResource.java. Using fallback presentation compiler.
2025.10.03 23:36:21 INFO  no build target found for C:\Users\alexm\OneDrive\Documentos\ProyectosGit\git-integrator-1\src\main\java\Integrador\Pasteleria\resource\PedidoResource.java. Using fallback presentation compiler.
2025.10.03 23:36:21 INFO  no build target found for C:\Users\alexm\OneDrive\Documentos\ProyectosGit\git-integrator-1\src\main\java\Integrador\Pasteleria\resource\PedidoResource.java. Using fallback presentation compiler.
2025.10.03 23:36:21 INFO  no build target found for C:\Users\alexm\OneDrive\Documentos\ProyectosGit\git-integrator-1\src\main\java\Integrador\Pasteleria\resource\PedidoResource.java. Using fallback presentation compiler.
2025.10.03 23:36:22 INFO  no build target found for C:\Users\alexm\OneDrive\Documentos\ProyectosGit\git-integrator-1\src\main\java\Integrador\Pasteleria\resource\PedidoResource.java. Using fallback presentation compiler.
2025.10.03 23:36:22 INFO  no build target found for C:\Users\alexm\OneDrive\Documentos\ProyectosGit\git-integrator-1\src\main\java\Integrador\Pasteleria\resource\PedidoResource.java. Using fallback presentation compiler.
2025.10.03 23:36:22 INFO  no build target found for C:\Users\alexm\OneDrive\Documentos\ProyectosGit\git-integrator-1\src\main\java\Integrador\Pasteleria\resource\PedidoResource.java. Using fallback presentation compiler.
2025.10.03 23:36:22 INFO  no build target found for C:\Users\alexm\OneDrive\Documentos\ProyectosGit\git-integrator-1\src\main\java\Integrador\Pasteleria\resource\PedidoResource.java. Using fallback presentation compiler.
2025.10.03 23:36:22 INFO  no build target found for C:\Users\alexm\OneDrive\Documentos\ProyectosGit\git-integrator-1\src\main\java\Integrador\Pasteleria\resource\PedidoResource.java. Using fallback presentation compiler.
2025.10.03 23:36:22 INFO  no build target found for C:\Users\alexm\OneDrive\Documentos\ProyectosGit\git-integrator-1\src\main\java\Integrador\Pasteleria\resource\PedidoResource.java. Using fallback presentation compiler.
2025.10.03 23:36:23 INFO  no build target found for C:\Users\alexm\OneDrive\Documentos\ProyectosGit\git-integrator-1\src\main\java\Integrador\Pasteleria\resource\PedidoResource.java. Using fallback presentation compiler.
2025.10.03 23:36:23 INFO  no build target found for C:\Users\alexm\OneDrive\Documentos\ProyectosGit\git-integrator-1\src\main\java\Integrador\Pasteleria\resource\PedidoResource.java. Using fallback presentation compiler.
2025.10.03 23:36:23 INFO  no build target found for C:\Users\alexm\OneDrive\Documentos\ProyectosGit\git-integrator-1\src\main\java\Integrador\Pasteleria\resource\PedidoResource.java. Using fallback presentation compiler.
2025.10.03 23:36:25 INFO  no build target found for C:\Users\alexm\OneDrive\Documentos\ProyectosGit\git-integrator-1\src\main\java\Integrador\Pasteleria\resource\PedidoResource.java. Using fallback presentation compiler.
2025.10.03 23:36:25 INFO  no build target found for C:\Users\alexm\OneDrive\Documentos\ProyectosGit\git-integrator-1\src\main\java\Integrador\Pasteleria\resource\PedidoResource.java. Using fallback presentation compiler.
2025.10.03 23:36:25 INFO  no build target found for C:\Users\alexm\OneDrive\Documentos\ProyectosGit\git-integrator-1\src\main\java\Integrador\Pasteleria\resource\PedidoResource.java. Using fallback presentation compiler.
2025.10.03 23:36:26 INFO  no build target found for C:\Users\alexm\OneDrive\Documentos\ProyectosGit\git-integrator-1\src\main\java\Integrador\Pasteleria\resource\PedidoResource.java. Using fallback presentation compiler.
2025.10.03 23:36:25 INFO  no build target found for C:\Users\alexm\OneDrive\Documentos\ProyectosGit\git-integrator-1\src\main\java\Integrador\Pasteleria\resource\PedidoResource.java. Using fallback presentation compiler.
2025.10.03 23:36:27 INFO  no build target found for C:\Users\alexm\OneDrive\Documentos\ProyectosGit\git-integrator-1\src\main\java\Integrador\Pasteleria\resource\PedidoResource.java. Using fallback presentation compiler.
2025.10.03 23:36:27 INFO  no build target found for C:\Users\alexm\OneDrive\Documentos\ProyectosGit\git-integrator-1\src\main\java\Integrador\Pasteleria\resource\PedidoResource.java. Using fallback presentation compiler.
2025.10.03 23:36:27 INFO  no build target found for C:\Users\alexm\OneDrive\Documentos\ProyectosGit\git-integrator-1\src\main\java\Integrador\Pasteleria\resource\PedidoResource.java. Using fallback presentation compiler.
2025.10.03 23:36:27 INFO  no build target found for C:\Users\alexm\OneDrive\Documentos\ProyectosGit\git-integrator-1\src\main\java\Integrador\Pasteleria\resource\PedidoResource.java. Using fallback presentation compiler.
2025.10.03 23:36:30 WARN  no build target for: C:\Users\alexm\OneDrive\Documentos\ProyectosGit\git-integrator-1\src\main\java\Integrador\Pasteleria\resource\PedidoResource.java
2025.10.03 23:36:30 INFO  no build target found for C:\Users\alexm\OneDrive\Documentos\ProyectosGit\git-integrator-1\src\main\java\Integrador\Pasteleria\resource\PedidoResource.java. Using fallback presentation compiler.
2025.10.03 23:36:31 INFO  no build target found for C:\Users\alexm\OneDrive\Documentos\ProyectosGit\git-integrator-1\src\main\java\Integrador\Pasteleria\resource\PedidoResource.java. Using fallback presentation compiler.
2025.10.03 23:36:38 INFO  no build target found for C:\Users\alexm\OneDrive\Documentos\ProyectosGit\git-integrator-1\src\main\java\Integrador\Pasteleria\service\PedidoService.java. Using fallback presentation compiler.
2025.10.03 23:36:38 WARN  no build target for: C:\Users\alexm\OneDrive\Documentos\ProyectosGit\git-integrator-1\src\main\java\Integrador\Pasteleria\service\PedidoService.java
2025.10.03 23:36:38 INFO  no build target found for C:\Users\alexm\OneDrive\Documentos\ProyectosGit\git-integrator-1\src\main\java\Integrador\Pasteleria\service\PedidoService.java. Using fallback presentation compiler.
2025.10.03 23:36:38 INFO  no build target found for C:\Users\alexm\OneDrive\Documentos\ProyectosGit\git-integrator-1\src\main\java\Integrador\Pasteleria\service\PedidoService.java. Using fallback presentation compiler.
2025.10.03 23:36:38 INFO  no build target found for C:\Users\alexm\OneDrive\Documentos\ProyectosGit\git-integrator-1\src\main\java\Integrador\Pasteleria\service\PedidoService.java. Using fallback presentation compiler.
2025.10.03 23:36:45 INFO  no build target found for C:\Users\alexm\OneDrive\Documentos\ProyectosGit\git-integrator-1\src\main\java\Integrador\Pasteleria\resource\PedidoResource.java. Using fallback presentation compiler.
2025.10.03 23:36:45 WARN  no build target for: C:\Users\alexm\OneDrive\Documentos\ProyectosGit\git-integrator-1\src\main\java\Integrador\Pasteleria\resource\PedidoResource.java
2025.10.03 23:36:45 INFO  no build target found for C:\Users\alexm\OneDrive\Documentos\ProyectosGit\git-integrator-1\src\main\java\Integrador\Pasteleria\resource\PedidoResource.java. Using fallback presentation compiler.
2025.10.03 23:36:46 INFO  no build target found for C:\Users\alexm\OneDrive\Documentos\ProyectosGit\git-integrator-1\src\main\java\Integrador\Pasteleria\resource\PedidoResource.java. Using fallback presentation compiler.
2025.10.03 23:36:48 INFO  no build target found for C:\Users\alexm\OneDrive\Documentos\ProyectosGit\git-integrator-1\src\main\java\Integrador\Pasteleria\resource\PedidoResource.java. Using fallback presentation compiler.
2025.10.03 23:36:48 INFO  no build target found for C:\Users\alexm\OneDrive\Documentos\ProyectosGit\git-integrator-1\src\main\java\Integrador\Pasteleria\resource\PedidoResource.java. Using fallback presentation compiler.
2025.10.03 23:36:48 INFO  no build target found for C:\Users\alexm\OneDrive\Documentos\ProyectosGit\git-integrator-1\src\main\java\Integrador\Pasteleria\resource\PedidoResource.java. Using fallback presentation compiler.
2025.10.03 23:36:49 INFO  no build target found for C:\Users\alexm\OneDrive\Documentos\ProyectosGit\git-integrator-1\src\main\java\Integrador\Pasteleria\resource\PedidoResource.java. Using fallback presentation compiler.
2025.10.03 23:36:49 INFO  no build target found for C:\Users\alexm\OneDrive\Documentos\ProyectosGit\git-integrator-1\src\main\java\Integrador\Pasteleria\resource\PedidoResource.java. Using fallback presentation compiler.
2025.10.03 23:36:49 INFO  no build target found for C:\Users\alexm\OneDrive\Documentos\ProyectosGit\git-integrator-1\src\main\java\Integrador\Pasteleria\resource\PedidoResource.java. Using fallback presentation compiler.
2025.10.03 23:36:49 INFO  no build target found for C:\Users\alexm\OneDrive\Documentos\ProyectosGit\git-integrator-1\src\main\java\Integrador\Pasteleria\resource\PedidoResource.java. Using fallback presentation compiler.
2025.10.03 23:36:50 INFO  no build target found for C:\Users\alexm\OneDrive\Documentos\ProyectosGit\git-integrator-1\src\main\java\Integrador\Pasteleria\resource\PedidoResource.java. Using fallback presentation compiler.
2025.10.03 23:36:50 INFO  no build target found for C:\Users\alexm\OneDrive\Documentos\ProyectosGit\git-integrator-1\src\main\java\Integrador\Pasteleria\resource\PedidoResource.java. Using fallback presentation compiler.
2025.10.03 23:36:50 INFO  no build target found for C:\Users\alexm\OneDrive\Documentos\ProyectosGit\git-integrator-1\src\main\java\Integrador\Pasteleria\resource\PedidoResource.java. Using fallback presentation compiler.
2025.10.03 23:36:51 INFO  no build target found for C:\Users\alexm\OneDrive\Documentos\ProyectosGit\git-integrator-1\src\main\java\Integrador\Pasteleria\resource\PedidoResource.java. Using fallback presentation compiler.
2025.10.03 23:36:51 INFO  no build target found for C:\Users\alexm\OneDrive\Documentos\ProyectosGit\git-integrator-1\src\main\java\Integrador\Pasteleria\resource\PedidoResource.java. Using fallback presentation compiler.
2025.10.03 23:36:52 INFO  no build target found for C:\Users\alexm\OneDrive\Documentos\ProyectosGit\git-integrator-1\src\main\java\Integrador\Pasteleria\resource\PedidoResource.java. Using fallback presentation compiler.
2025.10.03 23:36:51 INFO  no build target found for C:\Users\alexm\OneDrive\Documentos\ProyectosGit\git-integrator-1\src\main\java\Integrador\Pasteleria\resource\PedidoResource.java. Using fallback presentation compiler.
2025.10.03 23:36:51 INFO  no build target found for C:\Users\alexm\OneDrive\Documentos\ProyectosGit\git-integrator-1\src\main\java\Integrador\Pasteleria\resource\PedidoResource.java. Using fallback presentation compiler.
2025.10.03 23:36:51 INFO  no build target found for C:\Users\alexm\OneDrive\Documentos\ProyectosGit\git-integrator-1\src\main\java\Integrador\Pasteleria\resource\PedidoResource.java. Using fallback presentation compiler.
2025.10.03 23:36:52 INFO  no build target found for C:\Users\alexm\OneDrive\Documentos\ProyectosGit\git-integrator-1\src\main\java\Integrador\Pasteleria\resource\PedidoResource.java. Using fallback presentation compiler.
2025.10.03 23:36:51 INFO  no build target found for C:\Users\alexm\OneDrive\Documentos\ProyectosGit\git-integrator-1\src\main\java\Integrador\Pasteleria\resource\PedidoResource.java. Using fallback presentation compiler.
2025.10.03 23:36:53 INFO  no build target found for C:\Users\alexm\OneDrive\Documentos\ProyectosGit\git-integrator-1\src\main\java\Integrador\Pasteleria\resource\PedidoResource.java. Using fallback presentation compiler.
2025.10.03 23:36:53 INFO  no build target found for C:\Users\alexm\OneDrive\Documentos\ProyectosGit\git-integrator-1\src\main\java\Integrador\Pasteleria\resource\PedidoResource.java. Using fallback presentation compiler.
2025.10.03 23:36:53 INFO  no build target found for C:\Users\alexm\OneDrive\Documentos\ProyectosGit\git-integrator-1\src\main\java\Integrador\Pasteleria\resource\PedidoResource.java. Using fallback presentation compiler.
2025.10.03 23:36:53 INFO  no build target found for C:\Users\alexm\OneDrive\Documentos\ProyectosGit\git-integrator-1\src\main\java\Integrador\Pasteleria\resource\PedidoResource.java. Using fallback presentation compiler.
2025.10.03 23:36:53 INFO  no build target found for C:\Users\alexm\OneDrive\Documentos\ProyectosGit\git-integrator-1\src\main\java\Integrador\Pasteleria\resource\PedidoResource.java. Using fallback presentation compiler.
2025.10.03 23:36:53 INFO  no build target found for C:\Users\alexm\OneDrive\Documentos\ProyectosGit\git-integrator-1\src\main\java\Integrador\Pasteleria\resource\PedidoResource.java. Using fallback presentation compiler.
2025.10.03 23:36:53 INFO  no build target found for C:\Users\alexm\OneDrive\Documentos\ProyectosGit\git-integrator-1\src\main\java\Integrador\Pasteleria\resource\PedidoResource.java. Using fallback presentation compiler.
2025.10.03 23:36:54 INFO  no build target found for C:\Users\alexm\OneDrive\Documentos\ProyectosGit\git-integrator-1\src\main\java\Integrador\Pasteleria\resource\PedidoResource.java. Using fallback presentation compiler.
2025.10.03 23:36:54 INFO  no build target found for C:\Users\alexm\OneDrive\Documentos\ProyectosGit\git-integrator-1\src\main\java\Integrador\Pasteleria\resource\PedidoResource.java. Using fallback presentation compiler.
2025.10.03 23:36:55 INFO  no build target found for C:\Users\alexm\OneDrive\Documentos\ProyectosGit\git-integrator-1\src\main\java\Integrador\Pasteleria\resource\PedidoResource.java. Using fallback presentation compiler.
2025.10.03 23:36:55 INFO  no build target found for C:\Users\alexm\OneDrive\Documentos\ProyectosGit\git-integrator-1\src\main\java\Integrador\Pasteleria\resource\PedidoResource.java. Using fallback presentation compiler.
2025.10.03 23:36:55 INFO  no build target found for C:\Users\alexm\OneDrive\Documentos\ProyectosGit\git-integrator-1\src\main\java\Integrador\Pasteleria\resource\PedidoResource.java. Using fallback presentation compiler.
2025.10.03 23:36:56 INFO  no build target found for C:\Users\alexm\OneDrive\Documentos\ProyectosGit\git-integrator-1\src\main\java\Integrador\Pasteleria\resource\PedidoResource.java. Using fallback presentation compiler.
2025.10.03 23:36:56 INFO  no build target found for C:\Users\alexm\OneDrive\Documentos\ProyectosGit\git-integrator-1\src\main\java\Integrador\Pasteleria\resource\PedidoResource.java. Using fallback presentation compiler.
2025.10.03 23:36:56 INFO  no build target found for C:\Users\alexm\OneDrive\Documentos\ProyectosGit\git-integrator-1\src\main\java\Integrador\Pasteleria\resource\PedidoResource.java. Using fallback presentation compiler.
2025.10.03 23:36:56 INFO  no build target found for C:\Users\alexm\OneDrive\Documentos\ProyectosGit\git-integrator-1\src\main\java\Integrador\Pasteleria\resource\PedidoResource.java. Using fallback presentation compiler.
2025.10.03 23:36:58 INFO  no build target found for C:\Users\alexm\OneDrive\Documentos\ProyectosGit\git-integrator-1\src\main\java\Integrador\Pasteleria\resource\PedidoResource.java. Using fallback presentation compiler.
2025.10.03 23:36:58 INFO  no build target found for C:\Users\alexm\OneDrive\Documentos\ProyectosGit\git-integrator-1\src\main\java\Integrador\Pasteleria\resource\PedidoResource.java. Using fallback presentation compiler.
2025.10.03 23:36:58 INFO  no build target found for C:\Users\alexm\OneDrive\Documentos\ProyectosGit\git-integrator-1\src\main\java\Integrador\Pasteleria\resource\PedidoResource.java. Using fallback presentation compiler.
2025.10.03 23:36:58 INFO  no build target found for C:\Users\alexm\OneDrive\Documentos\ProyectosGit\git-integrator-1\src\main\java\Integrador\Pasteleria\resource\PedidoResource.java. Using fallback presentation compiler.
2025.10.03 23:36:58 INFO  no build target found for C:\Users\alexm\OneDrive\Documentos\ProyectosGit\git-integrator-1\src\main\java\Integrador\Pasteleria\resource\PedidoResource.java. Using fallback presentation compiler.
2025.10.03 23:36:58 INFO  no build target found for C:\Users\alexm\OneDrive\Documentos\ProyectosGit\git-integrator-1\src\main\java\Integrador\Pasteleria\resource\PedidoResource.java. Using fallback presentation compiler.
2025.10.03 23:36:59 INFO  no build target found for C:\Users\alexm\OneDrive\Documentos\ProyectosGit\git-integrator-1\src\main\java\Integrador\Pasteleria\resource\PedidoResource.java. Using fallback presentation compiler.
2025.10.03 23:36:59 INFO  no build target found for C:\Users\alexm\OneDrive\Documentos\ProyectosGit\git-integrator-1\src\main\java\Integrador\Pasteleria\resource\PedidoResource.java. Using fallback presentation compiler.
2025.10.03 23:36:59 INFO  no build target found for C:\Users\alexm\OneDrive\Documentos\ProyectosGit\git-integrator-1\src\main\java\Integrador\Pasteleria\resource\PedidoResource.java. Using fallback presentation compiler.
2025.10.03 23:36:59 INFO  no build target found for C:\Users\alexm\OneDrive\Documentos\ProyectosGit\git-integrator-1\src\main\java\Integrador\Pasteleria\resource\PedidoResource.java. Using fallback presentation compiler.
2025.10.03 23:36:59 INFO  no build target found for C:\Users\alexm\OneDrive\Documentos\ProyectosGit\git-integrator-1\src\main\java\Integrador\Pasteleria\resource\PedidoResource.java. Using fallback presentation compiler.
2025.10.03 23:36:59 INFO  no build target found for C:\Users\alexm\OneDrive\Documentos\ProyectosGit\git-integrator-1\src\main\java\Integrador\Pasteleria\resource\PedidoResource.java. Using fallback presentation compiler.
2025.10.03 23:37:00 INFO  no build target found for C:\Users\alexm\OneDrive\Documentos\ProyectosGit\git-integrator-1\src\main\java\Integrador\Pasteleria\resource\PedidoResource.java. Using fallback presentation compiler.
2025.10.03 23:37:00 INFO  no build target found for C:\Users\alexm\OneDrive\Documentos\ProyectosGit\git-integrator-1\src\main\java\Integrador\Pasteleria\resource\PedidoResource.java. Using fallback presentation compiler.
2025.10.03 23:37:01 INFO  no build target found for C:\Users\alexm\OneDrive\Documentos\ProyectosGit\git-integrator-1\src\main\java\Integrador\Pasteleria\resource\PedidoResource.java. Using fallback presentation compiler.
2025.10.03 23:37:01 INFO  no build target found for C:\Users\alexm\OneDrive\Documentos\ProyectosGit\git-integrator-1\src\main\java\Integrador\Pasteleria\resource\PedidoResource.java. Using fallback presentation compiler.
2025.10.03 23:37:02 INFO  no build target found for C:\Users\alexm\OneDrive\Documentos\ProyectosGit\git-integrator-1\src\main\java\Integrador\Pasteleria\resource\PedidoResource.java. Using fallback presentation compiler.
2025.10.03 23:37:01 INFO  no build target found for C:\Users\alexm\OneDrive\Documentos\ProyectosGit\git-integrator-1\src\main\java\Integrador\Pasteleria\resource\PedidoResource.java. Using fallback presentation compiler.
2025.10.03 23:37:01 INFO  no build target found for C:\Users\alexm\OneDrive\Documentos\ProyectosGit\git-integrator-1\src\main\java\Integrador\Pasteleria\resource\PedidoResource.java. Using fallback presentation compiler.
2025.10.03 23:37:02 INFO  no build target found for C:\Users\alexm\OneDrive\Documentos\ProyectosGit\git-integrator-1\src\main\java\Integrador\Pasteleria\resource\PedidoResource.java. Using fallback presentation compiler.
2025.10.03 23:37:03 INFO  no build target found for C:\Users\alexm\OneDrive\Documentos\ProyectosGit\git-integrator-1\src\main\java\Integrador\Pasteleria\resource\PedidoResource.java. Using fallback presentation compiler.
2025.10.03 23:37:02 INFO  no build target found for C:\Users\alexm\OneDrive\Documentos\ProyectosGit\git-integrator-1\src\main\java\Integrador\Pasteleria\resource\PedidoResource.java. Using fallback presentation compiler.
2025.10.03 23:37:02 INFO  no build target found for C:\Users\alexm\OneDrive\Documentos\ProyectosGit\git-integrator-1\src\main\java\Integrador\Pasteleria\resource\PedidoResource.java. Using fallback presentation compiler.
2025.10.03 23:37:02 INFO  no build target found for C:\Users\alexm\OneDrive\Documentos\ProyectosGit\git-integrator-1\src\main\java\Integrador\Pasteleria\resource\PedidoResource.java. Using fallback presentation compiler.
2025.10.03 23:37:03 INFO  no build target found for C:\Users\alexm\OneDrive\Documentos\ProyectosGit\git-integrator-1\src\main\java\Integrador\Pasteleria\resource\PedidoResource.java. Using fallback presentation compiler.
2025.10.03 23:37:04 INFO  no build target found for C:\Users\alexm\OneDrive\Documentos\ProyectosGit\git-integrator-1\src\main\java\Integrador\Pasteleria\resource\PedidoResource.java. Using fallback presentation compiler.
2025.10.03 23:37:04 INFO  no build target found for C:\Users\alexm\OneDrive\Documentos\ProyectosGit\git-integrator-1\src\main\java\Integrador\Pasteleria\resource\PedidoResource.java. Using fallback presentation compiler.
2025.10.03 23:37:05 INFO  no build target found for C:\Users\alexm\OneDrive\Documentos\ProyectosGit\git-integrator-1\src\main\java\Integrador\Pasteleria\resource\PedidoResource.java. Using fallback presentation compiler.
2025.10.03 23:37:05 INFO  no build target found for C:\Users\alexm\OneDrive\Documentos\ProyectosGit\git-integrator-1\src\main\java\Integrador\Pasteleria\resource\PedidoResource.java. Using fallback presentation compiler.
2025.10.03 23:37:05 INFO  no build target found for C:\Users\alexm\OneDrive\Documentos\ProyectosGit\git-integrator-1\src\main\java\Integrador\Pasteleria\resource\PedidoResource.java. Using fallback presentation compiler.
2025.10.03 23:37:05 INFO  no build target found for C:\Users\alexm\OneDrive\Documentos\ProyectosGit\git-integrator-1\src\main\java\Integrador\Pasteleria\resource\PedidoResource.java. Using fallback presentation compiler.
2025.10.03 23:37:05 INFO  no build target found for C:\Users\alexm\OneDrive\Documentos\ProyectosGit\git-integrator-1\src\main\java\Integrador\Pasteleria\resource\PedidoResource.java. Using fallback presentation compiler.
2025.10.03 23:37:05 INFO  no build target found for C:\Users\alexm\OneDrive\Documentos\ProyectosGit\git-integrator-1\src\main\java\Integrador\Pasteleria\resource\PedidoResource.java. Using fallback presentation compiler.
2025.10.03 23:37:05 INFO  no build target found for C:\Users\alexm\OneDrive\Documentos\ProyectosGit\git-integrator-1\src\main\java\Integrador\Pasteleria\resource\PedidoResource.java. Using fallback presentation compiler.
2025.10.03 23:37:07 INFO  no build target found for C:\Users\alexm\OneDrive\Documentos\ProyectosGit\git-integrator-1\src\main\java\Integrador\Pasteleria\resource\PedidoResource.java. Using fallback presentation compiler.
2025.10.03 23:37:07 INFO  no build target found for C:\Users\alexm\OneDrive\Documentos\ProyectosGit\git-integrator-1\src\main\java\Integrador\Pasteleria\resource\PedidoResource.java. Using fallback presentation compiler.
2025.10.03 23:37:07 INFO  no build target found for C:\Users\alexm\OneDrive\Documentos\ProyectosGit\git-integrator-1\src\main\java\Integrador\Pasteleria\resource\PedidoResource.java. Using fallback presentation compiler.
2025.10.03 23:37:07 INFO  no build target found for C:\Users\alexm\OneDrive\Documentos\ProyectosGit\git-integrator-1\src\main\java\Integrador\Pasteleria\resource\PedidoResource.java. Using fallback presentation compiler.
2025.10.03 23:37:11 INFO  no build target found for C:\Users\alexm\OneDrive\Documentos\ProyectosGit\git-integrator-1\src\main\java\Integrador\Pasteleria\resource\PedidoResource.java. Using fallback presentation compiler.
2025.10.03 23:37:15 INFO  no build target found for C:\Users\alexm\OneDrive\Documentos\ProyectosGit\git-integrator-1\src\main\java\Integrador\Pasteleria\resource\PedidoResource.java. Using fallback presentation compiler.
2025.10.03 23:37:15 INFO  no build target found for C:\Users\alexm\OneDrive\Documentos\ProyectosGit\git-integrator-1\src\main\java\Integrador\Pasteleria\resource\PedidoResource.java. Using fallback presentation compiler.
2025.10.03 23:37:15 INFO  no build target found for C:\Users\alexm\OneDrive\Documentos\ProyectosGit\git-integrator-1\src\main\java\Integrador\Pasteleria\resource\PedidoResource.java. Using fallback presentation compiler.
2025.10.03 23:37:16 INFO  no build target found for C:\Users\alexm\OneDrive\Documentos\ProyectosGit\git-integrator-1\src\main\java\Integrador\Pasteleria\resource\PedidoResource.java. Using fallback presentation compiler.
2025.10.03 23:37:16 INFO  no build target found for C:\Users\alexm\OneDrive\Documentos\ProyectosGit\git-integrator-1\src\main\java\Integrador\Pasteleria\resource\PedidoResource.java. Using fallback presentation compiler.
2025.10.03 23:37:17 INFO  no build target found for C:\Users\alexm\OneDrive\Documentos\ProyectosGit\git-integrator-1\src\main\java\Integrador\Pasteleria\resource\PedidoResource.java. Using fallback presentation compiler.
2025.10.03 23:37:16 INFO  no build target found for C:\Users\alexm\OneDrive\Documentos\ProyectosGit\git-integrator-1\src\main\java\Integrador\Pasteleria\resource\PedidoResource.java. Using fallback presentation compiler.
2025.10.03 23:37:17 INFO  no build target found for C:\Users\alexm\OneDrive\Documentos\ProyectosGit\git-integrator-1\src\main\java\Integrador\Pasteleria\resource\PedidoResource.java. Using fallback presentation compiler.
2025.10.03 23:37:17 INFO  no build target found for C:\Users\alexm\OneDrive\Documentos\ProyectosGit\git-integrator-1\src\main\java\Integrador\Pasteleria\resource\PedidoResource.java. Using fallback presentation compiler.
2025.10.03 23:37:18 INFO  no build target found for C:\Users\alexm\OneDrive\Documentos\ProyectosGit\git-integrator-1\src\main\java\Integrador\Pasteleria\resource\PedidoResource.java. Using fallback presentation compiler.
2025.10.03 23:37:17 INFO  no build target found for C:\Users\alexm\OneDrive\Documentos\ProyectosGit\git-integrator-1\src\main\java\Integrador\Pasteleria\resource\PedidoResource.java. Using fallback presentation compiler.
2025.10.03 23:37:17 INFO  no build target found for C:\Users\alexm\OneDrive\Documentos\ProyectosGit\git-integrator-1\src\main\java\Integrador\Pasteleria\resource\PedidoResource.java. Using fallback presentation compiler.
2025.10.03 23:37:18 INFO  no build target found for C:\Users\alexm\OneDrive\Documentos\ProyectosGit\git-integrator-1\src\main\java\Integrador\Pasteleria\resource\PedidoResource.java. Using fallback presentation compiler.
2025.10.03 23:37:18 INFO  no build target found for C:\Users\alexm\OneDrive\Documentos\ProyectosGit\git-integrator-1\src\main\java\Integrador\Pasteleria\resource\PedidoResource.java. Using fallback presentation compiler.
2025.10.03 23:37:18 INFO  no build target found for C:\Users\alexm\OneDrive\Documentos\ProyectosGit\git-integrator-1\src\main\java\Integrador\Pasteleria\resource\PedidoResource.java. Using fallback presentation compiler.
2025.10.03 23:37:18 INFO  no build target found for C:\Users\alexm\OneDrive\Documentos\ProyectosGit\git-integrator-1\src\main\java\Integrador\Pasteleria\resource\PedidoResource.java. Using fallback presentation compiler.
2025.10.03 23:37:18 INFO  no build target found for C:\Users\alexm\OneDrive\Documentos\ProyectosGit\git-integrator-1\src\main\java\Integrador\Pasteleria\resource\PedidoResource.java. Using fallback presentation compiler.
2025.10.03 23:37:19 INFO  no build target found for C:\Users\alexm\OneDrive\Documentos\ProyectosGit\git-integrator-1\src\main\java\Integrador\Pasteleria\resource\PedidoResource.java. Using fallback presentation compiler.
2025.10.03 23:37:19 INFO  no build target found for C:\Users\alexm\OneDrive\Documentos\ProyectosGit\git-integrator-1\src\main\java\Integrador\Pasteleria\resource\PedidoResource.java. Using fallback presentation compiler.
2025.10.03 23:37:19 INFO  no build target found for C:\Users\alexm\OneDrive\Documentos\ProyectosGit\git-integrator-1\src\main\java\Integrador\Pasteleria\resource\PedidoResource.java. Using fallback presentation compiler.
2025.10.03 23:37:20 INFO  no build target found for C:\Users\alexm\OneDrive\Documentos\ProyectosGit\git-integrator-1\src\main\java\Integrador\Pasteleria\resource\PedidoResource.java. Using fallback presentation compiler.
2025.10.03 23:37:23 INFO  no build target found for C:\Users\alexm\OneDrive\Documentos\ProyectosGit\git-integrator-1\src\main\java\Integrador\Pasteleria\resource\PedidoResource.java. Using fallback presentation compiler.
2025.10.03 23:37:23 INFO  no build target found for C:\Users\alexm\OneDrive\Documentos\ProyectosGit\git-integrator-1\src\main\java\Integrador\Pasteleria\resource\PedidoResource.java. Using fallback presentation compiler.
2025.10.03 23:37:24 INFO  no build target found for C:\Users\alexm\OneDrive\Documentos\ProyectosGit\git-integrator-1\src\main\java\Integrador\Pasteleria\resource\PedidoResource.java. Using fallback presentation compiler.
2025.10.03 23:37:23 INFO  no build target found for C:\Users\alexm\OneDrive\Documentos\ProyectosGit\git-integrator-1\src\main\java\Integrador\Pasteleria\resource\PedidoResource.java. Using fallback presentation compiler.
2025.10.03 23:37:25 INFO  no build target found for C:\Users\alexm\OneDrive\Documentos\ProyectosGit\git-integrator-1\src\main\java\Integrador\Pasteleria\resource\PedidoResource.java. Using fallback presentation compiler.
2025.10.03 23:37:25 INFO  no build target found for C:\Users\alexm\OneDrive\Documentos\ProyectosGit\git-integrator-1\src\main\java\Integrador\Pasteleria\resource\PedidoResource.java. Using fallback presentation compiler.
2025.10.03 23:37:26 INFO  no build target found for C:\Users\alexm\OneDrive\Documentos\ProyectosGit\git-integrator-1\src\main\java\Integrador\Pasteleria\resource\PedidoResource.java. Using fallback presentation compiler.
2025.10.03 23:37:25 INFO  no build target found for C:\Users\alexm\OneDrive\Documentos\ProyectosGit\git-integrator-1\src\main\java\Integrador\Pasteleria\resource\PedidoResource.java. Using fallback presentation compiler.
2025.10.03 23:37:27 INFO  no build target found for C:\Users\alexm\OneDrive\Documentos\ProyectosGit\git-integrator-1\src\main\java\Integrador\Pasteleria\resource\PedidoResource.java. Using fallback presentation compiler.
2025.10.03 23:37:27 INFO  no build target found for C:\Users\alexm\OneDrive\Documentos\ProyectosGit\git-integrator-1\src\main\java\Integrador\Pasteleria\resource\PedidoResource.java. Using fallback presentation compiler.
2025.10.03 23:37:28 INFO  no build target found for C:\Users\alexm\OneDrive\Documentos\ProyectosGit\git-integrator-1\src\main\java\Integrador\Pasteleria\resource\PedidoResource.java. Using fallback presentation compiler.
2025.10.03 23:37:27 INFO  no build target found for C:\Users\alexm\OneDrive\Documentos\ProyectosGit\git-integrator-1\src\main\java\Integrador\Pasteleria\resource\PedidoResource.java. Using fallback presentation compiler.
2025.10.03 23:37:27 INFO  no build target found for C:\Users\alexm\OneDrive\Documentos\ProyectosGit\git-integrator-1\src\main\java\Integrador\Pasteleria\resource\PedidoResource.java. Using fallback presentation compiler.
2025.10.03 23:37:28 INFO  no build target found for C:\Users\alexm\OneDrive\Documentos\ProyectosGit\git-integrator-1\src\main\java\Integrador\Pasteleria\resource\PedidoResource.java. Using fallback presentation compiler.
2025.10.03 23:37:29 INFO  no build target found for C:\Users\alexm\OneDrive\Documentos\ProyectosGit\git-integrator-1\src\main\java\Integrador\Pasteleria\resource\PedidoResource.java. Using fallback presentation compiler.
2025.10.03 23:37:30 INFO  no build target found for C:\Users\alexm\OneDrive\Documentos\ProyectosGit\git-integrator-1\src\main\java\Integrador\Pasteleria\resource\PedidoResource.java. Using fallback presentation compiler.
2025.10.03 23:37:30 INFO  no build target found for C:\Users\alexm\OneDrive\Documentos\ProyectosGit\git-integrator-1\src\main\java\Integrador\Pasteleria\resource\PedidoResource.java. Using fallback presentation compiler.
2025.10.03 23:37:30 INFO  no build target found for C:\Users\alexm\OneDrive\Documentos\ProyectosGit\git-integrator-1\src\main\java\Integrador\Pasteleria\resource\PedidoResource.java. Using fallback presentation compiler.
2025.10.03 23:37:30 INFO  no build target found for C:\Users\alexm\OneDrive\Documentos\ProyectosGit\git-integrator-1\src\main\java\Integrador\Pasteleria\resource\PedidoResource.java. Using fallback presentation compiler.
2025.10.03 23:37:31 INFO  no build target found for C:\Users\alexm\OneDrive\Documentos\ProyectosGit\git-integrator-1\src\main\java\Integrador\Pasteleria\resource\PedidoResource.java. Using fallback presentation compiler.
2025.10.03 23:37:31 INFO  no build target found for C:\Users\alexm\OneDrive\Documentos\ProyectosGit\git-integrator-1\src\main\java\Integrador\Pasteleria\resource\PedidoResource.java. Using fallback presentation compiler.
2025.10.03 23:37:32 INFO  no build target found for C:\Users\alexm\OneDrive\Documentos\ProyectosGit\git-integrator-1\src\main\java\Integrador\Pasteleria\resource\PedidoResource.java. Using fallback presentation compiler.
2025.10.03 23:37:31 INFO  no build target found for C:\Users\alexm\OneDrive\Documentos\ProyectosGit\git-integrator-1\src\main\java\Integrador\Pasteleria\resource\PedidoResource.java. Using fallback presentation compiler.
2025.10.03 23:37:33 WARN  no build target for: C:\Users\alexm\OneDrive\Documentos\ProyectosGit\git-integrator-1\src\main\java\Integrador\Pasteleria\resource\PedidoResource.java
2025.10.03 23:37:33 INFO  no build target found for C:\Users\alexm\OneDrive\Documentos\ProyectosGit\git-integrator-1\src\main\java\Integrador\Pasteleria\resource\PedidoResource.java. Using fallback presentation compiler.
2025.10.03 23:37:33 WARN  no build target for: C:\Users\alexm\OneDrive\Documentos\ProyectosGit\git-integrator-1\src\main\java\Integrador\Pasteleria\resource\PedidoResource.java
2025.10.03 23:37:34 INFO  no build target found for C:\Users\alexm\OneDrive\Documentos\ProyectosGit\git-integrator-1\src\main\java\Integrador\Pasteleria\resource\PedidoResource.java. Using fallback presentation compiler.
2025.10.03 23:37:34 WARN  no build target for: C:\Users\alexm\OneDrive\Documentos\ProyectosGit\git-integrator-1\src\main\java\Integrador\Pasteleria\resource\PedidoResource.java
2025.10.03 23:37:34 INFO  no build target found for C:\Users\alexm\OneDrive\Documentos\ProyectosGit\git-integrator-1\src\main\java\Integrador\Pasteleria\resource\PedidoResource.java. Using fallback presentation compiler.
2025.10.03 23:37:34 INFO  no build target found for C:\Users\alexm\OneDrive\Documentos\ProyectosGit\git-integrator-1\src\main\java\Integrador\Pasteleria\resource\PedidoResource.java. Using fallback presentation compiler.
2025.10.03 23:37:36 INFO  no build target found for C:\Users\alexm\OneDrive\Documentos\ProyectosGit\git-integrator-1\src\main\java\Integrador\Pasteleria\resource\PedidoResource.java. Using fallback presentation compiler.
2025.10.03 23:37:36 INFO  no build target found for C:\Users\alexm\OneDrive\Documentos\ProyectosGit\git-integrator-1\src\main\java\Integrador\Pasteleria\resource\PedidoResource.java. Using fallback presentation compiler.
2025.10.03 23:37:39 INFO  no build target found for C:\Users\alexm\OneDrive\Documentos\ProyectosGit\git-integrator-1\src\main\java\Integrador\Pasteleria\resource\PedidoResource.java. Using fallback presentation compiler.
2025.10.03 23:37:40 INFO  no build target found for C:\Users\alexm\OneDrive\Documentos\ProyectosGit\git-integrator-1\src\main\java\Integrador\Pasteleria\resource\PedidoResource.java. Using fallback presentation compiler.
2025.10.03 23:37:40 INFO  no build target found for C:\Users\alexm\OneDrive\Documentos\ProyectosGit\git-integrator-1\src\main\java\Integrador\Pasteleria\resource\PedidoResource.java. Using fallback presentation compiler.
2025.10.03 23:37:40 INFO  no build target found for C:\Users\alexm\OneDrive\Documentos\ProyectosGit\git-integrator-1\src\main\java\Integrador\Pasteleria\resource\PedidoResource.java. Using fallback presentation compiler.
2025.10.03 23:37:41 INFO  no build target found for C:\Users\alexm\OneDrive\Documentos\ProyectosGit\git-integrator-1\src\main\java\Integrador\Pasteleria\resource\PedidoResource.java. Using fallback presentation compiler.
2025.10.03 23:37:41 INFO  no build target found for C:\Users\alexm\OneDrive\Documentos\ProyectosGit\git-integrator-1\src\main\java\Integrador\Pasteleria\resource\PedidoResource.java. Using fallback presentation compiler.
2025.10.03 23:37:41 INFO  no build target found for C:\Users\alexm\OneDrive\Documentos\ProyectosGit\git-integrator-1\src\main\java\Integrador\Pasteleria\resource\PedidoResource.java. Using fallback presentation compiler.
2025.10.03 23:37:42 INFO  no build target found for C:\Users\alexm\OneDrive\Documentos\ProyectosGit\git-integrator-1\src\main\java\Integrador\Pasteleria\resource\PedidoResource.java. Using fallback presentation compiler.
2025.10.03 23:37:42 INFO  no build target found for C:\Users\alexm\OneDrive\Documentos\ProyectosGit\git-integrator-1\src\main\java\Integrador\Pasteleria\resource\PedidoResource.java. Using fallback presentation compiler.
2025.10.03 23:37:42 INFO  no build target found for C:\Users\alexm\OneDrive\Documentos\ProyectosGit\git-integrator-1\src\main\java\Integrador\Pasteleria\resource\PedidoResource.java. Using fallback presentation compiler.
2025.10.03 23:37:42 INFO  no build target found for C:\Users\alexm\OneDrive\Documentos\ProyectosGit\git-integrator-1\src\main\java\Integrador\Pasteleria\resource\PedidoResource.java. Using fallback presentation compiler.
2025.10.03 23:37:44 INFO  no build target found for C:\Users\alexm\OneDrive\Documentos\ProyectosGit\git-integrator-1\src\main\java\Integrador\Pasteleria\resource\PedidoResource.java. Using fallback presentation compiler.
2025.10.03 23:37:44 INFO  no build target found for C:\Users\alexm\OneDrive\Documentos\ProyectosGit\git-integrator-1\src\main\java\Integrador\Pasteleria\resource\PedidoResource.java. Using fallback presentation compiler.
2025.10.03 23:37:45 INFO  no build target found for C:\Users\alexm\OneDrive\Documentos\ProyectosGit\git-integrator-1\src\main\java\Integrador\Pasteleria\resource\PedidoResource.java. Using fallback presentation compiler.
2025.10.03 23:37:44 INFO  no build target found for C:\Users\alexm\OneDrive\Documentos\ProyectosGit\git-integrator-1\src\main\java\Integrador\Pasteleria\resource\PedidoResource.java. Using fallback presentation compiler.
2025.10.03 23:37:47 INFO  no build target found for C:\Users\alexm\OneDrive\Documentos\ProyectosGit\git-integrator-1\src\main\java\Integrador\Pasteleria\resource\PedidoResource.java. Using fallback presentation compiler.
2025.10.03 23:37:47 INFO  no build target found for C:\Users\alexm\OneDrive\Documentos\ProyectosGit\git-integrator-1\src\main\java\Integrador\Pasteleria\resource\PedidoResource.java. Using fallback presentation compiler.
2025.10.03 23:37:48 INFO  no build target found for C:\Users\alexm\OneDrive\Documentos\ProyectosGit\git-integrator-1\src\main\java\Integrador\Pasteleria\resource\PedidoResource.java. Using fallback presentation compiler.
2025.10.03 23:37:47 INFO  no build target found for C:\Users\alexm\OneDrive\Documentos\ProyectosGit\git-integrator-1\src\main\java\Integrador\Pasteleria\resource\PedidoResource.java. Using fallback presentation compiler.
2025.10.03 23:37:50 WARN  no build target for: C:\Users\alexm\OneDrive\Documentos\ProyectosGit\git-integrator-1\src\main\java\Integrador\Pasteleria\resource\PedidoResource.java
2025.10.03 23:37:50 INFO  no build target found for C:\Users\alexm\OneDrive\Documentos\ProyectosGit\git-integrator-1\src\main\java\Integrador\Pasteleria\resource\PedidoResource.java. Using fallback presentation compiler.
2025.10.03 23:37:50 WARN  no build target for: C:\Users\alexm\OneDrive\Documentos\ProyectosGit\git-integrator-1\src\main\java\Integrador\Pasteleria\resource\PedidoResource.java
2025.10.03 23:37:50 INFO  no build target found for C:\Users\alexm\OneDrive\Documentos\ProyectosGit\git-integrator-1\src\main\java\Integrador\Pasteleria\resource\PedidoResource.java. Using fallback presentation compiler.
2025.10.03 23:37:50 WARN  no build target for: C:\Users\alexm\OneDrive\Documentos\ProyectosGit\git-integrator-1\src\main\java\Integrador\Pasteleria\resource\PedidoResource.java
2025.10.03 23:37:50 INFO  no build target found for C:\Users\alexm\OneDrive\Documentos\ProyectosGit\git-integrator-1\src\main\java\Integrador\Pasteleria\resource\PedidoResource.java. Using fallback presentation compiler.
2025.10.03 23:37:50 WARN  no build target for: C:\Users\alexm\OneDrive\Documentos\ProyectosGit\git-integrator-1\src\main\java\Integrador\Pasteleria\resource\PedidoResource.java
2025.10.03 23:37:50 INFO  no build target found for C:\Users\alexm\OneDrive\Documentos\ProyectosGit\git-integrator-1\src\main\java\Integrador\Pasteleria\resource\PedidoResource.java. Using fallback presentation compiler.
2025.10.03 23:37:50 WARN  no build target for: C:\Users\alexm\OneDrive\Documentos\ProyectosGit\git-integrator-1\src\main\java\Integrador\Pasteleria\resource\PedidoResource.java
2025.10.03 23:37:50 INFO  no build target found for C:\Users\alexm\OneDrive\Documentos\ProyectosGit\git-integrator-1\src\main\java\Integrador\Pasteleria\resource\PedidoResource.java. Using fallback presentation compiler.
2025.10.03 23:37:50 WARN  no build target for: C:\Users\alexm\OneDrive\Documentos\ProyectosGit\git-integrator-1\src\main\java\Integrador\Pasteleria\resource\PedidoResource.java
2025.10.03 23:37:50 INFO  no build target found for C:\Users\alexm\OneDrive\Documentos\ProyectosGit\git-integrator-1\src\main\java\Integrador\Pasteleria\resource\PedidoResource.java. Using fallback presentation compiler.
2025.10.03 23:37:50 WARN  no build target for: C:\Users\alexm\OneDrive\Documentos\ProyectosGit\git-integrator-1\src\main\java\Integrador\Pasteleria\resource\PedidoResource.java
2025.10.03 23:37:50 INFO  no build target found for C:\Users\alexm\OneDrive\Documentos\ProyectosGit\git-integrator-1\src\main\java\Integrador\Pasteleria\resource\PedidoResource.java. Using fallback presentation compiler.
2025.10.03 23:37:51 INFO  no build target found for C:\Users\alexm\OneDrive\Documentos\ProyectosGit\git-integrator-1\src\main\java\Integrador\Pasteleria\resource\PedidoResource.java. Using fallback presentation compiler.
2025.10.03 23:37:51 WARN  no build target for: C:\Users\alexm\OneDrive\Documentos\ProyectosGit\git-integrator-1\src\main\java\Integrador\Pasteleria\resource\PedidoResource.java
2025.10.03 23:37:50 INFO  no build target found for C:\Users\alexm\OneDrive\Documentos\ProyectosGit\git-integrator-1\src\main\java\Integrador\Pasteleria\resource\PedidoResource.java. Using fallback presentation compiler.
2025.10.03 23:37:51 WARN  no build target for: C:\Users\alexm\OneDrive\Documentos\ProyectosGit\git-integrator-1\src\main\java\Integrador\Pasteleria\resource\PedidoResource.java
2025.10.03 23:37:51 INFO  no build target found for C:\Users\alexm\OneDrive\Documentos\ProyectosGit\git-integrator-1\src\main\java\Integrador\Pasteleria\resource\PedidoResource.java. Using fallback presentation compiler.
2025.10.03 23:37:51 WARN  no build target for: C:\Users\alexm\OneDrive\Documentos\ProyectosGit\git-integrator-1\src\main\java\Integrador\Pasteleria\resource\PedidoResource.java
2025.10.03 23:37:51 INFO  no build target found for C:\Users\alexm\OneDrive\Documentos\ProyectosGit\git-integrator-1\src\main\java\Integrador\Pasteleria\resource\PedidoResource.java. Using fallback presentation compiler.
2025.10.03 23:37:51 WARN  no build target for: C:\Users\alexm\OneDrive\Documentos\ProyectosGit\git-integrator-1\src\main\java\Integrador\Pasteleria\resource\PedidoResource.java
2025.10.03 23:37:51 INFO  no build target found for C:\Users\alexm\OneDrive\Documentos\ProyectosGit\git-integrator-1\src\main\java\Integrador\Pasteleria\resource\PedidoResource.java. Using fallback presentation compiler.
2025.10.03 23:37:51 WARN  no build target for: C:\Users\alexm\OneDrive\Documentos\ProyectosGit\git-integrator-1\src\main\java\Integrador\Pasteleria\resource\PedidoResource.java
2025.10.03 23:37:51 INFO  no build target found for C:\Users\alexm\OneDrive\Documentos\ProyectosGit\git-integrator-1\src\main\java\Integrador\Pasteleria\resource\PedidoResource.java. Using fallback presentation compiler.
2025.10.03 23:37:51 WARN  no build target for: C:\Users\alexm\OneDrive\Documentos\ProyectosGit\git-integrator-1\src\main\java\Integrador\Pasteleria\resource\PedidoResource.java
2025.10.03 23:37:51 INFO  no build target found for C:\Users\alexm\OneDrive\Documentos\ProyectosGit\git-integrator-1\src\main\java\Integrador\Pasteleria\resource\PedidoResource.java. Using fallback presentation compiler.
2025.10.03 23:37:52 INFO  no build target found for C:\Users\alexm\OneDrive\Documentos\ProyectosGit\git-integrator-1\src\main\java\Integrador\Pasteleria\resource\PedidoResource.java. Using fallback presentation compiler.
2025.10.03 23:37:51 WARN  no build target for: C:\Users\alexm\OneDrive\Documentos\ProyectosGit\git-integrator-1\src\main\java\Integrador\Pasteleria\resource\PedidoResource.java
2025.10.03 23:37:51 INFO  no build target found for C:\Users\alexm\OneDrive\Documentos\ProyectosGit\git-integrator-1\src\main\java\Integrador\Pasteleria\resource\PedidoResource.java. Using fallback presentation compiler.
2025.10.03 23:37:53 INFO  no build target found for C:\Users\alexm\OneDrive\Documentos\ProyectosGit\git-integrator-1\src\main\java\Integrador\Pasteleria\resource\PedidoResource.java. Using fallback presentation compiler.
2025.10.03 23:37:58 INFO  no build target found for C:\Users\alexm\OneDrive\Documentos\ProyectosGit\git-integrator-1\src\main\java\Integrador\Pasteleria\service\PedidoService.java. Using fallback presentation compiler.
2025.10.03 23:37:58 WARN  no build target for: C:\Users\alexm\OneDrive\Documentos\ProyectosGit\git-integrator-1\src\main\java\Integrador\Pasteleria\service\PedidoService.java
2025.10.03 23:37:58 INFO  no build target found for C:\Users\alexm\OneDrive\Documentos\ProyectosGit\git-integrator-1\src\main\java\Integrador\Pasteleria\service\PedidoService.java. Using fallback presentation compiler.
2025.10.03 23:37:58 INFO  no build target found for C:\Users\alexm\OneDrive\Documentos\ProyectosGit\git-integrator-1\src\main\java\Integrador\Pasteleria\service\PedidoService.java. Using fallback presentation compiler.
2025.10.03 23:37:58 INFO  no build target found for C:\Users\alexm\OneDrive\Documentos\ProyectosGit\git-integrator-1\src\main\java\Integrador\Pasteleria\service\PedidoService.java. Using fallback presentation compiler.
2025.10.03 23:38:00 INFO  no build target found for C:\Users\alexm\OneDrive\Documentos\ProyectosGit\git-integrator-1\src\main\java\Integrador\Pasteleria\service\PedidoService.java. Using fallback presentation compiler.
2025.10.03 23:38:00 INFO  no build target found for C:\Users\alexm\OneDrive\Documentos\ProyectosGit\git-integrator-1\src\main\java\Integrador\Pasteleria\service\PedidoService.java. Using fallback presentation compiler.
2025.10.03 23:38:07 INFO  no build target found for C:\Users\alexm\OneDrive\Documentos\ProyectosGit\git-integrator-1\src\main\java\Integrador\Pasteleria\resource\PedidoResource.java. Using fallback presentation compiler.
2025.10.03 23:38:07 WARN  no build target for: C:\Users\alexm\OneDrive\Documentos\ProyectosGit\git-integrator-1\src\main\java\Integrador\Pasteleria\resource\PedidoResource.java
2025.10.03 23:38:07 INFO  no build target found for C:\Users\alexm\OneDrive\Documentos\ProyectosGit\git-integrator-1\src\main\java\Integrador\Pasteleria\resource\PedidoResource.java. Using fallback presentation compiler.
2025.10.03 23:38:07 INFO  no build target found for C:\Users\alexm\OneDrive\Documentos\ProyectosGit\git-integrator-1\src\main\java\Integrador\Pasteleria\resource\PedidoResource.java. Using fallback presentation compiler.
2025.10.03 23:38:07 INFO  no build target found for C:\Users\alexm\OneDrive\Documentos\ProyectosGit\git-integrator-1\src\main\java\Integrador\Pasteleria\resource\PedidoResource.java. Using fallback presentation compiler.
2025.10.03 23:38:07 INFO  no build target found for C:\Users\alexm\OneDrive\Documentos\ProyectosGit\git-integrator-1\src\main\java\Integrador\Pasteleria\resource\PedidoResource.java. Using fallback presentation compiler.
2025.10.03 23:38:10 INFO  no build target found for C:\Users\alexm\OneDrive\Documentos\ProyectosGit\git-integrator-1\src\main\java\Integrador\Pasteleria\resource\PedidoResource.java. Using fallback presentation compiler.
2025.10.03 23:38:10 INFO  no build target found for C:\Users\alexm\OneDrive\Documentos\ProyectosGit\git-integrator-1\src\main\java\Integrador\Pasteleria\resource\PedidoResource.java. Using fallback presentation compiler.
2025.10.03 23:38:11 INFO  no build target found for C:\Users\alexm\OneDrive\Documentos\ProyectosGit\git-integrator-1\src\main\java\Integrador\Pasteleria\resource\PedidoResource.java. Using fallback presentation compiler.
2025.10.03 23:38:37 INFO  no build target found for C:\Users\alexm\OneDrive\Documentos\ProyectosGit\git-integrator-1\src\main\java\Integrador\Pasteleria\service\PedidoService.java. Using fallback presentation compiler.
2025.10.03 23:38:37 WARN  no build target for: C:\Users\alexm\OneDrive\Documentos\ProyectosGit\git-integrator-1\src\main\java\Integrador\Pasteleria\service\PedidoService.java
2025.10.03 23:38:37 INFO  no build target found for C:\Users\alexm\OneDrive\Documentos\ProyectosGit\git-integrator-1\src\main\java\Integrador\Pasteleria\service\PedidoService.java. Using fallback presentation compiler.
2025.10.03 23:38:37 INFO  no build target found for C:\Users\alexm\OneDrive\Documentos\ProyectosGit\git-integrator-1\src\main\java\Integrador\Pasteleria\service\PedidoService.java. Using fallback presentation compiler.
2025.10.03 23:38:37 INFO  no build target found for C:\Users\alexm\OneDrive\Documentos\ProyectosGit\git-integrator-1\src\main\java\Integrador\Pasteleria\service\PedidoService.java. Using fallback presentation compiler.
2025.10.03 23:38:39 INFO  no build target found for C:\Users\alexm\OneDrive\Documentos\ProyectosGit\git-integrator-1\src\main\java\Integrador\Pasteleria\service\PedidoService.java. Using fallback presentation compiler.
2025.10.03 23:38:45 INFO  no build target found for C:\Users\alexm\OneDrive\Documentos\ProyectosGit\git-integrator-1\src\main\java\Integrador\Pasteleria\service\PedidoService.java. Using fallback presentation compiler.
2025.10.03 23:38:45 INFO  no build target found for C:\Users\alexm\OneDrive\Documentos\ProyectosGit\git-integrator-1\src\main\java\Integrador\Pasteleria\service\PedidoService.java. Using fallback presentation compiler.
2025.10.03 23:38:48 INFO  no build target found for C:\Users\alexm\OneDrive\Documentos\ProyectosGit\git-integrator-1\src\main\java\Integrador\Pasteleria\service\PedidoService.java. Using fallback presentation compiler.
2025.10.03 23:38:48 INFO  no build target found for C:\Users\alexm\OneDrive\Documentos\ProyectosGit\git-integrator-1\src\main\java\Integrador\Pasteleria\service\PedidoService.java. Using fallback presentation compiler.
2025.10.03 23:38:48 INFO  no build target found for C:\Users\alexm\OneDrive\Documentos\ProyectosGit\git-integrator-1\src\main\java\Integrador\Pasteleria\service\PedidoService.java. Using fallback presentation compiler.
2025.10.03 23:38:57 INFO  no build target found for C:\Users\alexm\OneDrive\Documentos\ProyectosGit\git-integrator-1\src\main\java\Integrador\Pasteleria\service\PedidoService.java. Using fallback presentation compiler.
2025.10.03 23:38:57 INFO  no build target found for C:\Users\alexm\OneDrive\Documentos\ProyectosGit\git-integrator-1\src\main\java\Integrador\Pasteleria\service\PedidoService.java. Using fallback presentation compiler.
2025.10.03 23:38:58 INFO  no build target found for C:\Users\alexm\OneDrive\Documentos\ProyectosGit\git-integrator-1\src\main\java\Integrador\Pasteleria\service\PedidoService.java. Using fallback presentation compiler.
2025.10.03 23:38:58 INFO  no build target found for C:\Users\alexm\OneDrive\Documentos\ProyectosGit\git-integrator-1\src\main\java\Integrador\Pasteleria\service\PedidoService.java. Using fallback presentation compiler.
2025.10.03 23:38:59 INFO  no build target found for C:\Users\alexm\OneDrive\Documentos\ProyectosGit\git-integrator-1\src\main\java\Integrador\Pasteleria\service\PedidoService.java. Using fallback presentation compiler.
2025.10.03 23:38:59 INFO  no build target found for C:\Users\alexm\OneDrive\Documentos\ProyectosGit\git-integrator-1\src\main\java\Integrador\Pasteleria\service\PedidoService.java. Using fallback presentation compiler.
2025.10.03 23:39:00 INFO  no build target found for C:\Users\alexm\OneDrive\Documentos\ProyectosGit\git-integrator-1\src\main\java\Integrador\Pasteleria\service\PedidoService.java. Using fallback presentation compiler.
2025.10.03 23:39:00 INFO  no build target found for C:\Users\alexm\OneDrive\Documentos\ProyectosGit\git-integrator-1\src\main\java\Integrador\Pasteleria\service\PedidoService.java. Using fallback presentation compiler.
2025.10.03 23:39:01 INFO  no build target found for C:\Users\alexm\OneDrive\Documentos\ProyectosGit\git-integrator-1\src\main\java\Integrador\Pasteleria\service\PedidoService.java. Using fallback presentation compiler.
2025.10.03 23:39:01 INFO  no build target found for C:\Users\alexm\OneDrive\Documentos\ProyectosGit\git-integrator-1\src\main\java\Integrador\Pasteleria\service\PedidoService.java. Using fallback presentation compiler.
2025.10.03 23:39:01 INFO  no build target found for C:\Users\alexm\OneDrive\Documentos\ProyectosGit\git-integrator-1\src\main\java\Integrador\Pasteleria\service\PedidoService.java. Using fallback presentation compiler.
2025.10.03 23:39:04 INFO  no build target found for C:\Users\alexm\OneDrive\Documentos\ProyectosGit\git-integrator-1\src\main\java\Integrador\Pasteleria\resource\PedidoResource.java. Using fallback presentation compiler.
2025.10.03 23:39:04 WARN  no build target for: C:\Users\alexm\OneDrive\Documentos\ProyectosGit\git-integrator-1\src\main\java\Integrador\Pasteleria\resource\PedidoResource.java
2025.10.03 23:39:04 INFO  no build target found for C:\Users\alexm\OneDrive\Documentos\ProyectosGit\git-integrator-1\src\main\java\Integrador\Pasteleria\resource\PedidoResource.java. Using fallback presentation compiler.
2025.10.03 23:39:04 INFO  no build target found for C:\Users\alexm\OneDrive\Documentos\ProyectosGit\git-integrator-1\src\main\java\Integrador\Pasteleria\resource\PedidoResource.java. Using fallback presentation compiler.
2025.10.03 23:39:08 INFO  no build target found for C:\Users\alexm\OneDrive\Documentos\ProyectosGit\git-integrator-1\src\main\java\Integrador\Pasteleria\resource\PedidoResource.java. Using fallback presentation compiler.
2025.10.03 23:39:09 INFO  no build target found for C:\Users\alexm\OneDrive\Documentos\ProyectosGit\git-integrator-1\src\main\java\Integrador\Pasteleria\resource\PedidoResource.java. Using fallback presentation compiler.
2025.10.03 23:39:09 INFO  no build target found for C:\Users\alexm\OneDrive\Documentos\ProyectosGit\git-integrator-1\src\main\java\Integrador\Pasteleria\resource\PedidoResource.java. Using fallback presentation compiler.
2025.10.03 23:39:09 INFO  no build target found for C:\Users\alexm\OneDrive\Documentos\ProyectosGit\git-integrator-1\src\main\java\Integrador\Pasteleria\resource\PedidoResource.java. Using fallback presentation compiler.
2025.10.03 23:39:11 INFO  no build target found for C:\Users\alexm\OneDrive\Documentos\ProyectosGit\git-integrator-1\src\main\java\Integrador\Pasteleria\resource\PedidoResource.java. Using fallback presentation compiler.
2025.10.03 23:39:11 INFO  no build target found for C:\Users\alexm\OneDrive\Documentos\ProyectosGit\git-integrator-1\src\main\java\Integrador\Pasteleria\resource\PedidoResource.java. Using fallback presentation compiler.
2025.10.03 23:39:11 INFO  no build target found for C:\Users\alexm\OneDrive\Documentos\ProyectosGit\git-integrator-1\src\main\java\Integrador\Pasteleria\resource\PedidoResource.java. Using fallback presentation compiler.
2025.10.03 23:39:12 INFO  no build target found for C:\Users\alexm\OneDrive\Documentos\ProyectosGit\git-integrator-1\src\main\java\Integrador\Pasteleria\resource\PedidoResource.java. Using fallback presentation compiler.
2025.10.03 23:39:12 INFO  no build target found for C:\Users\alexm\OneDrive\Documentos\ProyectosGit\git-integrator-1\src\main\java\Integrador\Pasteleria\resource\PedidoResource.java. Using fallback presentation compiler.
2025.10.03 23:39:14 INFO  no build target found for C:\Users\alexm\OneDrive\Documentos\ProyectosGit\git-integrator-1\src\main\java\Integrador\Pasteleria\resource\PedidoResource.java. Using fallback presentation compiler.
2025.10.03 23:39:14 INFO  no build target found for C:\Users\alexm\OneDrive\Documentos\ProyectosGit\git-integrator-1\src\main\java\Integrador\Pasteleria\resource\PedidoResource.java. Using fallback presentation compiler.
2025.10.03 23:39:14 INFO  no build target found for C:\Users\alexm\OneDrive\Documentos\ProyectosGit\git-integrator-1\src\main\java\Integrador\Pasteleria\resource\PedidoResource.java. Using fallback presentation compiler.
2025.10.03 23:39:14 INFO  no build target found for C:\Users\alexm\OneDrive\Documentos\ProyectosGit\git-integrator-1\src\main\java\Integrador\Pasteleria\resource\PedidoResource.java. Using fallback presentation compiler.
2025.10.03 23:39:15 INFO  no build target found for C:\Users\alexm\OneDrive\Documentos\ProyectosGit\git-integrator-1\src\main\java\Integrador\Pasteleria\resource\PedidoResource.java. Using fallback presentation compiler.
2025.10.03 23:39:15 INFO  no build target found for C:\Users\alexm\OneDrive\Documentos\ProyectosGit\git-integrator-1\src\main\java\Integrador\Pasteleria\resource\PedidoResource.java. Using fallback presentation compiler.
2025.10.03 23:39:16 INFO  no build target found for C:\Users\alexm\OneDrive\Documentos\ProyectosGit\git-integrator-1\src\main\java\Integrador\Pasteleria\resource\PedidoResource.java. Using fallback presentation compiler.
2025.10.03 23:39:17 INFO  no build target found for C:\Users\alexm\OneDrive\Documentos\ProyectosGit\git-integrator-1\src\main\java\Integrador\Pasteleria\resource\PedidoResource.java. Using fallback presentation compiler.
2025.10.03 23:39:17 INFO  no build target found for C:\Users\alexm\OneDrive\Documentos\ProyectosGit\git-integrator-1\src\main\java\Integrador\Pasteleria\resource\PedidoResource.java. Using fallback presentation compiler.
2025.10.03 23:39:17 INFO  no build target found for C:\Users\alexm\OneDrive\Documentos\ProyectosGit\git-integrator-1\src\main\java\Integrador\Pasteleria\resource\PedidoResource.java. Using fallback presentation compiler.
2025.10.03 23:39:18 INFO  no build target found for C:\Users\alexm\OneDrive\Documentos\ProyectosGit\git-integrator-1\src\main\java\Integrador\Pasteleria\resource\PedidoResource.java. Using fallback presentation compiler.
2025.10.03 23:39:17 INFO  no build target found for C:\Users\alexm\OneDrive\Documentos\ProyectosGit\git-integrator-1\src\main\java\Integrador\Pasteleria\resource\PedidoResource.java. Using fallback presentation compiler.
2025.10.03 23:39:20 INFO  no build target found for C:\Users\alexm\OneDrive\Documentos\ProyectosGit\git-integrator-1\src\main\java\Integrador\Pasteleria\resource\PedidoResource.java. Using fallback presentation compiler.
2025.10.03 23:39:20 INFO  no build target found for C:\Users\alexm\OneDrive\Documentos\ProyectosGit\git-integrator-1\src\main\java\Integrador\Pasteleria\resource\PedidoResource.java. Using fallback presentation compiler.
2025.10.03 23:39:20 INFO  no build target found for C:\Users\alexm\OneDrive\Documentos\ProyectosGit\git-integrator-1\src\main\java\Integrador\Pasteleria\resource\PedidoResource.java. Using fallback presentation compiler.
2025.10.03 23:39:20 INFO  no build target found for C:\Users\alexm\OneDrive\Documentos\ProyectosGit\git-integrator-1\src\main\java\Integrador\Pasteleria\resource\PedidoResource.java. Using fallback presentation compiler.
2025.10.03 23:39:20 INFO  no build target found for C:\Users\alexm\OneDrive\Documentos\ProyectosGit\git-integrator-1\src\main\java\Integrador\Pasteleria\resource\PedidoResource.java. Using fallback presentation compiler.
2025.10.03 23:39:25 WARN  no build target for: C:\Users\alexm\OneDrive\Documentos\ProyectosGit\git-integrator-1\src\main\java\Integrador\Pasteleria\resource\PedidoResource.java
2025.10.03 23:39:25 INFO  no build target found for C:\Users\alexm\OneDrive\Documentos\ProyectosGit\git-integrator-1\src\main\java\Integrador\Pasteleria\resource\PedidoResource.java. Using fallback presentation compiler.
2025.10.03 23:39:26 INFO  no build target found for C:\Users\alexm\OneDrive\Documentos\ProyectosGit\git-integrator-1\src\main\java\Integrador\Pasteleria\resource\PedidoResource.java. Using fallback presentation compiler.
2025.10.03 23:39:30 INFO  no build target found for C:\Users\alexm\OneDrive\Documentos\ProyectosGit\git-integrator-1\src\main\java\Integrador\Pasteleria\resource\PedidoResource.java. Using fallback presentation compiler.
2025.10.03 23:39:30 INFO  no build target found for C:\Users\alexm\OneDrive\Documentos\ProyectosGit\git-integrator-1\src\main\java\Integrador\Pasteleria\resource\PedidoResource.java. Using fallback presentation compiler.
2025.10.03 23:39:35 INFO  no build target found for C:\Users\alexm\OneDrive\Documentos\ProyectosGit\git-integrator-1\src\main\java\Integrador\Pasteleria\resource\PedidoResource.java. Using fallback presentation compiler.
2025.10.03 23:39:35 INFO  no build target found for C:\Users\alexm\OneDrive\Documentos\ProyectosGit\git-integrator-1\src\main\java\Integrador\Pasteleria\resource\PedidoResource.java. Using fallback presentation compiler.
2025.10.03 23:39:36 INFO  no build target found for C:\Users\alexm\OneDrive\Documentos\ProyectosGit\git-integrator-1\src\main\java\Integrador\Pasteleria\resource\PedidoResource.java. Using fallback presentation compiler.
2025.10.03 23:39:38 INFO  no build target found for C:\Users\alexm\OneDrive\Documentos\ProyectosGit\git-integrator-1\src\main\java\Integrador\Pasteleria\resource\PedidoResource.java. Using fallback presentation compiler.
2025.10.03 23:39:38 INFO  no build target found for C:\Users\alexm\OneDrive\Documentos\ProyectosGit\git-integrator-1\src\main\java\Integrador\Pasteleria\resource\PedidoResource.java. Using fallback presentation compiler.
2025.10.03 23:39:38 INFO  no build target found for C:\Users\alexm\OneDrive\Documentos\ProyectosGit\git-integrator-1\src\main\java\Integrador\Pasteleria\resource\PedidoResource.java. Using fallback presentation compiler.
2025.10.03 23:39:38 WARN  Running javac-semanticdb failed for file:///C:/Users/alexm/OneDrive/Documentos/ProyectosGit/git-integrator-1/src/main/java/Integrador/Pasteleria/resource/PedidoResource.java. Output:

2025.10.03 23:39:38 INFO  no build target found for C:\Users\alexm\OneDrive\Documentos\ProyectosGit\git-integrator-1\src\main\java\Integrador\Pasteleria\resource\PedidoResource.java. Using fallback presentation compiler.
2025.10.03 23:39:40 WARN  no build target for: C:\Users\alexm\OneDrive\Documentos\ProyectosGit\git-integrator-1\src\main\java\Integrador\Pasteleria\resource\PedidoResource.java
2025.10.03 23:39:40 INFO  no build target found for C:\Users\alexm\OneDrive\Documentos\ProyectosGit\git-integrator-1\src\main\java\Integrador\Pasteleria\resource\PedidoResource.java. Using fallback presentation compiler.
2025.10.03 23:39:40 WARN  no build target for: C:\Users\alexm\OneDrive\Documentos\ProyectosGit\git-integrator-1\src\main\java\Integrador\Pasteleria\resource\PedidoResource.java
2025.10.03 23:39:40 INFO  no build target found for C:\Users\alexm\OneDrive\Documentos\ProyectosGit\git-integrator-1\src\main\java\Integrador\Pasteleria\resource\PedidoResource.java. Using fallback presentation compiler.
2025.10.03 23:39:40 WARN  no build target for: C:\Users\alexm\OneDrive\Documentos\ProyectosGit\git-integrator-1\src\main\java\Integrador\Pasteleria\resource\PedidoResource.java
2025.10.03 23:39:40 INFO  no build target found for C:\Users\alexm\OneDrive\Documentos\ProyectosGit\git-integrator-1\src\main\java\Integrador\Pasteleria\resource\PedidoResource.java. Using fallback presentation compiler.
2025.10.03 23:39:40 WARN  no build target for: C:\Users\alexm\OneDrive\Documentos\ProyectosGit\git-integrator-1\src\main\java\Integrador\Pasteleria\resource\PedidoResource.java
2025.10.03 23:39:40 INFO  no build target found for C:\Users\alexm\OneDrive\Documentos\ProyectosGit\git-integrator-1\src\main\java\Integrador\Pasteleria\resource\PedidoResource.java. Using fallback presentation compiler.
2025.10.03 23:39:40 WARN  no build target for: C:\Users\alexm\OneDrive\Documentos\ProyectosGit\git-integrator-1\src\main\java\Integrador\Pasteleria\resource\PedidoResource.java
2025.10.03 23:39:40 INFO  no build target found for C:\Users\alexm\OneDrive\Documentos\ProyectosGit\git-integrator-1\src\main\java\Integrador\Pasteleria\resource\PedidoResource.java. Using fallback presentation compiler.
2025.10.03 23:39:40 WARN  no build target for: C:\Users\alexm\OneDrive\Documentos\ProyectosGit\git-integrator-1\src\main\java\Integrador\Pasteleria\resource\PedidoResource.java
2025.10.03 23:39:40 INFO  no build target found for C:\Users\alexm\OneDrive\Documentos\ProyectosGit\git-integrator-1\src\main\java\Integrador\Pasteleria\resource\PedidoResource.java. Using fallback presentation compiler.
2025.10.03 23:39:41 INFO  no build target found for C:\Users\alexm\OneDrive\Documentos\ProyectosGit\git-integrator-1\src\main\java\Integrador\Pasteleria\resource\PedidoResource.java. Using fallback presentation compiler.
2025.10.03 23:39:41 WARN  no build target for: C:\Users\alexm\OneDrive\Documentos\ProyectosGit\git-integrator-1\src\main\java\Integrador\Pasteleria\resource\PedidoResource.java
2025.10.03 23:39:41 INFO  no build target found for C:\Users\alexm\OneDrive\Documentos\ProyectosGit\git-integrator-1\src\main\java\Integrador\Pasteleria\resource\PedidoResource.java. Using fallback presentation compiler.
2025.10.03 23:39:41 WARN  no build target for: C:\Users\alexm\OneDrive\Documentos\ProyectosGit\git-integrator-1\src\main\java\Integrador\Pasteleria\resource\PedidoResource.java
2025.10.03 23:39:41 INFO  no build target found for C:\Users\alexm\OneDrive\Documentos\ProyectosGit\git-integrator-1\src\main\java\Integrador\Pasteleria\resource\PedidoResource.java. Using fallback presentation compiler.
2025.10.03 23:39:41 WARN  no build target for: C:\Users\alexm\OneDrive\Documentos\ProyectosGit\git-integrator-1\src\main\java\Integrador\Pasteleria\resource\PedidoResource.java
2025.10.03 23:39:41 INFO  no build target found for C:\Users\alexm\OneDrive\Documentos\ProyectosGit\git-integrator-1\src\main\java\Integrador\Pasteleria\resource\PedidoResource.java. Using fallback presentation compiler.
2025.10.03 23:39:41 WARN  no build target for: C:\Users\alexm\OneDrive\Documentos\ProyectosGit\git-integrator-1\src\main\java\Integrador\Pasteleria\resource\PedidoResource.java
2025.10.03 23:39:41 INFO  no build target found for C:\Users\alexm\OneDrive\Documentos\ProyectosGit\git-integrator-1\src\main\java\Integrador\Pasteleria\resource\PedidoResource.java. Using fallback presentation compiler.
2025.10.03 23:39:41 WARN  no build target for: C:\Users\alexm\OneDrive\Documentos\ProyectosGit\git-integrator-1\src\main\java\Integrador\Pasteleria\resource\PedidoResource.java
2025.10.03 23:39:41 INFO  no build target found for C:\Users\alexm\OneDrive\Documentos\ProyectosGit\git-integrator-1\src\main\java\Integrador\Pasteleria\resource\PedidoResource.java. Using fallback presentation compiler.
2025.10.03 23:39:41 WARN  no build target for: C:\Users\alexm\OneDrive\Documentos\ProyectosGit\git-integrator-1\src\main\java\Integrador\Pasteleria\resource\PedidoResource.java
2025.10.03 23:39:42 INFO  no build target found for C:\Users\alexm\OneDrive\Documentos\ProyectosGit\git-integrator-1\src\main\java\Integrador\Pasteleria\resource\PedidoResource.java. Using fallback presentation compiler.
2025.10.03 23:39:41 WARN  no build target for: C:\Users\alexm\OneDrive\Documentos\ProyectosGit\git-integrator-1\src\main\java\Integrador\Pasteleria\resource\PedidoResource.java
2025.10.03 23:39:41 INFO  no build target found for C:\Users\alexm\OneDrive\Documentos\ProyectosGit\git-integrator-1\src\main\java\Integrador\Pasteleria\resource\PedidoResource.java. Using fallback presentation compiler.
2025.10.03 23:39:42 INFO  no build target found for C:\Users\alexm\OneDrive\Documentos\ProyectosGit\git-integrator-1\src\main\java\Integrador\Pasteleria\resource\PedidoResource.java. Using fallback presentation compiler.
2025.10.03 23:39:42 WARN  no build target for: C:\Users\alexm\OneDrive\Documentos\ProyectosGit\git-integrator-1\src\main\java\Integrador\Pasteleria\resource\PedidoResource.java
2025.10.03 23:39:42 INFO  no build target found for C:\Users\alexm\OneDrive\Documentos\ProyectosGit\git-integrator-1\src\main\java\Integrador\Pasteleria\resource\PedidoResource.java. Using fallback presentation compiler.
2025.10.03 23:39:42 WARN  no build target for: C:\Users\alexm\OneDrive\Documentos\ProyectosGit\git-integrator-1\src\main\java\Integrador\Pasteleria\resource\PedidoResource.java
2025.10.03 23:39:43 INFO  no build target found for C:\Users\alexm\OneDrive\Documentos\ProyectosGit\git-integrator-1\src\main\java\Integrador\Pasteleria\resource\PedidoResource.java. Using fallback presentation compiler.
2025.10.03 23:39:43 WARN  no build target for: C:\Users\alexm\OneDrive\Documentos\ProyectosGit\git-integrator-1\src\main\java\Integrador\Pasteleria\resource\PedidoResource.java
2025.10.03 23:39:42 INFO  no build target found for C:\Users\alexm\OneDrive\Documentos\ProyectosGit\git-integrator-1\src\main\java\Integrador\Pasteleria\resource\PedidoResource.java. Using fallback presentation compiler.
2025.10.03 23:39:43 WARN  no build target for: C:\Users\alexm\OneDrive\Documentos\ProyectosGit\git-integrator-1\src\main\java\Integrador\Pasteleria\resource\PedidoResource.java
2025.10.03 23:39:43 INFO  no build target found for C:\Users\alexm\OneDrive\Documentos\ProyectosGit\git-integrator-1\src\main\java\Integrador\Pasteleria\resource\PedidoResource.java. Using fallback presentation compiler.
2025.10.03 23:39:43 INFO  no build target found for C:\Users\alexm\OneDrive\Documentos\ProyectosGit\git-integrator-1\src\main\java\Integrador\Pasteleria\resource\PedidoResource.java. Using fallback presentation compiler.
2025.10.03 23:39:42 WARN  no build target for: C:\Users\alexm\OneDrive\Documentos\ProyectosGit\git-integrator-1\src\main\java\Integrador\Pasteleria\resource\PedidoResource.java
2025.10.03 23:39:43 INFO  no build target found for C:\Users\alexm\OneDrive\Documentos\ProyectosGit\git-integrator-1\src\main\java\Integrador\Pasteleria\resource\PedidoResource.java. Using fallback presentation compiler.
2025.10.03 23:39:43 WARN  no build target for: C:\Users\alexm\OneDrive\Documentos\ProyectosGit\git-integrator-1\src\main\java\Integrador\Pasteleria\resource\PedidoResource.java
2025.10.03 23:39:43 INFO  no build target found for C:\Users\alexm\OneDrive\Documentos\ProyectosGit\git-integrator-1\src\main\java\Integrador\Pasteleria\resource\PedidoResource.java. Using fallback presentation compiler.
2025.10.03 23:39:43 WARN  no build target for: C:\Users\alexm\OneDrive\Documentos\ProyectosGit\git-integrator-1\src\main\java\Integrador\Pasteleria\resource\PedidoResource.java
2025.10.03 23:39:43 INFO  no build target found for C:\Users\alexm\OneDrive\Documentos\ProyectosGit\git-integrator-1\src\main\java\Integrador\Pasteleria\resource\PedidoResource.java. Using fallback presentation compiler.
2025.10.03 23:39:43 WARN  no build target for: C:\Users\alexm\OneDrive\Documentos\ProyectosGit\git-integrator-1\src\main\java\Integrador\Pasteleria\resource\PedidoResource.java
2025.10.03 23:39:44 INFO  no build target found for C:\Users\alexm\OneDrive\Documentos\ProyectosGit\git-integrator-1\src\main\java\Integrador\Pasteleria\resource\PedidoResource.java. Using fallback presentation compiler.
2025.10.03 23:39:43 WARN  no build target for: C:\Users\alexm\OneDrive\Documentos\ProyectosGit\git-integrator-1\src\main\java\Integrador\Pasteleria\resource\PedidoResource.java
2025.10.03 23:39:44 INFO  no build target found for C:\Users\alexm\OneDrive\Documentos\ProyectosGit\git-integrator-1\src\main\java\Integrador\Pasteleria\resource\PedidoResource.java. Using fallback presentation compiler.
2025.10.03 23:39:44 WARN  no build target for: C:\Users\alexm\OneDrive\Documentos\ProyectosGit\git-integrator-1\src\main\java\Integrador\Pasteleria\resource\PedidoResource.java
2025.10.03 23:39:44 INFO  no build target found for C:\Users\alexm\OneDrive\Documentos\ProyectosGit\git-integrator-1\src\main\java\Integrador\Pasteleria\resource\PedidoResource.java. Using fallback presentation compiler.
2025.10.03 23:39:44 INFO  no build target found for C:\Users\alexm\OneDrive\Documentos\ProyectosGit\git-integrator-1\src\main\java\Integrador\Pasteleria\resource\PedidoResource.java. Using fallback presentation compiler.
2025.10.03 23:39:45 INFO  no build target found for C:\Users\alexm\OneDrive\Documentos\ProyectosGit\git-integrator-1\src\main\java\Integrador\Pasteleria\resource\PedidoResource.java. Using fallback presentation compiler.
2025.10.03 23:39:45 INFO  no build target found for C:\Users\alexm\OneDrive\Documentos\ProyectosGit\git-integrator-1\src\main\java\Integrador\Pasteleria\resource\PedidoResource.java. Using fallback presentation compiler.
2025.10.03 23:39:47 INFO  no build target found for C:\Users\alexm\OneDrive\Documentos\ProyectosGit\git-integrator-1\src\main\java\Integrador\Pasteleria\resource\PedidoResource.java. Using fallback presentation compiler.
2025.10.03 23:39:51 INFO  no build target found for C:\Users\alexm\OneDrive\Documentos\ProyectosGit\git-integrator-1\src\main\java\Integrador\Pasteleria\resource\PedidoResource.java. Using fallback presentation compiler.
2025.10.03 23:39:52 INFO  no build target found for C:\Users\alexm\OneDrive\Documentos\ProyectosGit\git-integrator-1\src\main\java\Integrador\Pasteleria\resource\PedidoResource.java. Using fallback presentation compiler.
2025.10.03 23:39:52 INFO  no build target found for C:\Users\alexm\OneDrive\Documentos\ProyectosGit\git-integrator-1\src\main\java\Integrador\Pasteleria\resource\PedidoResource.java. Using fallback presentation compiler.
2025.10.03 23:43:15 INFO  no build target found for C:\Users\alexm\OneDrive\Documentos\ProyectosGit\git-integrator-1\src\main\java\Integrador\Pasteleria\dto\DatosPedidoDTO.java. Using fallback presentation compiler.
2025.10.03 23:43:15 WARN  no build target for: C:\Users\alexm\OneDrive\Documentos\ProyectosGit\git-integrator-1\src\main\java\Integrador\Pasteleria\dto\DatosPedidoDTO.java
2025.10.03 23:43:15 INFO  no build target found for C:\Users\alexm\OneDrive\Documentos\ProyectosGit\git-integrator-1\src\main\java\Integrador\Pasteleria\dto\DatosPedidoDTO.java. Using fallback presentation compiler.
2025.10.03 23:43:15 INFO  no build target found for C:\Users\alexm\OneDrive\Documentos\ProyectosGit\git-integrator-1\src\main\java\Integrador\Pasteleria\dto\DatosPedidoDTO.java. Using fallback presentation compiler.
2025.10.03 23:43:20 INFO  no build target found for C:\Users\alexm\OneDrive\Documentos\ProyectosGit\git-integrator-1\src\main\java\Integrador\Pasteleria\dto\DatosPedidoDTO.java. Using fallback presentation compiler.
2025.10.03 23:43:27 INFO  no build target found for C:\Users\alexm\OneDrive\Documentos\ProyectosGit\git-integrator-1\src\main\java\Integrador\Pasteleria\dto\DetallePedidoDTO.java. Using fallback presentation compiler.
2025.10.03 23:43:27 WARN  no build target for: C:\Users\alexm\OneDrive\Documentos\ProyectosGit\git-integrator-1\src\main\java\Integrador\Pasteleria\dto\DetallePedidoDTO.java
2025.10.03 23:43:27 INFO  no build target found for C:\Users\alexm\OneDrive\Documentos\ProyectosGit\git-integrator-1\src\main\java\Integrador\Pasteleria\dto\DetallePedidoDTO.java. Using fallback presentation compiler.
2025.10.03 23:43:27 INFO  no build target found for C:\Users\alexm\OneDrive\Documentos\ProyectosGit\git-integrator-1\src\main\java\Integrador\Pasteleria\dto\DetallePedidoDTO.java. Using fallback presentation compiler.
2025.10.03 23:43:27 INFO  no build target found for C:\Users\alexm\OneDrive\Documentos\ProyectosGit\git-integrator-1\src\main\java\Integrador\Pasteleria\dto\CrearPedidoRequestDTO.java. Using fallback presentation compiler.
2025.10.03 23:43:28 WARN  no build target for: C:\Users\alexm\OneDrive\Documentos\ProyectosGit\git-integrator-1\src\main\java\Integrador\Pasteleria\dto\CrearPedidoRequestDTO.java
2025.10.03 23:43:28 INFO  no build target found for C:\Users\alexm\OneDrive\Documentos\ProyectosGit\git-integrator-1\src\main\java\Integrador\Pasteleria\dto\CrearPedidoRequestDTO.java. Using fallback presentation compiler.
2025.10.03 23:43:28 INFO  no build target found for C:\Users\alexm\OneDrive\Documentos\ProyectosGit\git-integrator-1\src\main\java\Integrador\Pasteleria\dto\CrearPedidoRequestDTO.java. Using fallback presentation compiler.
2025.10.03 23:43:29 INFO  no build target found for C:\Users\alexm\OneDrive\Documentos\ProyectosGit\git-integrator-1\src\main\java\Integrador\Pasteleria\dto\CrearPedidoRequestDTO.java. Using fallback presentation compiler.
2025.10.03 23:43:39 INFO  no build target found for C:\Users\alexm\OneDrive\Documentos\ProyectosGit\git-integrator-1\src\main\java\Integrador\Pasteleria\service\PedidoService.java. Using fallback presentation compiler.
2025.10.03 23:43:39 WARN  no build target for: C:\Users\alexm\OneDrive\Documentos\ProyectosGit\git-integrator-1\src\main\java\Integrador\Pasteleria\service\PedidoService.java
2025.10.03 23:43:39 INFO  no build target found for C:\Users\alexm\OneDrive\Documentos\ProyectosGit\git-integrator-1\src\main\java\Integrador\Pasteleria\service\PedidoService.java. Using fallback presentation compiler.
2025.10.03 23:43:39 INFO  no build target found for C:\Users\alexm\OneDrive\Documentos\ProyectosGit\git-integrator-1\src\main\java\Integrador\Pasteleria\service\PedidoService.java. Using fallback presentation compiler.
2025.10.03 23:43:39 INFO  no build target found for C:\Users\alexm\OneDrive\Documentos\ProyectosGit\git-integrator-1\src\main\java\Integrador\Pasteleria\service\PedidoService.java. Using fallback presentation compiler.
2025.10.03 23:43:39 INFO  no build target found for C:\Users\alexm\OneDrive\Documentos\ProyectosGit\git-integrator-1\src\main\java\Integrador\Pasteleria\service\PedidoService.java. Using fallback presentation compiler.
2025.10.03 23:44:07 INFO  no build target found for C:\Users\alexm\OneDrive\Documentos\ProyectosGit\git-integrator-1\src\main\java\Integrador\Pasteleria\service\PedidoService.java. Using fallback presentation compiler.
2025.10.03 23:44:07 INFO  no build target found for C:\Users\alexm\OneDrive\Documentos\ProyectosGit\git-integrator-1\src\main\java\Integrador\Pasteleria\service\PedidoService.java. Using fallback presentation compiler.
2025.10.03 23:44:09 INFO  no build target found for C:\Users\alexm\OneDrive\Documentos\ProyectosGit\git-integrator-1\src\main\java\Integrador\Pasteleria\service\PedidoService.java. Using fallback presentation compiler.
2025.10.03 23:44:13 INFO  no build target found for C:\Users\alexm\OneDrive\Documentos\ProyectosGit\git-integrator-1\src\main\java\Integrador\Pasteleria\service\PedidoService.java. Using fallback presentation compiler.
2025.10.03 23:44:13 INFO  no build target found for C:\Users\alexm\OneDrive\Documentos\ProyectosGit\git-integrator-1\src\main\java\Integrador\Pasteleria\service\PedidoService.java. Using fallback presentation compiler.
2025.10.03 23:44:13 INFO  no build target found for C:\Users\alexm\OneDrive\Documentos\ProyectosGit\git-integrator-1\src\main\java\Integrador\Pasteleria\service\PedidoService.java. Using fallback presentation compiler.
2025.10.03 23:44:16 INFO  no build target found for C:\Users\alexm\OneDrive\Documentos\ProyectosGit\git-integrator-1\src\main\java\Integrador\Pasteleria\service\PedidoService.java. Using fallback presentation compiler.
2025.10.03 23:44:17 INFO  no build target found for C:\Users\alexm\OneDrive\Documentos\ProyectosGit\git-integrator-1\src\main\java\Integrador\Pasteleria\service\PedidoService.java. Using fallback presentation compiler.
2025.10.03 23:44:22 INFO  no build target found for C:\Users\alexm\OneDrive\Documentos\ProyectosGit\git-integrator-1\src\main\java\Integrador\Pasteleria\service\PedidoService.java. Using fallback presentation compiler.
2025.10.03 23:44:22 INFO  no build target found for C:\Users\alexm\OneDrive\Documentos\ProyectosGit\git-integrator-1\src\main\java\Integrador\Pasteleria\service\PedidoService.java. Using fallback presentation compiler.
2025.10.03 23:44:23 INFO  no build target found for C:\Users\alexm\OneDrive\Documentos\ProyectosGit\git-integrator-1\src\main\java\Integrador\Pasteleria\service\PedidoService.java. Using fallback presentation compiler.
2025.10.03 23:44:25 INFO  no build target found for C:\Users\alexm\OneDrive\Documentos\ProyectosGit\git-integrator-1\src\main\java\Integrador\Pasteleria\service\PedidoService.java. Using fallback presentation compiler.
2025.10.03 23:44:25 INFO  no build target found for C:\Users\alexm\OneDrive\Documentos\ProyectosGit\git-integrator-1\src\main\java\Integrador\Pasteleria\service\PedidoService.java. Using fallback presentation compiler.
2025.10.03 23:44:36 INFO  no build target found for C:\Users\alexm\OneDrive\Documentos\ProyectosGit\git-integrator-1\src\main\java\Integrador\Pasteleria\service\ProductoService.java. Using fallback presentation compiler.
2025.10.03 23:44:36 WARN  no build target for: C:\Users\alexm\OneDrive\Documentos\ProyectosGit\git-integrator-1\src\main\java\Integrador\Pasteleria\service\ProductoService.java
2025.10.03 23:44:36 INFO  no build target found for C:\Users\alexm\OneDrive\Documentos\ProyectosGit\git-integrator-1\src\main\java\Integrador\Pasteleria\service\ProductoService.java. Using fallback presentation compiler.
2025.10.03 23:44:36 INFO  no build target found for C:\Users\alexm\OneDrive\Documentos\ProyectosGit\git-integrator-1\src\main\java\Integrador\Pasteleria\service\ProductoService.java. Using fallback presentation compiler.
2025.10.03 23:44:36 INFO  no build target found for C:\Users\alexm\OneDrive\Documentos\ProyectosGit\git-integrator-1\src\main\java\Integrador\Pasteleria\service\ProductoService.java. Using fallback presentation compiler.
2025.10.03 23:44:39 INFO  no build target found for C:\Users\alexm\OneDrive\Documentos\ProyectosGit\git-integrator-1\src\main\java\Integrador\Pasteleria\service\ProductoService.java. Using fallback presentation compiler.
2025.10.03 23:44:47 INFO  no build target found for C:\Users\alexm\OneDrive\Documentos\ProyectosGit\git-integrator-1\src\main\java\Integrador\Pasteleria\resource\PedidoResource.java. Using fallback presentation compiler.
2025.10.03 23:44:47 WARN  no build target for: C:\Users\alexm\OneDrive\Documentos\ProyectosGit\git-integrator-1\src\main\java\Integrador\Pasteleria\resource\PedidoResource.java
2025.10.03 23:44:47 INFO  no build target found for C:\Users\alexm\OneDrive\Documentos\ProyectosGit\git-integrator-1\src\main\java\Integrador\Pasteleria\resource\PedidoResource.java. Using fallback presentation compiler.
2025.10.03 23:44:47 INFO  no build target found for C:\Users\alexm\OneDrive\Documentos\ProyectosGit\git-integrator-1\src\main\java\Integrador\Pasteleria\resource\PedidoResource.java. Using fallback presentation compiler.
2025.10.03 23:44:47 INFO  no build target found for C:\Users\alexm\OneDrive\Documentos\ProyectosGit\git-integrator-1\src\main\java\Integrador\Pasteleria\resource\PedidoResource.java. Using fallback presentation compiler.
2025.10.03 23:44:49 INFO  no build target found for C:\Users\alexm\OneDrive\Documentos\ProyectosGit\git-integrator-1\src\main\java\Integrador\Pasteleria\resource\PedidoResource.java. Using fallback presentation compiler.
2025.10.03 23:58:47 WARN  no build target for: C:\Users\alexm\OneDrive\Documentos\ProyectosGit\git-integrator-1\src\main\java\Integrador\Pasteleria\resource\PedidoResource.java
2025.10.03 23:58:47 INFO  no build target found for C:\Users\alexm\OneDrive\Documentos\ProyectosGit\git-integrator-1\src\main\java\Integrador\Pasteleria\resource\PedidoResource.java. Using fallback presentation compiler.
2025.10.03 23:58:47 WARN  no build target for: C:\Users\alexm\OneDrive\Documentos\ProyectosGit\git-integrator-1\src\main\java\Integrador\Pasteleria\resource\PedidoResource.java
2025.10.03 23:58:47 INFO  no build target found for C:\Users\alexm\OneDrive\Documentos\ProyectosGit\git-integrator-1\src\main\java\Integrador\Pasteleria\resource\PedidoResource.java. Using fallback presentation compiler.
2025.10.03 23:58:48 INFO  no build target found for C:\Users\alexm\OneDrive\Documentos\ProyectosGit\git-integrator-1\src\main\java\Integrador\Pasteleria\resource\PedidoResource.java. Using fallback presentation compiler.
2025.10.03 23:58:56 INFO  no build target found for C:\Users\alexm\OneDrive\Documentos\ProyectosGit\git-integrator-1\src\main\java\Integrador\Pasteleria\dto\ProveedorDTO.java. Using fallback presentation compiler.
2025.10.03 23:58:56 WARN  no build target for: C:\Users\alexm\OneDrive\Documentos\ProyectosGit\git-integrator-1\src\main\java\Integrador\Pasteleria\dto\ProveedorDTO.java
2025.10.03 23:58:56 INFO  no build target found for C:\Users\alexm\OneDrive\Documentos\ProyectosGit\git-integrator-1\src\main\java\Integrador\Pasteleria\dto\ProveedorDTO.java. Using fallback presentation compiler.
2025.10.03 23:58:58 WARN  no build target for: C:\Users\alexm\OneDrive\Documentos\ProyectosGit\git-integrator-1\src\main\java\Integrador\Pasteleria\dto\ProveedorDTO.java
2025.10.03 23:58:58 INFO  no build target found for C:\Users\alexm\OneDrive\Documentos\ProyectosGit\git-integrator-1\src\main\java\Integrador\Pasteleria\dto\ProveedorDTO.java. Using fallback presentation compiler.
2025.10.03 23:58:58 WARN  no build target for: C:\Users\alexm\OneDrive\Documentos\ProyectosGit\git-integrator-1\src\main\java\Integrador\Pasteleria\dto\ProveedorDTO.java
2025.10.03 23:58:58 INFO  no build target found for C:\Users\alexm\OneDrive\Documentos\ProyectosGit\git-integrator-1\src\main\java\Integrador\Pasteleria\dto\ProveedorDTO.java. Using fallback presentation compiler.
2025.10.03 23:58:58 WARN  no build target for: C:\Users\alexm\OneDrive\Documentos\ProyectosGit\git-integrator-1\src\main\java\Integrador\Pasteleria\dto\ProveedorDTO.java
2025.10.03 23:58:58 INFO  no build target found for C:\Users\alexm\OneDrive\Documentos\ProyectosGit\git-integrator-1\src\main\java\Integrador\Pasteleria\dto\ProveedorDTO.java. Using fallback presentation compiler.
2025.10.03 23:58:58 WARN  no build target for: C:\Users\alexm\OneDrive\Documentos\ProyectosGit\git-integrator-1\src\main\java\Integrador\Pasteleria\dto\ProveedorDTO.java
2025.10.03 23:58:58 INFO  no build target found for C:\Users\alexm\OneDrive\Documentos\ProyectosGit\git-integrator-1\src\main\java\Integrador\Pasteleria\dto\ProveedorDTO.java. Using fallback presentation compiler.
2025.10.03 23:59:01 INFO  no build target found for C:\Users\alexm\OneDrive\Documentos\ProyectosGit\git-integrator-1\src\main\java\Integrador\Pasteleria\resource\PedidoResource.java. Using fallback presentation compiler.
2025.10.03 23:59:01 WARN  no build target for: C:\Users\alexm\OneDrive\Documentos\ProyectosGit\git-integrator-1\src\main\java\Integrador\Pasteleria\resource\PedidoResource.java
2025.10.03 23:59:01 INFO  no build target found for C:\Users\alexm\OneDrive\Documentos\ProyectosGit\git-integrator-1\src\main\java\Integrador\Pasteleria\resource\PedidoResource.java. Using fallback presentation compiler.
2025.10.03 23:59:01 INFO  no build target found for C:\Users\alexm\OneDrive\Documentos\ProyectosGit\git-integrator-1\src\main\java\Integrador\Pasteleria\resource\PedidoResource.java. Using fallback presentation compiler.
2025.10.03 23:59:01 INFO  no build target found for C:\Users\alexm\OneDrive\Documentos\ProyectosGit\git-integrator-1\src\main\java\Integrador\Pasteleria\Repositorio\DetallePedidoRepositorio.java. Using fallback presentation compiler.
2025.10.03 23:59:02 WARN  no build target for: C:\Users\alexm\OneDrive\Documentos\ProyectosGit\git-integrator-1\src\main\java\Integrador\Pasteleria\Repositorio\DetallePedidoRepositorio.java
2025.10.03 23:59:02 INFO  no build target found for C:\Users\alexm\OneDrive\Documentos\ProyectosGit\git-integrator-1\src\main\java\Integrador\Pasteleria\Repositorio\DetallePedidoRepositorio.java. Using fallback presentation compiler.
2025.10.03 23:59:04 INFO  no build target found for C:\Users\alexm\OneDrive\Documentos\ProyectosGit\git-integrator-1\src\main\java\Integrador\Pasteleria\Repositorio\PedidoRepositorio.java. Using fallback presentation compiler.
2025.10.03 23:59:04 WARN  no build target for: C:\Users\alexm\OneDrive\Documentos\ProyectosGit\git-integrator-1\src\main\java\Integrador\Pasteleria\Repositorio\PedidoRepositorio.java
2025.10.03 23:59:04 INFO  no build target found for C:\Users\alexm\OneDrive\Documentos\ProyectosGit\git-integrator-1\src\main\java\Integrador\Pasteleria\Repositorio\PedidoRepositorio.java. Using fallback presentation compiler.
2025.10.03 23:59:04 INFO  no build target found for C:\Users\alexm\OneDrive\Documentos\ProyectosGit\git-integrator-1\src\main\java\Integrador\Pasteleria\Repositorio\PedidoRepositorio.java. Using fallback presentation compiler.
2025.10.03 23:59:06 INFO  Shutting down server
2025.10.03 23:59:06 INFO  shutting down Metals
2025.10.03 23:59:06 INFO  Exiting server
